# Blender 5.0.1
# www.blender.org
mtllib tent.mtl
o 01
v 2.308234 0.007400 -1.244899
v 2.176362 0.126110 -1.244899
v 2.355331 0.007400 -1.238055
v 2.190491 0.143980 -1.238055
v 2.390654 0.007400 -1.221630
v 2.199910 0.158021 -1.221630
v 2.402428 0.007400 -1.198361
v 2.204620 0.163127 -1.198361
v 2.390654 0.007400 -1.175092
v 2.199910 0.158021 -1.175092
v 2.355331 0.007400 -1.158667
v 0.009890 2.306288 1.484409
v 2.070393 0.253755 -1.175092
v 2.060974 0.240990 -1.158667
v 2.075103 0.258860 -1.198361
v 2.070393 0.253755 -1.221630
v 2.060974 0.240990 -1.238055
v 2.046844 0.221843 -1.244899
v 2.032715 0.203973 -1.238055
v 2.162233 0.106963 -1.238055
v 2.261137 0.007400 -1.238055
v 2.152813 0.094198 -1.221630
v 2.225814 0.007400 -1.221630
v 2.148103 0.089093 -1.198361
v 2.211685 0.007400 -1.198361
v 2.152813 0.094198 -1.175092
v 2.225814 0.007400 -1.175092
v 2.162233 0.106963 -1.158667
v 2.261137 0.007400 -1.158667
v 2.176362 0.126110 -1.151823
v 2.308234 0.007400 -1.151823
v 2.190491 0.143980 -1.158667
v -0.008949 2.336922 1.495359
v -0.011304 2.326711 1.491253
v 2.046844 0.221843 -1.151823
v 2.032715 0.203973 -1.158667
v 2.023296 0.189932 -1.175092
v 2.018586 0.184826 -1.198361
v 2.023296 0.189932 -1.221630
v 1.898488 0.293325 -1.218892
v 1.893778 0.288219 -1.195623
v 1.898488 0.293325 -1.172355
v 1.907907 0.307366 -1.155929
v 1.922037 0.325236 -1.150454
v 0.000470 2.326711 1.491253
v 1.804294 0.446499 -1.154561
v 1.790165 0.428628 -1.149086
v 1.776035 0.409482 -1.154561
v 1.766616 0.396717 -1.172355
v 1.761906 0.391611 -1.195623
v 1.766616 0.396717 -1.217524
v 1.907907 0.307366 -1.235317
v 1.922037 0.325236 -1.242161
v 1.936166 0.343106 -1.235317
v 1.945585 0.357147 -1.218892
v 1.950295 0.362253 -1.195623
v 1.945585 0.357147 -1.172355
v 1.936166 0.343106 -1.155929
v 1.816068 0.460540 -1.172355
v 0.009890 2.326711 1.491253
v 0.021664 2.326711 1.491253
v 1.818423 0.464369 -1.195623
v 1.816068 0.460540 -1.217524
v 1.804294 0.446499 -1.235317
v 1.790165 0.428628 -1.240793
v 1.776035 0.409482 -1.235317
v 1.622970 0.496280 -1.221630
v 1.618260 0.491174 -1.198361
v 1.622970 0.496280 -1.175092
v 1.632389 0.509045 -1.158667
v 1.646518 0.526915 -1.151823
v -0.046627 2.354792 -1.287331
v 1.500517 0.648178 -1.151823
v 1.363935 0.794970 -1.160036
v 1.486387 0.630307 -1.158667
v 1.474613 0.617543 -1.175092
v 1.472258 0.612437 -1.198361
v 1.474613 0.617543 -1.221630
v 1.632389 0.509045 -1.238055
v 1.646518 0.526915 -1.244899
v 1.663002 0.544785 -1.238055
v 1.672421 0.558826 -1.221630
v 1.677131 0.562656 -1.198361
v 1.672421 0.558826 -1.175092
v 1.663002 0.544785 -1.158667
v 1.526420 0.678813 -1.175092
v 1.514646 0.666048 -1.158667
v 1.531130 0.683918 -1.198361
v 1.526420 0.678813 -1.221630
v 1.514646 0.666048 -1.238055
v 1.500517 0.648178 -1.244899
v 1.486387 0.630307 -1.238055
v 1.323902 0.749017 -1.220261
v 1.321547 0.745188 -1.198361
v 1.323902 0.749017 -1.176461
v 1.335676 0.761782 -1.160036
v 1.349806 0.778376 -1.154561
v 0.045213 2.356069 -1.287331
v 1.206159 0.883045 -1.161405
v -0.046627 2.303734 -1.298281
v 1.192030 0.867727 -1.166880
v 1.182611 0.854963 -1.181936
v 1.177901 0.851133 -1.203836
v 1.182611 0.854963 -1.225736
v 1.335676 0.761782 -1.236686
v 1.349806 0.778376 -1.243530
v 1.363935 0.794970 -1.236686
v 1.375709 0.806458 -1.220261
v 1.378064 0.811563 -1.198361
v 1.375709 0.806458 -1.176461
v -0.027788 2.284588 -1.302387
v 1.232063 0.909850 -1.181936
v 1.220288 0.898362 -1.166880
v 1.236772 0.914956 -1.203836
v 1.232063 0.909850 -1.225736
v 1.220288 0.898362 -1.240793
v 1.206159 0.883045 -1.246268
v 1.192030 0.867727 -1.240793
v 1.062513 0.990267 -1.218893
v 1.060158 0.985161 -1.198361
v 1.062513 0.990267 -1.177830
v 1.074287 1.000478 -1.162773
v 1.088416 1.015796 -1.157298
v -0.027788 2.329263 -1.292806
v 0.980092 1.147270 -1.153192
v -0.001884 2.329263 -1.292806
v 0.965963 1.133229 -1.157298
v 0.954189 1.123018 -1.172355
v 0.951834 1.119188 -1.191517
v 0.954189 1.123018 -1.212049
v 1.074287 1.000478 -1.233949
v 1.088416 1.015796 -1.239424
v 1.102545 1.031113 -1.233949
v 1.111965 1.041324 -1.218893
v 1.116674 1.045154 -1.198361
v 1.111965 1.041324 -1.177830
v 1.102545 1.031113 -1.162773
v 1.003641 1.171522 -1.172355
v 0.991867 1.161311 -1.157298
v 1.005996 1.175352 -1.191517
v 1.003641 1.171522 -1.212049
v 0.991867 1.161311 -1.225736
v 0.980092 1.147270 -1.231211
v 0.965963 1.133229 -1.225736
v 0.819962 1.227686 -1.217524
v 0.815252 1.223857 -1.198361
v 0.819962 1.227686 -1.179199
v 0.829381 1.237898 -1.165511
v 0.841156 1.250663 -1.161405
v 0.730477 1.402560 -1.164142
v 0.718703 1.389796 -1.158667
v 0.546798 1.551905 -1.173724
v 0.704574 1.377031 -1.164142
v 0.695154 1.366820 -1.176461
v 0.692799 1.364267 -1.194255
v 0.695154 1.366820 -1.213418
v 0.829381 1.237898 -1.231211
v 0.841156 1.250663 -1.236686
v 0.855285 1.264703 -1.231211
v 0.864704 1.274915 -1.217524
v 0.869414 1.278744 -1.198361
v 0.864704 1.274915 -1.179199
v 0.855285 1.264703 -1.165511
v 0.739897 1.411495 -1.176461
v 0.026374 2.329263 -1.292806
v 0.744606 1.415325 -1.194255
v 0.739897 1.411495 -1.213418
v 0.730477 1.402560 -1.225736
v 0.718703 1.389796 -1.231211
v 0.704574 1.377031 -1.225736
v 0.513830 1.519994 -1.220261
v 0.511475 1.517440 -1.203836
v 0.513830 1.519994 -1.186042
v 0.523249 1.528929 -1.173724
v 0.535024 1.540417 -1.169617
v 0.370183 1.767625 -1.172355
v 0.358409 1.757413 -1.168249
v 0.045213 2.303734 -1.298281
v 0.346635 1.747202 -1.172355
v 0.337215 1.739543 -1.183305
v 0.334861 1.736990 -1.199730
v 0.337215 1.739543 -1.214786
v 0.523249 1.528929 -1.232580
v 0.535024 1.540417 -1.236686
v 0.546798 1.551905 -1.232580
v 0.556217 1.559563 -1.220261
v 0.560927 1.563393 -1.202468
v 0.556217 1.559563 -1.186042
v 0.026374 2.284588 -1.302387
v 0.379603 1.775284 -1.183305
v 0.000470 2.278205 -1.303756
v 0.381958 1.777837 -1.199730
v 0.379603 1.775284 -1.214786
v 0.370183 1.767625 -1.225736
v 0.358409 1.757413 -1.229843
v 0.346635 1.747202 -1.225736
v 0.151181 1.971857 -1.212049
v 0.148827 1.969304 -1.198361
v 0.151181 1.971857 -1.183305
v 0.160601 1.978239 -1.172355
v 0.170020 1.987174 -1.168249
v 0.000470 2.215659 -1.177830
v -0.011304 2.208000 -1.173724
v -0.053691 2.329263 -1.292806
v -0.020723 2.200342 -1.177830
v -0.030143 2.193960 -1.187411
v -0.032498 2.191407 -1.199730
v -0.030143 2.193960 -1.213418
v 0.160601 1.978239 -1.222999
v 0.170020 1.987174 -1.227105
v 0.181795 1.996110 -1.222999
v 0.191214 2.003768 -1.212049
v 0.193569 2.006321 -1.198361
v 0.191214 2.003768 -1.183305
v 0.181795 1.996110 -1.172355
v 0.007535 2.222041 -1.187411
v -0.027788 2.373939 -1.283225
v 0.009890 2.223318 -1.199730
v 0.007535 2.222041 -1.213418
v 0.000470 2.215659 -1.222999
v -0.011304 2.208000 -1.227105
v -0.020723 2.200342 -1.222999
v -0.178499 2.405850 -1.213418
v -0.178499 2.402021 -1.201099
v -0.176144 2.403297 -1.188780
v -0.166725 2.407127 -1.180568
v -0.157305 2.413509 -1.177830
v -0.001884 2.381598 -1.281856
v 0.024019 2.373939 -1.283225
v -0.260919 2.615188 -1.147717
v -0.270339 2.617741 -1.154561
v -0.275048 2.620294 -1.165511
v -0.272693 2.620294 -1.176461
v -0.171434 2.412233 -1.221630
v -0.162015 2.418615 -1.225737
v -0.152596 2.426274 -1.222999
v -0.143176 2.430103 -1.214787
v -0.138466 2.430103 -1.202468
v -0.140821 2.427550 -1.190149
v -0.147886 2.421168 -1.181937
v -0.235016 2.607530 -1.160036
v -0.239725 2.608806 -1.150455
v -0.232661 2.607530 -1.170986
v -0.237371 2.610082 -1.181937
v 0.024019 2.343304 -1.143611
v -0.001884 2.349686 -1.142242
v -0.265629 2.619017 -1.184674
v -0.025433 2.343304 -1.143611
v -0.044272 2.324157 -1.147717
v -0.256209 2.616465 -1.190149
v -0.253855 2.615188 -1.179199
v -0.253855 2.613912 -1.168249
v -0.051337 2.299905 -1.153192
v -0.044272 2.274376 -1.158667
v -0.025433 2.256505 -1.162774
v -0.251500 2.612635 -1.157299
v -0.251500 2.611359 -1.146349
v 0.000470 2.250124 -1.164142
v 0.024019 2.256505 -1.162774
v -0.244435 2.612635 -1.188780
v 0.042858 2.275652 -1.158667
v 0.052277 2.329263 -1.292806
v -2.264905 0.008677 1.103894
v -2.309648 0.008677 1.097050
v 0.042858 2.325434 -1.147717
v -2.177776 0.126110 1.097050
v -2.356745 0.008677 1.103894
v -2.191905 0.143980 1.103894
v -2.389713 0.008677 1.120319
v -2.034129 0.203974 1.103894
v -2.048258 0.221844 1.097050
v -1.906967 0.300984 1.094313
v -1.921096 0.320131 1.087469
v -1.775095 0.401823 1.094313
v -2.062387 0.240991 1.103894
v -2.201324 0.158021 1.120319
v -2.401487 0.008677 1.143588
v -2.206034 0.163127 1.143588
v -2.389713 0.008677 1.166857
v -2.201324 0.158021 1.166857
v -2.356745 0.008677 1.183282
v -2.191905 0.143980 1.183282
v -2.309648 0.008677 1.190126
v -2.177776 0.126110 1.190126
v -2.264905 0.008677 1.183282
v -2.163646 0.106963 1.183282
v -2.229583 0.008677 1.166857
v -2.154227 0.094199 1.166857
v -2.217808 0.008677 1.143588
v -2.149517 0.089093 1.143588
v -2.229583 0.008677 1.120319
v -2.154227 0.094199 1.120319
v 0.049922 2.299905 -1.153192
v -2.163646 0.106963 1.103894
v -2.024710 0.189933 1.120319
v 0.042858 2.299905 -1.013579
v -1.897547 0.288219 1.110738
v 0.049922 2.275652 -1.019054
v -1.765675 0.389059 1.110738
v 0.042858 2.251400 -1.024529
v -1.624384 0.496281 1.120319
v -1.636158 0.509045 1.103894
v -1.476027 0.617544 1.120319
v 0.026374 2.233530 -1.027266
v -1.325316 0.749018 1.121688
v -1.337091 0.760506 1.105263
v -1.188734 0.867728 1.129900
v -1.198154 0.879216 1.114844
v -1.061572 0.985161 1.131269
v 0.000470 2.227147 -1.028635
v -0.943829 1.106424 1.123056
v -0.953248 1.116636 1.108000
v -0.811957 1.218752 1.132638
v -0.821376 1.228963 1.117581
v -0.682439 1.346397 1.132638
v -0.023078 2.233530 -1.027266
v -0.519954 1.528929 1.136744
v -0.529373 1.539141 1.124425
v -0.345694 1.748479 1.128531
v -0.041917 2.251400 -1.023160
v -0.145531 1.973134 1.154538
v -0.154950 1.980793 1.143588
v 0.040503 2.199066 1.169594
v -0.048982 2.274376 -1.019054
v 0.210053 2.391810 1.183281
v 0.198279 2.395639 1.173700
v 0.287763 2.610083 1.175069
v -0.041917 2.298629 -1.013579
v -0.023078 2.316499 -1.009472
v 0.212408 2.390533 1.196969
v 0.290118 2.611359 1.201075
v 0.042858 2.196513 1.183282
v -0.143176 1.969305 1.170963
v -0.343339 1.744649 1.144956
v -0.517599 1.525100 1.154538
v -0.677729 1.342567 1.151800
v -0.807247 1.214923 1.151800
v -0.939119 1.102595 1.143588
v -1.059217 0.981332 1.151800
v -1.184024 0.863899 1.151800
v -1.322961 0.743912 1.143588
v -1.473673 0.612438 1.143588
v -1.619674 0.491175 1.143588
v -1.760966 0.383953 1.134007
v -1.895192 0.283114 1.134007
v -2.020000 0.184827 1.143588
v -2.024710 0.189933 1.166857
v -1.897547 0.288219 1.157276
v -1.765675 0.389059 1.157276
v -1.624384 0.496281 1.166857
v -1.476027 0.617544 1.166857
v -1.325316 0.749018 1.165488
v -1.188734 0.867728 1.173700
v -1.061572 0.985161 1.172332
v -0.943829 1.106424 1.164119
v -0.811957 1.218752 1.172332
v -0.682439 1.346397 1.170963
v -0.519954 1.528929 1.173700
v -0.345694 1.747202 1.162750
v -0.145531 1.971858 1.187388
v 0.040503 2.197789 1.198338
v 0.210053 2.393086 1.210657
v 0.280699 2.610083 1.212025
v 0.202988 2.395639 1.221607
v 0.268924 2.608806 1.216132
v 0.031084 2.205448 1.209288
v -0.154950 1.979516 1.198338
v -0.355114 1.754861 1.175069
v -0.529373 1.537864 1.186019
v -0.691859 1.356609 1.184650
v -0.821376 1.228963 1.186019
v -0.953248 1.116636 1.179175
v -1.073346 0.996649 1.188757
v -1.198154 0.879216 1.188757
v -1.337091 0.760506 1.181913
v -1.487802 0.630308 1.183282
v -1.636158 0.509045 1.183282
v -1.775095 0.401823 1.173701
v -1.906967 0.300984 1.173701
v -2.034129 0.203974 1.183282
v -2.048258 0.221844 1.190126
v -1.921096 0.320131 1.180544
v -1.789224 0.419694 1.180544
v -1.650287 0.526916 1.190126
v -1.501931 0.648178 1.190126
v -1.351220 0.778376 1.188757
v -1.212283 0.895810 1.195601
v -1.087475 1.011967 1.194232
v -0.967377 1.131953 1.184651
v -0.835505 1.243004 1.191494
v -0.705988 1.369373 1.190125
v -0.543502 1.549353 1.191494
v -0.369243 1.766349 1.179175
v -0.169080 1.989728 1.202444
v 0.019309 2.214383 1.213394
v 0.188859 2.400745 1.225713
v 0.000470 2.322881 -1.008104
v 0.177085 2.405851 1.222975
v 0.024019 2.317775 -1.009472
v 0.007535 2.224595 1.209288
v -0.180854 1.999939 1.198338
v -0.381017 1.777837 1.175069
v -0.557632 1.562117 1.186019
v -0.720117 1.383414 1.184650
v -0.849634 1.257045 1.186019
v -0.981507 1.145994 1.179175
v -1.101604 1.027284 1.188757
v -1.228767 0.912404 1.188757
v -1.367704 0.794970 1.181913
v -1.518415 0.666049 1.183282
v -1.664416 0.544786 1.183282
v -1.803353 0.438841 1.173701
v -1.935225 0.338001 1.173701
v -2.062387 0.240991 1.183282
v -2.071807 0.253755 1.166857
v -1.944645 0.352042 1.157276
v -1.815127 0.451605 1.157276
v -1.673836 0.558827 1.166857
v -1.527834 0.678813 1.166857
v -1.377123 0.807735 1.165488
v -1.238186 0.923892 1.173700
v -1.111024 1.038772 1.172332
v -0.990926 1.157482 1.164119
v -0.859054 1.267257 1.172332
v -0.729537 1.392349 1.170963
v -0.567051 1.571052 1.172332
v -0.390437 1.785496 1.162750
v -0.187918 2.007598 1.186019
v 0.000470 2.230977 1.198338
v 0.165311 2.409680 1.213394
v 0.026374 2.289693 -0.876703
v 0.160601 2.410957 1.199706
v 0.243021 2.606253 1.179175
v -0.001884 2.234806 1.183282
v -0.192628 2.011427 1.170963
v -0.392791 1.789325 1.144956
v -0.569406 1.574882 1.154538
v -0.731891 1.396178 1.151800
v -0.863764 1.271086 1.151800
v -0.995636 1.161312 1.143588
v -1.115734 1.042602 1.151800
v -1.242896 0.927721 1.151800
v -1.381833 0.811564 1.143588
v -1.532544 0.683919 1.143588
v -1.678545 0.562656 1.143588
v -1.817482 0.456711 1.134007
v -1.949354 0.357148 1.134007
v -2.076517 0.258861 1.143588
v -2.071807 0.253755 1.120319
v -1.935225 0.338001 1.094313
v -1.944645 0.352042 1.110738
v -1.815127 0.451605 1.110738
v -1.673836 0.558827 1.120319
v -1.527834 0.678813 1.120319
v -1.377123 0.807735 1.121688
v -1.238186 0.923892 1.129900
v -1.111024 1.038772 1.131269
v -0.990926 1.157482 1.123056
v -0.859054 1.267257 1.132638
v -0.729537 1.393626 1.132638
v -0.564696 1.571052 1.136744
v -0.390437 1.786772 1.128531
v -0.187918 2.008875 1.154538
v 0.000470 2.232253 1.168225
v 0.162956 2.409680 1.186019
v 0.252440 2.606253 1.168225
v 0.172375 2.405851 1.175069
v 0.002825 2.296076 -0.875334
v 0.009890 2.225871 1.157275
v -0.178499 2.001216 1.143588
v -0.381017 1.779114 1.116212
v -0.555277 1.563393 1.124425
v -0.720117 1.383414 1.118950
v -0.849634 1.257045 1.117581
v -0.981507 1.145994 1.108000
v -1.101604 1.027284 1.114844
v -1.228767 0.912404 1.114844
v -1.367704 0.794970 1.105262
v -1.518415 0.666049 1.103894
v -1.664416 0.544786 1.103894
v -1.803353 0.438841 1.094313
v -1.789224 0.419694 1.087469
v -0.020723 2.289693 -0.876703
v -1.650287 0.526916 1.097050
v -1.501931 0.648178 1.097050
v -1.351220 0.778376 1.098419
v -1.212283 0.895810 1.108000
v -1.087475 1.011967 1.109369
v -0.967377 1.131953 1.102525
v -0.835505 1.243004 1.112106
v -0.705988 1.370649 1.113475
v -0.543502 1.550629 1.118950
v -0.366888 1.767626 1.112106
v -0.166725 1.991004 1.138112
v 0.021664 2.215660 1.154538
v 0.186504 2.400745 1.170963
v -0.037207 2.271823 -0.879440
v -0.044272 2.248847 -0.884915
v 0.033438 2.206724 1.157275
v -0.037207 2.225871 -0.889022
v -0.355114 1.757414 1.116212
v -0.018369 2.209277 -0.891759
v -0.691859 1.356609 1.118950
v 0.005180 2.202895 -0.893128
v 0.028729 2.209277 -0.893128
v -1.073346 0.996649 1.114844
v 0.045213 2.225871 -0.889022
v 0.052277 2.250124 -0.884915
v -1.487802 0.630308 1.103894
v 0.278344 2.608806 1.166856
v 0.264215 2.607530 1.164119
v 0.056987 2.216936 -0.748039
v 0.266570 2.607530 1.176437
v 0.266570 2.608806 1.190125
v 0.052277 2.195236 -0.750777
v 0.240666 2.606253 1.191494
v 0.245376 2.606253 1.205182
v 0.268924 2.608806 1.202444
v 0.035793 2.178642 -0.754883
v 0.012245 2.172260 -0.754883
v -0.011304 2.177366 -0.754883
v -0.027788 2.193960 -0.752146
v 0.292473 2.611359 1.187388
v 0.254795 2.607530 1.213394
v 2.275266 0.009953 1.103894
v -0.034853 2.216936 -0.748039
v 2.322363 0.009953 1.097050
v 2.176362 0.126110 1.097050
v 2.369460 0.009953 1.103894
v 2.190491 0.143980 1.103894
v 2.404783 0.009953 1.120319
v 2.199910 0.158021 1.120319
v 2.416558 0.009953 1.143588
v 2.204620 0.163127 1.143588
v 2.404783 0.009953 1.166857
v 2.199910 0.158021 1.166857
v 2.369460 0.009953 1.183282
v 2.190491 0.143980 1.183282
v 2.322363 0.009953 1.190126
v 2.176362 0.126110 1.190126
v 2.275266 0.009953 1.183282
v 2.162233 0.106963 1.183282
v 2.242298 0.008677 1.166857
v 2.152813 0.094199 1.166857
v 2.228169 0.008677 1.143588
v 2.148103 0.089093 1.143588
v 2.242298 0.008677 1.120319
v 2.152813 0.094199 1.120319
v -0.027788 2.238635 -0.743933
v 2.162233 0.106963 1.103894
v 2.018586 0.186103 1.121688
v -0.011304 2.255229 -0.741196
v 2.030360 0.198868 1.105263
v 2.044489 0.218015 1.098419
v 1.903198 0.299707 1.103894
v 2.016231 0.180997 1.144957
v 2.018586 0.186103 1.168226
v 2.030360 0.198868 1.184651
v 2.044489 0.218015 1.190126
v 2.056264 0.235885 1.184651
v 2.068038 0.249926 1.168226
v 2.070393 0.255032 1.144957
v 2.068038 0.249926 1.121688
v 2.056264 0.235885 1.105263
v 1.917327 0.318854 1.097050
v 1.778390 0.413312 1.099788
v 1.792519 0.431182 1.094313
v 1.639453 0.521810 1.099788
v 1.931456 0.336724 1.103894
v 1.940876 0.350765 1.120319
v 1.945585 0.355871 1.143588
v 1.940876 0.350765 1.166857
v 1.931456 0.336724 1.183282
v 1.917327 0.318854 1.190126
v 1.903198 0.299707 1.183282
v 1.893778 0.286943 1.166857
v 1.889068 0.281837 1.143588
v 1.893778 0.286943 1.120319
v 0.012245 2.261612 -0.739827
v 1.766616 0.399271 1.117581
v 0.045213 2.273099 -0.879440
v 1.764261 0.394165 1.140850
v 1.766616 0.399271 1.162750
v 1.778390 0.413312 1.180544
v 1.792519 0.431182 1.186019
v 1.806648 0.449052 1.180544
v 1.816068 0.463093 1.162750
v 1.820778 0.466922 1.140850
v 1.816068 0.463093 1.117581
v 1.806648 0.449052 1.099788
v 1.653583 0.539680 1.094313
v 0.033438 2.256506 -0.741196
v 1.500517 0.648178 1.097050
v 1.335676 0.761782 1.105263
v 1.667712 0.557550 1.099788
v 1.679486 0.570315 1.117581
v 1.684196 0.575421 1.140850
v 1.679486 0.570315 1.162750
v 1.667712 0.557550 1.180544
v 1.653583 0.539680 1.186019
v 1.639453 0.521810 1.180544
v 1.630034 0.509045 1.162750
v 1.625324 0.503939 1.140850
v 1.630034 0.509045 1.117581
v 0.049922 2.239912 -0.743933
v 1.474613 0.617544 1.120319
v 1.486387 0.630308 1.103894
v 1.472258 0.612438 1.143588
v 1.474613 0.617544 1.166857
v 1.486387 0.630308 1.183282
v 1.500517 0.648178 1.190126
v 1.514646 0.666049 1.183282
v 1.526420 0.678813 1.166857
v 1.531130 0.683919 1.143588
v 1.526420 0.678813 1.120319
v 1.514646 0.666049 1.103894
v 1.349806 0.778376 1.099787
v 0.031084 2.250124 -0.593369
v 1.213224 0.899639 1.101156
v 1.064867 0.988991 1.109369
v 1.363935 0.794970 1.105262
v 1.375709 0.806458 1.121688
v 1.378064 0.811564 1.143588
v 1.375709 0.806458 1.165488
v 1.363935 0.794970 1.181913
v 1.349806 0.778376 1.187388
v 1.335676 0.761782 1.181913
v 1.323902 0.749018 1.165488
v 1.321547 0.745189 1.143588
v 1.323902 0.749018 1.121688
v 0.007535 2.256506 -0.592001
v 1.189675 0.871557 1.121688
v 1.199095 0.883045 1.106631
v 1.184965 0.867728 1.143588
v 1.189675 0.871557 1.165488
v 1.199095 0.883045 1.180544
v 1.213224 0.899639 1.186019
v 1.227353 0.914957 1.180544
v 1.239127 0.926445 1.165488
v 1.241482 0.930274 1.143588
v 1.239127 0.926445 1.121688
v 1.227353 0.914957 1.106631
v 1.078997 1.004308 1.103894
v -0.013659 2.250124 -0.593369
v 0.956544 1.119189 1.105262
v -0.030143 2.233530 -0.596107
v 1.093126 1.018349 1.109369
v 1.104900 1.029837 1.124425
v 1.107255 1.033666 1.144956
v 1.104900 1.029837 1.165488
v 1.093126 1.018349 1.180544
v 1.078997 1.004308 1.186019
v 1.064867 0.988991 1.180544
v 1.055448 0.977503 1.165488
v 1.050738 0.973673 1.144956
v 1.055448 0.977503 1.124425
v -0.034853 2.211830 -0.598844
v 0.932995 1.094936 1.124425
v 0.944770 1.105148 1.110737
v 0.930640 1.091107 1.144956
v 0.932995 1.094936 1.164119
v 0.944770 1.105148 1.179175
v 0.956544 1.119189 1.184651
v 0.970673 1.134506 1.179175
v 0.980092 1.144718 1.164119
v 0.984802 1.148547 1.144956
v 0.980092 1.144718 1.124425
v 0.970673 1.134506 1.110737
v 0.841156 1.250663 1.105262
v -0.027788 2.190130 -0.601582
v 0.721058 1.388520 1.103894
v 0.532669 1.539141 1.114844
v 0.855285 1.264704 1.110737
v 0.864704 1.274916 1.124425
v 0.869414 1.278745 1.143588
v 0.864704 1.274916 1.162750
v 0.855285 1.264704 1.176438
v 0.841156 1.250663 1.181913
v 0.829381 1.237898 1.176438
v 0.819962 1.227687 1.162750
v 0.815252 1.223858 1.143588
v 0.819962 1.227687 1.124425
v 0.829381 1.237898 1.110737
v 0.699864 1.366820 1.121687
v 0.709283 1.375755 1.109369
v 0.695154 1.362991 1.140850
v 0.699864 1.366820 1.158644
v 0.709283 1.375755 1.170963
v 0.721058 1.388520 1.176438
v 0.735187 1.401284 1.170963
v 0.744606 1.410219 1.158644
v 0.746961 1.414049 1.140850
v 0.744606 1.410219 1.121687
v 0.735187 1.401284 1.109369
v 0.546798 1.550629 1.109369
v 0.358409 1.757414 1.112106
v 0.370183 1.767626 1.108000
v 0.155891 1.973134 1.117581
v 0.558572 1.562117 1.114844
v 0.567992 1.569776 1.127162
v 0.570347 1.573605 1.143588
v 0.567992 1.569776 1.160013
v 0.558572 1.562117 1.172332
v 0.546798 1.550629 1.176438
v 0.532669 1.539141 1.172332
v 0.525604 1.530206 1.160013
v 0.520895 1.527653 1.143588
v 0.525604 1.530206 1.127162
v -0.013659 2.174813 -0.604319
v 0.348990 1.749755 1.124425
v 0.009890 2.169707 -0.604319
v 0.346635 1.747202 1.139481
v 0.348990 1.749755 1.155906
v 0.358409 1.757414 1.166857
v 0.370183 1.767626 1.170963
v 0.381958 1.777837 1.166857
v 0.391377 1.785496 1.155906
v 0.393732 1.788049 1.139481
v 0.391377 1.785496 1.124425
v 0.381958 1.777837 1.112106
v 0.167665 1.982069 1.113475
v -0.020723 2.200342 1.118950
v -0.011304 2.208001 1.114843
v -0.159660 2.413509 1.125793
v 0.179440 1.991004 1.117581
v 0.186504 1.997387 1.128531
v 0.191214 1.999939 1.142219
v 0.186504 1.997387 1.157275
v 0.179440 1.991004 1.166856
v 0.167665 1.982069 1.170963
v 0.155891 1.973134 1.166856
v 0.148827 1.965475 1.157275
v 0.146472 1.962922 1.142219
v 0.148827 1.965475 1.128531
v 0.031084 2.174813 -0.602951
v -0.030143 2.193960 1.128531
v 0.047568 2.191407 -0.601582
v -0.032498 2.191407 1.142219
v -0.030143 2.193960 1.154538
v -0.020723 2.200342 1.164119
v -0.011304 2.208001 1.168225
v 0.000470 2.215660 1.164119
v 0.007535 2.222042 1.154538
v 0.009890 2.223318 1.142219
v 0.007535 2.222042 1.128531
v 0.000470 2.215660 1.118950
v -0.150241 2.419892 1.120318
v -0.282113 2.589660 1.091574
v -0.272693 2.588383 1.087468
v -0.138466 2.427550 1.121687
v -0.131402 2.435209 1.128531
v -0.129047 2.440315 1.139481
v -0.131402 2.441592 1.151800
v -0.136112 2.437762 1.161381
v -0.145531 2.431380 1.166856
v -0.157305 2.423721 1.166856
v -0.164370 2.416062 1.160012
v -0.166725 2.412233 1.149062
v -0.164370 2.410957 1.136744
v 0.047568 2.234806 -0.594738
v 0.052277 2.213106 -0.597476
v 0.052277 2.209277 -0.440068
v 0.056987 2.187577 -0.441437
v -0.289178 2.597318 1.120318
v -0.279758 2.598595 1.128531
v -0.270339 2.598595 1.129900
v 0.052277 2.167154 -0.444175
v -0.251500 2.594766 1.118950
v -0.249145 2.592212 1.108000
v 0.038148 2.151837 -0.445543
v 0.016954 2.145454 -0.446912
v -0.004239 2.150560 -0.445543
v -0.289178 2.592212 1.099787
v -0.020723 2.165878 -0.445543
v -0.270339 2.590936 1.098418
v -0.270339 2.593489 1.109368
v -0.251500 2.589660 1.097049
v -0.025433 2.187577 -0.442806
v -0.020723 2.208001 -0.441437
v -0.270339 2.596042 1.118950
v -0.006594 2.223318 -0.438699
v 0.014600 2.229700 -0.437331
v 0.035793 2.223318 -0.438699
v -0.260919 2.588383 1.090206
v -0.291532 2.594766 1.109368
v -0.258564 2.597318 1.127162
v -2.177776 0.126110 -1.244899
v -2.356745 0.007400 -1.238055
v -2.191905 0.143980 -1.238055
v -2.392068 0.007400 -1.221630
v -2.309648 0.008676 -1.244899
v -2.163646 0.106963 -1.238055
v -2.262551 0.008676 -1.238055
v -2.154227 0.094198 -1.221630
v -2.229583 0.008676 -1.221630
v -2.149517 0.089093 -1.198361
v -2.215453 0.009953 -1.198361
v -2.154227 0.094198 -1.175092
v -2.229583 0.008676 -1.175092
v -2.163646 0.106963 -1.158667
v -2.262551 0.008676 -1.158667
v -2.177776 0.126110 -1.151823
v -2.309648 0.008676 -1.151823
v 0.035793 2.216936 -0.282661
v -2.356745 0.007400 -1.158667
v -2.062387 0.240990 -1.158667
v -2.048258 0.221843 -1.151823
v -2.034129 0.203973 -1.158667
v -2.024710 0.189932 -1.175092
v -2.020000 0.184826 -1.198361
v -2.024710 0.189932 -1.221630
v -2.034129 0.203973 -1.238055
v -2.048258 0.221843 -1.244899
v -2.062387 0.240990 -1.238055
v -2.201324 0.158021 -1.221630
v -2.403842 0.007400 -1.198361
v -2.206034 0.163127 -1.198361
v -2.392068 0.007400 -1.175092
v -2.201324 0.158021 -1.175092
v 0.014600 2.222042 -0.284030
v -2.191905 0.143980 -1.158667
v -2.071807 0.253755 -1.175092
v -0.006594 2.215659 -0.284030
v -1.942290 0.350765 -1.175092
v -0.023078 2.200342 -0.285398
v -1.822192 0.459263 -1.175092
v -0.027788 2.179919 -0.288136
v -1.673836 0.558826 -1.175092
v -0.020723 2.159496 -0.289505
v -1.527834 0.678813 -1.175092
v -1.518415 0.666048 -1.158667
v -1.377123 0.807734 -1.176461
v -1.367704 0.794970 -1.160036
v -1.240541 0.926444 -1.176461
v -1.231122 0.914956 -1.161405
v -1.113379 1.042601 -1.177830
v -1.103959 1.031113 -1.161405
v -0.983861 1.145993 -1.177830
v -0.006594 2.144178 -0.289505
v -0.868473 1.276191 -1.179199
v -0.859054 1.264703 -1.164142
v -0.731891 1.394901 -1.179199
v -0.720117 1.384690 -1.165511
v -0.571761 1.572328 -1.176461
v -0.562341 1.563393 -1.162774
v -0.399856 1.791877 -1.168249
v -0.390437 1.784219 -1.155930
v -0.187918 2.007598 -1.155930
v 0.014600 2.139072 -0.289505
v 0.000470 2.230977 -1.143611
v 0.035793 2.144178 -0.288136
v 0.167665 2.433932 -1.134030
v 0.177085 2.426274 -1.124448
v 0.049922 2.159496 -0.286767
v 0.056987 2.179919 -0.285398
v -1.932871 0.336724 -1.158667
v 0.047568 2.190130 -0.140310
v 0.165311 2.436485 -1.147717
v 0.040503 2.169707 -0.141678
v -0.001884 2.234806 -1.158667
v -0.192628 2.011427 -1.170986
v -0.404566 1.795707 -1.184674
v -0.574116 1.576157 -1.194255
v -0.734246 1.398731 -1.198361
v -0.870828 1.280021 -1.198361
v -0.986216 1.151099 -1.198361
v -1.118088 1.046430 -1.198361
v -1.245251 0.931550 -1.198361
v -1.381833 0.811563 -1.198361
v -1.532544 0.683918 -1.198361
v -1.678545 0.562656 -1.198361
v -1.824547 0.464369 -1.198361
v -1.947000 0.355871 -1.198361
v -2.076517 0.258860 -1.198361
v -2.071807 0.253755 -1.221630
v -1.932871 0.336724 -1.238055
v -1.942290 0.350765 -1.221630
v -1.822192 0.459263 -1.221630
v -1.673836 0.558826 -1.221630
v -1.527834 0.678813 -1.221630
v -1.377123 0.807734 -1.220261
v -1.240541 0.926444 -1.220261
v -1.113379 1.042601 -1.218893
v -0.983861 1.145993 -1.218893
v -0.868473 1.276191 -1.217524
v -0.731891 1.394901 -1.217524
v -0.571761 1.573605 -1.212049
v -0.399856 1.793154 -1.202468
v -0.187918 2.008874 -1.187411
v 0.000470 2.232253 -1.173724
v 0.170020 2.433932 -1.162774
v 0.358409 2.562854 -1.166880
v 0.177085 2.427550 -1.172355
v 0.026374 2.154390 -0.143047
v 0.009890 2.225871 -1.184674
v -0.178499 2.001215 -1.198361
v -0.390437 1.785495 -1.214786
v -0.559987 1.564669 -1.225736
v -0.720117 1.384690 -1.231211
v -0.859054 1.264703 -1.232580
v -0.972087 1.135782 -1.233949
v -1.103959 1.031113 -1.235318
v -1.231122 0.914956 -1.236686
v -1.367704 0.794970 -1.236686
v -1.518415 0.666048 -1.238055
v -1.664416 0.544785 -1.238055
v -1.810418 0.445222 -1.238055
v -1.796288 0.427352 -1.244899
v -1.918741 0.318854 -1.244899
v -1.782159 0.409482 -1.238055
v -1.904612 0.299707 -1.238055
v -1.650287 0.526915 -1.244899
v -1.636158 0.509045 -1.238055
v -1.501931 0.648178 -1.244899
v -1.351220 0.778376 -1.243530
v -1.216993 0.899639 -1.242162
v -1.089830 1.015796 -1.240793
v -0.957958 1.121741 -1.239424
v -0.844925 1.250663 -1.238055
v -0.708343 1.371925 -1.236686
v -0.548212 1.553181 -1.229843
v -0.376307 1.774007 -1.218893
v -0.166725 1.991004 -1.203836
v 0.021664 2.215659 -1.188780
v 0.188859 2.418615 -1.176461
v 0.005180 2.148007 -0.143047
v 0.198279 2.409679 -1.172355
v -0.016014 2.154390 -0.144416
v 0.033438 2.206724 -1.184674
v -0.154950 1.980792 -1.198361
v -0.364533 1.762519 -1.214786
v -0.534083 1.540417 -1.225736
v -0.694214 1.357884 -1.231211
v -0.830796 1.236621 -1.232580
v -0.943829 1.106424 -1.233949
v -1.075701 1.000478 -1.235318
v -1.200509 0.883045 -1.236686
v -1.337091 0.760505 -1.236686
v -1.487802 0.630307 -1.238055
v -1.476027 0.617543 -1.221630
v -1.325316 0.749017 -1.220261
v -1.191089 0.871557 -1.220261
v -1.063927 0.988990 -1.218893
v -0.934409 1.096212 -1.218893
v -0.821376 1.226410 -1.217524
v -0.684794 1.348949 -1.217524
v -0.524664 1.531482 -1.212049
v -0.355114 1.754860 -1.202468
v -0.145531 1.973133 -1.187411
v 0.040503 2.199065 -1.173724
v 0.205343 2.403297 -1.161405
v 0.396087 2.564130 -1.143611
v 0.210053 2.400744 -1.147717
v 0.393732 2.564130 -1.131292
v 0.042858 2.196512 -1.158667
v -0.143176 1.969304 -1.170986
v -0.352759 1.751031 -1.184674
v -0.522309 1.527652 -1.194255
v -0.680084 1.345120 -1.198361
v -0.816666 1.222581 -1.198361
v -0.929700 1.092383 -1.198361
v -1.061572 0.985161 -1.198361
v -1.186379 0.866451 -1.198361
v -1.322961 0.743912 -1.198361
v -1.473673 0.612437 -1.198361
v -1.624384 0.496280 -1.221630
v -1.772740 0.395441 -1.221630
v -1.895192 0.286942 -1.221630
v -1.892838 0.281837 -1.198361
v -1.768030 0.390335 -1.198361
v -1.619674 0.491174 -1.198361
v -1.476027 0.617543 -1.175092
v -1.325316 0.749017 -1.176461
v -1.191089 0.871557 -1.176461
v -1.063927 0.988990 -1.177830
v -0.934409 1.096212 -1.177830
v -0.821376 1.226410 -1.179199
v -0.684794 1.347673 -1.179199
v -0.524664 1.530205 -1.176461
v -0.355114 1.753584 -1.168249
v -0.145531 1.971857 -1.154561
v 0.040503 2.197789 -1.143611
v 0.205343 2.403297 -1.134030
v -0.030143 2.168431 -0.144416
v 0.198279 2.408403 -1.124448
v 0.370183 2.564130 -1.117605
v 0.031084 2.205448 -1.132661
v -0.154950 1.979516 -1.143611
v -0.366888 1.761243 -1.155930
v -0.536438 1.539140 -1.162774
v -0.694214 1.357884 -1.165511
v -0.830796 1.236621 -1.164142
v -0.943829 1.106424 -1.162773
v -1.075701 1.000478 -1.161405
v -1.200509 0.883045 -1.161405
v -1.337091 0.760505 -1.160036
v -1.487802 0.630307 -1.158667
v -1.624384 0.496280 -1.175092
v -1.772740 0.395441 -1.175092
v -1.895192 0.286942 -1.175092
v -1.904612 0.299707 -1.158667
v -1.782159 0.409482 -1.158667
v -1.636158 0.509045 -1.158667
v -1.501931 0.648178 -1.151823
v -1.351220 0.778376 -1.153192
v -1.216993 0.899639 -1.154561
v -1.089830 1.015796 -1.155930
v -0.957958 1.121741 -1.157298
v -0.844925 1.250663 -1.158667
v -0.708343 1.371925 -1.160036
v -0.548212 1.551905 -1.158667
v -0.378662 1.772731 -1.150455
v -0.169080 1.989727 -1.139505
v 0.019309 2.214383 -1.128555
v 0.186504 2.417339 -1.120342
v 0.358409 2.562854 -1.121711
v -0.037207 2.190130 -0.144416
v 0.007535 2.224594 -1.132661
v -0.180854 1.999939 -1.143611
v -0.030143 2.210554 -0.143047
v -0.016014 2.225871 -0.141678
v 0.005180 2.230977 -0.140310
v 0.049922 2.201618 -0.284030
v -0.972087 1.135782 -1.162773
v 0.026374 2.225871 -0.140310
v 0.040503 2.210554 -0.140310
v 0.024019 2.216936 -0.008909
v 0.002825 2.223318 -0.010277
v -1.650287 0.526915 -1.151823
v -1.796288 0.427352 -1.151823
v -1.918741 0.318854 -1.151823
v -1.810418 0.445222 -1.158667
v -1.664416 0.544785 -1.158667
v 0.384313 2.564130 -1.166880
v 0.370183 2.564130 -1.169618
v 0.393732 2.564130 -1.157299
v 0.370183 2.564130 -1.157299
v 0.348990 2.562854 -1.157299
v 0.370183 2.564130 -1.143611
v 0.344280 2.562854 -1.143611
v 0.348990 2.562854 -1.131292
v 0.370183 2.564130 -1.131292
v -0.018369 2.216936 -0.011646
v -0.032498 2.201618 -0.011646
v 0.384313 2.564130 -1.121711
v -0.037207 2.181195 -0.013015
v -0.032498 2.160772 -0.011646
v -0.018369 2.146731 -0.011646
v -1.506640 0.782206 1.124425
v 0.002825 2.140349 -0.010277
v -1.501931 0.801353 1.123056
v -1.485447 0.823052 1.261301
v -1.506640 0.787312 1.261301
v -1.501931 0.761782 1.124425
v -1.501931 0.766888 1.262670
v -1.485447 0.746465 1.125794
v 0.024019 2.146731 -0.010277
v -1.466608 0.741359 1.125794
v 0.038148 2.162048 -0.008909
v -1.445414 0.746465 1.125794
v 0.045213 2.182472 -0.008909
v -1.431285 0.761782 1.124425
v -1.431285 0.766888 1.262670
v -1.426575 0.782206 1.124425
v 0.038148 2.188854 0.121124
v -1.431285 0.801353 1.123056
v -1.431285 0.807735 1.261301
v 0.031084 2.168431 0.122492
v -1.426575 0.774547 0.990287
v -1.431285 0.754124 0.991655
v -1.445414 0.740083 0.991655
v -1.466608 0.734977 0.991655
v -1.485447 0.740083 0.991655
v -1.501931 0.754124 0.991655
v -1.506640 0.774547 0.990287
v -1.501931 0.794970 0.988918
v -1.485447 0.816670 1.121688
v 0.016954 2.153113 0.121124
v -1.466608 0.821776 1.121688
v -0.004239 2.148007 0.121124
v -1.445414 0.816670 1.121688
v -0.023078 2.153113 0.119755
v -0.039562 2.167154 0.119755
v -1.445414 0.809011 0.987549
v -1.431285 0.794970 0.988918
v -1.445414 0.802629 0.854779
v -0.044272 2.187577 0.118386
v -1.438350 0.801352 0.716535
v -0.039562 2.208001 0.118386
v -1.445414 0.793694 0.571446
v -0.025433 2.223318 0.118386
v -1.440704 0.797523 0.414039
v -1.426575 0.782206 0.414039
v -1.445414 0.798799 0.260737
v -0.004239 2.229700 0.119755
v -1.454834 0.803905 0.125230
v -1.440704 0.788588 0.123861
v -1.454834 0.815393 -0.004802
v -1.440704 0.801352 -0.006171
v -1.454834 0.828158 -0.134834
v -1.440704 0.812840 -0.136203
v -1.445414 0.843475 -0.277185
v 0.038148 2.202895 -0.008909
v -1.438350 0.853687 -0.433224
v 0.016954 2.223318 0.119755
v -1.438350 0.854963 -0.592000
v -1.424220 0.839646 -0.592000
v -1.445414 0.847304 -0.739826
v -1.431285 0.831987 -0.738458
v -1.452479 0.837093 -0.876702
v -1.438350 0.823052 -0.876702
v -1.452479 0.830710 -1.010841
v -1.438350 0.816669 -1.010841
v -1.445414 0.828157 -1.146348
v 0.031084 2.209277 0.121124
v -1.445414 0.823052 -1.283224
v 0.016954 2.215659 0.258000
v -1.431285 0.787311 0.854779
v -0.004239 2.220765 0.258000
v -1.466608 0.833263 -1.146348
v -0.023078 2.214383 0.256631
v -1.471318 0.835816 -1.012210
v -1.471318 0.843475 -0.878071
v -1.466608 0.852410 -0.739826
v -1.459543 0.860069 -0.592000
v -1.459543 0.858792 -0.433224
v -1.466608 0.848581 -0.277185
v -1.476027 0.833263 -0.134834
v -1.476027 0.821775 -0.003433
v -1.476027 0.809011 0.126599
v -1.466608 0.803905 0.260737
v -1.459543 0.802629 0.414039
v -1.466608 0.798799 0.571446
v -1.459543 0.806458 0.716535
v -1.466608 0.807735 0.854779
v -1.466608 0.815393 0.987549
v -1.485447 0.809011 0.987549
v -1.501931 0.787311 0.854779
v -1.485447 0.802629 0.854779
v -1.478382 0.801352 0.716535
v -1.485447 0.793694 0.571446
v -1.480737 0.797523 0.414039
v -1.485447 0.798799 0.260737
v -1.494866 0.803905 0.125230
v -1.494866 0.815393 -0.004802
v -1.494866 0.828158 -0.134834
v -1.485447 0.843475 -0.277185
v -1.478382 0.853687 -0.433224
v -1.478382 0.854963 -0.592000
v -1.485447 0.847304 -0.739826
v -1.492511 0.837093 -0.876702
v -1.492511 0.830710 -1.010841
v -1.485447 0.828157 -1.146348
v -1.501931 0.807734 -1.283224
v -1.501931 0.812840 -1.144979
v -1.506640 0.787311 -1.281855
v -1.506640 0.816669 -1.010841
v -1.506640 0.823052 -0.876702
v -1.501931 0.831987 -0.738458
v -1.494866 0.839646 -0.592000
v -1.494866 0.839646 -0.433224
v -1.501931 0.828158 -0.278554
v -1.508995 0.812840 -0.136203
v -1.508995 0.801352 -0.006171
v -1.508995 0.788588 0.123861
v -1.501931 0.784758 0.259369
v -1.494866 0.782206 0.414039
v -1.501931 0.778376 0.571446
v -1.492511 0.786035 0.716535
v -1.499576 0.766888 0.717903
v -1.506640 0.768165 0.856148
v -1.492511 0.746465 0.717903
v -1.501931 0.747742 0.857517
v -1.506640 0.757953 0.571446
v -1.501931 0.737530 0.572815
v -1.501931 0.761782 0.414039
v -1.506640 0.764335 0.259369
v -1.516060 0.769441 0.122493
v -1.516060 0.780929 -0.007540
v -1.516060 0.793693 -0.137572
v -1.506640 0.809011 -0.278554
v -1.499576 0.819222 -0.433224
v -1.499576 0.819222 -0.592000
v -1.506640 0.811564 -0.738458
v -1.513705 0.802628 -0.875334
v -1.513705 0.796246 -1.009472
v -1.506640 0.793693 -1.143611
v -0.039562 2.200342 0.256631
v -1.501931 0.773270 -1.143611
v -1.485447 0.752847 -1.280487
v -1.506640 0.775823 -1.008103
v -1.506640 0.782205 -0.875334
v -1.501931 0.791140 -0.737089
v -1.494866 0.798799 -0.592000
v -1.494866 0.798799 -0.434593
v -1.501931 0.788588 -0.279923
v -1.508995 0.773270 -0.140309
v -1.508995 0.760506 -0.008908
v -1.508995 0.749018 0.121124
v -1.501931 0.743912 0.258000
v -1.494866 0.742635 0.412670
v -1.480737 0.727318 0.412670
v -1.485447 0.729871 0.256631
v -1.494866 0.733700 0.119755
v -1.494866 0.746465 -0.010277
v -1.494866 0.757953 -0.141678
v -1.485447 0.773270 -0.281292
v -1.478382 0.783482 -0.434593
v -1.478382 0.784758 -0.592000
v -1.485447 0.777099 -0.737089
v -1.492511 0.768164 -0.873965
v -1.492511 0.761782 -1.008103
v -1.485447 0.757953 -1.142242
v -0.044272 2.179919 0.258000
v -1.466608 0.752847 -1.142242
v -0.039562 2.159496 0.258000
v -1.471318 0.755400 -1.008103
v -1.471318 0.763058 -0.873965
v -1.466608 0.771994 -0.737089
v -1.459543 0.779652 -0.592000
v -1.459543 0.778376 -0.434593
v -1.466608 0.768164 -0.281292
v -1.476027 0.752847 -0.141678
v -1.476027 0.741359 -0.011646
v -1.476027 0.728594 0.119755
v -1.466608 0.723489 0.256631
v -1.459543 0.722212 0.412670
v -1.485447 0.723489 0.572815
v -1.478382 0.731148 0.719272
v -1.485447 0.732424 0.857517
v -1.466608 0.727318 0.857517
v -1.459543 0.726042 0.719272
v -1.466608 0.718383 0.572815
v -1.440704 0.727318 0.412670
v -1.445414 0.729871 0.256631
v -1.454834 0.733700 0.119755
v -1.454834 0.746465 -0.010277
v -1.454834 0.757953 -0.141678
v -1.445414 0.773270 -0.281292
v -1.438350 0.783482 -0.434593
v -1.438350 0.784758 -0.592000
v -1.445414 0.777099 -0.737089
v -1.452479 0.768164 -0.873965
v -1.452479 0.761782 -1.008103
v -1.445414 0.757953 -1.142242
v -1.431285 0.766888 -1.281855
v -1.431285 0.773270 -1.143611
v -1.426575 0.787311 -1.281855
v -1.438350 0.775823 -1.008103
v -1.438350 0.782205 -0.875334
v -1.431285 0.791140 -0.737089
v -1.424220 0.798799 -0.592000
v -1.424220 0.798799 -0.434593
v -1.431285 0.788588 -0.279923
v -1.440704 0.773270 -0.140309
v -1.440704 0.760506 -0.008908
v -1.440704 0.749018 0.121124
v -1.431285 0.743912 0.258000
v -1.426575 0.742635 0.412670
v -1.445414 0.723489 0.572815
v -1.438350 0.731148 0.719272
v -1.445414 0.732424 0.857517
v -1.431285 0.747742 0.857517
v -1.424220 0.746465 0.717903
v -1.431285 0.737530 0.572815
v -1.419511 0.761782 0.414039
v -1.426575 0.764335 0.259369
v -1.435995 0.769441 0.122493
v -1.435995 0.780929 -0.007540
v -1.435995 0.793693 -0.137572
v -1.426575 0.809011 -0.278554
v -1.419511 0.819222 -0.433224
v -1.419511 0.819222 -0.592000
v -1.426575 0.811564 -0.738458
v -1.431285 0.802628 -0.875334
v -1.431285 0.796246 -1.009472
v -1.426575 0.793693 -1.143611
v -1.431285 0.807734 -1.283224
v -1.431285 0.812840 -1.144979
v -0.023078 2.145455 0.259368
v -0.004239 2.139072 0.260737
v 0.016954 2.145455 0.260737
v 0.031084 2.159496 0.260737
v -1.424220 0.839646 -0.433224
v -1.431285 0.828158 -0.278554
v 0.031084 2.200342 0.259368
v 0.035793 2.179919 0.259368
v 0.031084 2.192683 0.414038
v -1.431285 0.784758 0.259369
v 0.026374 2.172260 0.415407
v -1.426575 0.757953 0.571446
v -1.417156 0.766888 0.717903
v -1.426575 0.768165 0.856148
v -1.424220 0.786035 0.716535
v -1.431285 0.778376 0.571446
v -1.501931 0.766888 -1.281855
v 0.012245 2.156943 0.415407
v -0.008949 2.151837 0.415407
v -1.485447 0.787311 -1.281855
v -1.485447 0.823052 -1.283224
v -1.466608 0.787311 -1.281855
v -1.466608 0.828157 -1.283224
v -0.027788 2.156943 0.415407
v -1.445414 0.787311 -1.281855
v -0.044272 2.172260 0.414038
v -1.445414 0.752847 -1.280487
v -0.048982 2.191407 0.412669
v -0.044272 2.211830 0.411301
v -1.466608 0.747741 -1.280487
v -0.030143 2.227148 0.411301
v -0.008949 2.232253 0.411301
v -1.485447 0.752847 1.262670
v 0.012245 2.227148 0.411301
v -1.485447 0.787312 1.261301
v -1.501931 0.807735 1.261301
v 0.026374 2.211830 0.412669
v -1.466608 0.787312 1.261301
v -1.466608 0.828158 1.259932
v -1.445414 0.787312 1.261301
v -1.445414 0.823052 1.261301
v -1.426575 0.787312 1.261301
v 0.007535 2.242465 0.576921
v -1.466608 0.747742 1.262670
v -1.445414 0.752847 1.262670
v -0.011304 2.247571 0.576921
v 1.505226 0.787312 1.259932
v 1.500517 0.788588 1.121688
v 1.500517 0.807735 1.261301
v 1.493452 0.807735 1.123056
v -0.030143 2.242465 0.576921
v 1.479323 0.823052 1.123056
v -0.044272 2.228424 0.578289
v 1.458129 0.828158 1.124425
v -0.048982 2.210554 0.581027
v 1.439290 0.823052 1.124425
v -0.044272 2.191407 0.582396
v -0.030143 2.178643 0.583764
v 1.432226 0.823052 0.990287
v 1.418097 0.807735 0.991655
v 1.453419 0.828158 0.990287
v 1.472258 0.823052 0.988918
v 1.488742 0.807735 0.988918
v 1.493452 0.788588 0.987549
v 1.488742 0.768165 0.988918
v 1.493452 0.768165 1.123056
v 1.500517 0.766888 1.259932
v 1.479323 0.752847 1.123056
v 1.484033 0.752847 1.261301
v 1.458129 0.747742 1.124425
v -0.011304 2.173537 0.585133
v 1.439290 0.752847 1.124425
v 1.444000 0.752847 1.262670
v 1.425161 0.768165 1.125794
v 1.429871 0.766888 1.262670
v 1.418097 0.788588 1.125794
v 0.007535 2.178643 0.585133
v 1.425161 0.807735 1.125794
v 1.429871 0.807735 1.262670
v 0.021664 2.191407 0.582396
v 1.413387 0.788588 0.991655
v 1.418097 0.768165 0.991655
v 1.432226 0.752847 0.990287
v 1.453419 0.747742 0.990287
v 1.472258 0.752847 0.988918
v 1.476968 0.741359 0.854779
v 1.455774 0.736253 0.854779
v 1.436935 0.741359 0.856148
v 1.420451 0.756677 0.856148
v 1.415742 0.777100 0.856148
v 1.420451 0.796247 0.856148
v 0.026374 2.210554 0.581027
v 1.411032 0.777100 0.717903
v 1.415742 0.756677 0.717903
v 1.429871 0.742636 0.717903
v 1.451065 0.736253 0.716535
v 1.469903 0.742636 0.716535
v 1.491097 0.756677 0.853411
v 1.495807 0.777100 0.853411
v 1.491097 0.796247 0.853411
v 1.476968 0.811564 0.854779
v 1.455774 0.816670 0.854779
v 1.436935 0.811564 0.856148
v 0.026374 2.222042 0.735697
v 1.429871 0.811564 0.717903
v 1.415742 0.797523 0.717903
v 0.021664 2.205448 0.738434
v 1.451065 0.817946 0.717903
v 1.469903 0.811564 0.716535
v 1.486387 0.797523 0.716535
v 1.491097 0.777100 0.715166
v 1.486387 0.756677 0.716535
v 1.451065 0.757953 0.570077
v 1.432226 0.752847 0.570077
v 1.411032 0.757953 0.571446
v 1.396903 0.773270 0.571446
v 1.392193 0.793694 0.571446
v 0.009890 2.192683 0.741172
v 1.389838 0.794970 0.412670
v -0.006594 2.188854 0.741172
v 1.394548 0.775823 0.412670
v 1.408677 0.760506 0.412670
v 1.429871 0.755400 0.412670
v 1.451065 0.760506 0.412670
v 1.465194 0.773270 0.570077
v 1.472258 0.793694 0.570077
v 1.465194 0.814117 0.570077
v 1.451065 0.828158 0.571446
v 1.432226 0.833264 0.571446
v 1.411032 0.828158 0.571446
v 1.396903 0.814117 0.571446
v 1.408677 0.830711 0.414039
v 1.394548 0.815393 0.412670
v 1.429871 0.835816 0.414039
v 1.451065 0.830711 0.414039
v 1.465194 0.815393 0.412670
v 1.469903 0.794970 0.412670
v 1.465194 0.775823 0.412670
v 1.469903 0.754124 0.255262
v 1.448710 0.749018 0.255262
v 1.429871 0.754124 0.255262
v 1.415742 0.769441 0.255262
v 1.408677 0.789864 0.255262
v -0.023078 2.192683 0.741172
v 1.413387 0.793694 0.115649
v -0.037207 2.205448 0.738434
v 1.418097 0.774547 0.115649
v 1.434580 0.759229 0.115649
v 1.453419 0.754124 0.115649
v 1.474613 0.759229 0.117018
v 1.484033 0.769441 0.256631
v 1.488742 0.789864 0.256631
v 1.484033 0.809011 0.258000
v 1.469903 0.824328 0.258000
v 1.448710 0.829434 0.258000
v 1.429871 0.824328 0.256631
v 1.415742 0.809011 0.256631
v 1.434580 0.829434 0.118386
v 1.418097 0.814117 0.117018
v 1.453419 0.834540 0.118386
v 1.474613 0.829434 0.119755
v 1.488742 0.814117 0.119755
v 1.493452 0.793694 0.119755
v 1.488742 0.773270 0.118386
v 1.479323 0.764335 -0.013015
v 1.460484 0.759229 -0.014383
v 1.439290 0.764335 -0.015752
v 1.425161 0.779652 -0.015752
v 1.420451 0.798799 -0.014383
v 1.420451 0.830711 -0.141678
v 1.413387 0.810287 -0.143047
v -0.041917 2.222042 0.735697
v 1.420451 0.789864 -0.143047
v 1.434580 0.774547 -0.143047
v 1.455774 0.769441 -0.141678
v 1.474613 0.774547 -0.140309
v 1.495807 0.779652 -0.011646
v 1.500517 0.798799 -0.011646
v 1.495807 0.819223 -0.010277
v 1.479323 0.834540 -0.010277
v 1.460484 0.839646 -0.011646
v 1.439290 0.834540 -0.013015
v 1.425161 0.819223 -0.014383
v 1.434580 0.844751 -0.140309
v -0.037207 2.238636 0.732959
v 1.455774 0.849857 -0.138941
v 1.474613 0.844751 -0.138941
v 1.488742 0.830711 -0.138941
v 1.495807 0.810287 -0.138941
v 1.488742 0.789864 -0.140309
v 1.481678 0.778376 -0.278554
v 1.460484 0.773270 -0.279923
v 1.439290 0.778376 -0.279923
v 1.425161 0.793693 -0.281292
v 1.420451 0.812840 -0.281292
v -0.023078 2.251400 0.731591
v 1.413387 0.820499 -0.425012
v -0.006594 2.255229 0.730222
v 1.418097 0.800076 -0.425012
v 1.432226 0.784758 -0.425011
v 1.453419 0.779652 -0.425011
v 1.474613 0.784758 -0.423643
v 1.495807 0.793693 -0.278554
v 1.500517 0.812840 -0.278554
v 1.495807 0.833263 -0.277185
v 1.481678 0.848581 -0.278554
v 1.460484 0.853687 -0.278554
v 1.439290 0.848581 -0.279923
v 1.425161 0.833263 -0.279923
v 1.432226 0.854963 -0.425012
v 1.418097 0.840922 -0.425012
v 1.453419 0.860069 -0.425012
v 1.474613 0.854963 -0.423643
v 1.488742 0.840922 -0.423643
v 1.493452 0.820499 -0.423643
v 1.488742 0.800076 -0.423643
v 1.474613 0.783482 -0.582419
v 1.455774 0.778376 -0.582419
v 1.434580 0.783482 -0.582419
v 1.420451 0.798799 -0.582419
v 1.415742 0.819222 -0.582419
v 0.021664 2.228424 0.578289
v 1.427516 0.809011 -0.738458
v 1.439290 0.820499 -0.879440
v 1.432226 0.788588 -0.738458
v 1.446355 0.774547 -0.737089
v 1.467549 0.768164 -0.737089
v 1.486387 0.774547 -0.737089
v 1.491097 0.798799 -0.582419
v 1.495807 0.817946 -0.582419
v 1.491097 0.838369 -0.582419
v 1.474613 0.853687 -0.583788
v 1.455774 0.858792 -0.583788
v 1.434580 0.853687 -0.583788
v 1.420451 0.838369 -0.583788
v 1.446355 0.843475 -0.739826
v 1.432226 0.829434 -0.738458
v 1.467549 0.849857 -0.739826
v 1.486387 0.843475 -0.739826
v 1.502871 0.829434 -0.738458
v 1.507581 0.809011 -0.738458
v 1.502871 0.788588 -0.737089
v 1.493452 0.764335 -0.876702
v 1.474613 0.759229 -0.876702
v 1.453419 0.765611 -0.876702
v 1.439290 0.779652 -0.878071
v 1.434580 0.800076 -0.878071
v 1.429871 0.817946 -1.010841
v 1.425161 0.798799 -1.009472
v 1.429871 0.812840 -1.144979
v 1.429871 0.778376 -1.009472
v 1.446355 0.763058 -1.008103
v 1.465194 0.757953 -1.008103
v 1.486387 0.763058 -1.009472
v 1.509936 0.779652 -0.878071
v 1.514646 0.800076 -0.878071
v 1.509936 0.820499 -0.879440
v 1.493452 0.834540 -0.879440
v 1.474613 0.839646 -0.880809
v 1.453419 0.834540 -0.879440
v 0.009890 2.251400 0.731591
v 1.446355 0.833263 -1.012210
v 0.021664 2.238636 0.732959
v 1.465194 0.838369 -1.012210
v 1.486387 0.833263 -1.012210
v 1.500517 0.817946 -1.010841
v 1.505226 0.798799 -1.010841
v 1.500517 0.778376 -1.009472
v 1.484033 0.757953 -1.142242
v 1.465194 0.752847 -1.142242
v 1.444000 0.757953 -1.142242
v 1.429871 0.771994 -1.143611
v 1.425161 0.792417 -1.143611
v 1.429871 0.807734 -1.283224
v 1.425161 0.787311 -1.281855
v 0.019309 2.274376 0.878048
v 0.021664 2.278206 1.021768
v 1.465194 0.747741 -1.280487
v 0.028729 2.336922 1.493990
v 1.500517 0.771994 -1.143611
v 1.505226 0.792417 -1.144979
v 1.500517 0.812840 -1.144979
v 1.484033 0.826881 -1.144979
v 1.465194 0.833263 -1.146348
v 1.444000 0.828157 -1.144979
v 0.007535 2.285864 0.876679
v 0.012245 2.288417 1.021768
v 0.014600 2.293523 1.164119
v 0.016954 2.279482 1.311945
v 1.484033 0.823052 -1.283224
v 1.500517 0.807734 -1.283224
v -0.006594 2.289694 0.876679
v -0.001884 2.292247 1.021768
v 0.002825 2.296076 1.165488
v 0.021664 2.344581 1.496728
v 0.007535 2.283311 1.311945
v 1.484033 0.787312 1.261301
v 0.009890 2.347134 1.498096
v 1.484033 0.823052 1.261301
v 1.465194 0.787312 1.261301
v 1.465194 0.828158 1.262670
v 1.444000 0.787312 1.262670
v 1.444000 0.823052 1.262670
v 1.425161 0.787312 1.262670
v -0.023078 2.285864 0.876679
v 1.465194 0.747742 1.261301
v -0.016014 2.288417 1.021768
v -0.011304 2.293523 1.165488
v 1.498162 0.766888 -1.281855
v 1.484033 0.752847 -1.280487
v 1.505226 0.787311 -1.281855
v 1.484033 0.787311 -1.281855
v 1.465194 0.787311 -1.281855
v -0.004239 2.279482 1.311945
v 1.465194 0.828157 -1.283224
v 1.444000 0.823052 -1.283224
v 1.444000 0.787311 -1.281855
v -0.034853 2.274376 0.879417
v 1.444000 0.752847 -1.280487
v 1.429871 0.768164 -1.281855
v -0.025433 2.278206 1.023136
v -0.018369 2.284588 1.165488
v 0.000470 2.344581 1.498096
v 0.024019 2.284588 1.164119
v 0.026374 2.271823 1.164119
v 0.026374 2.264165 1.023136
v 0.021664 2.250124 1.024505
v 0.024019 2.260335 1.164119
v 0.028729 2.261612 1.307839
v 0.024019 2.271823 1.310576
v -0.011304 2.271823 1.311945
v 0.024019 2.259059 0.880785
v -0.037207 2.259059 0.882154
v 0.019309 2.243742 0.883523
v 0.007535 2.233530 0.884892
v 0.012245 2.239912 1.025874
v 0.014600 2.250124 1.164119
v 0.024019 2.251400 1.306470
v 0.028729 2.316499 1.487146
v 0.031084 2.326711 1.489884
v -0.030143 2.264165 1.024505
v 0.021664 2.310117 1.484409
v 0.016954 2.243742 1.305101
v -0.023078 2.271823 1.165488
v 0.005180 2.239912 1.305101
v 0.000470 2.308841 1.485778
v 0.002825 2.247571 1.164119
v -0.001884 2.236083 1.027243
v -0.016014 2.239912 1.027243
v -0.023078 2.233530 0.886261
v -0.006594 2.229700 0.886261
v -0.011304 2.250124 1.165488
v -0.004239 2.243742 1.306470
v -0.008949 2.316499 1.488515
v -0.011304 2.251400 1.307839
v -0.016014 2.261612 1.309207
v -0.018369 2.260335 1.165488
v -0.025433 2.250124 1.025874
v -0.034853 2.243742 0.884892
v -0.042098 2.236796 -1.244205
v -0.061545 2.282129 -1.232991
v -0.054066 2.286663 -1.242959
v -0.064537 2.319303 -1.220530
v -0.051074 2.322023 -1.220530
v -0.057058 2.342876 -1.190624
v -0.064537 2.334716 -1.185640
v -0.061545 2.311142 -1.210561
v -0.049578 2.282129 -1.225514
v -0.054066 2.234982 -1.240467
v -0.040602 2.183302 -1.226760
v -0.030130 2.188742 -1.224268
v -0.039106 2.238609 -1.231744
v -0.043594 2.285756 -1.235483
v -0.048082 2.312956 -1.211807
v -0.046586 2.334716 -1.188132
v -0.055562 2.325649 -1.183148
v -0.042098 2.335623 -1.155735
v -0.052570 2.338342 -1.150751
v -0.027138 2.337436 -1.123337
v -0.031626 2.349222 -1.119599
v -0.001706 2.342876 -1.103400
v 0.037189 2.173329 1.135771
v -0.019658 2.343783 -1.132060
v 0.037189 2.191463 1.156954
v -0.040602 2.348316 -1.158227
v -0.052570 2.351036 -1.153242
v 0.031205 2.180583 1.158200
v 0.041677 2.174236 1.159446
v -0.036114 2.192369 -1.215546
v -0.016666 2.157009 -1.196855
v -0.018162 2.145222 -1.199347
v -0.030130 2.142502 -1.193116
v -0.046586 2.186929 -1.218038
v -0.051074 2.236796 -1.229252
v -0.027138 2.154289 -1.189378
v 0.004277 2.146129 -1.169441
v 0.011757 2.137969 -1.174426
v 0.005773 2.126182 -1.165703
v 0.046165 2.185116 1.186860
v 0.043173 2.160636 -1.159473
v 0.076084 2.196902 -1.147012
v 0.064116 2.201436 -1.143274
v 0.083564 2.250396 -1.133306
v 0.044669 2.195996 1.180629
v 0.070100 2.300262 -1.120845
v 0.067108 2.196902 -1.129567
v 0.035693 2.160636 -1.147012
v 0.041677 2.216850 1.204304
v 0.052149 2.211409 1.209289
v 0.034197 2.183303 1.188106
v -0.000210 2.134342 -1.161965
v 0.044669 2.205970 1.218011
v 0.031205 2.194183 1.183121
v 0.049157 2.149755 -1.153242
v 0.077580 2.192369 -1.132059
v 0.094036 2.248582 -1.124583
v 0.082068 2.304796 -1.119599
v 0.058133 2.328369 -1.118353
v 0.035693 2.273969 1.237948
v 0.070100 2.297543 -1.108384
v 0.076084 2.248582 -1.123337
v 0.085060 2.246769 -1.113369
v 0.043173 2.149755 -1.142028
v 0.052149 2.241329 1.230472
v 0.082068 2.302983 -1.107138
v 0.064116 2.331996 -1.107138
v 0.034197 2.347409 -1.110877
v 0.031205 2.336529 -1.115861
v 0.004277 2.349222 -1.119599
v 0.002781 2.337436 -1.114615
v 0.028213 2.331996 -1.103400
v 0.052149 2.319303 -1.112123
v 0.058133 2.322929 -1.100908
v 0.032701 2.343783 -1.098416
v 0.001286 2.354663 -1.107138
v -0.024146 2.355570 -1.128321
v 0.052149 2.244956 1.218011
v -0.037610 2.254929 -1.165703
v -0.046586 2.292103 -1.163211
v -0.049578 2.254929 -1.171934
v -0.060049 2.290289 -1.160719
v -0.055562 2.250396 -1.161965
v -0.048082 2.213222 -1.181902
v -0.037610 2.218662 -1.186886
v -0.043594 2.318396 -1.149504
v -0.055562 2.322023 -1.154489
v -0.051074 2.314769 -1.138290
v -0.039106 2.333809 -1.133306
v -0.049578 2.338342 -1.128321
v 0.034197 2.211409 1.213027
v -0.061545 2.318396 -1.143274
v -0.055562 2.286663 -1.148258
v -0.043594 2.289383 -1.151996
v -0.043594 2.250396 -1.155735
v -0.031626 2.213222 -1.178164
v -0.024146 2.191462 -1.204331
v -0.036114 2.189649 -1.206823
v -0.039106 2.178769 -1.198101
v -0.043594 2.208689 -1.173180
v -0.052570 2.345596 -1.138290
v 0.040181 2.240423 1.230472
v -0.025642 2.349222 -1.119599
v 0.007269 2.361009 -1.110877
v 0.007269 2.351943 -1.119599
v 0.040181 2.346503 -1.113369
v 0.046165 2.358289 -1.114615
v 0.008765 2.370076 -1.120845
v -0.030130 2.361009 -1.120845
v 0.038685 2.244049 1.218011
v -0.042098 2.341063 -1.144520
v 0.037189 2.275783 1.219257
v -0.021154 2.349222 -1.132060
v -0.025642 2.361009 -1.133306
v 0.008765 2.360103 -1.129567
v 0.044669 2.357383 -1.127075
v 0.077580 2.337436 -1.123337
v 0.071596 2.331089 -1.113369
v 0.062621 2.325649 -1.122091
v 0.038685 2.345596 -1.127075
v 0.044669 2.279410 1.229226
v 0.007269 2.307516 1.229226
v 0.070100 2.331089 -1.132060
v -0.009186 2.163356 1.104620
v 0.077580 2.301169 -1.128321
v 0.080572 2.299356 -1.115861
v 0.089548 2.304796 -1.129567
v 0.092540 2.302983 -1.117107
v 0.092540 2.246769 -1.132059
v -0.009186 2.175143 1.108358
v 0.077580 2.205062 -1.183148
v 0.089548 2.204155 -1.188132
v 0.098524 2.252209 -1.142028
v 0.088052 2.255836 -1.149504
v 0.080572 2.250396 -1.139536
v 0.074588 2.215035 -1.191870
v 0.086556 2.214129 -1.195609
v 0.064116 2.174236 -1.226760
v 0.058133 2.168796 -1.216792
v 0.014749 2.150662 -1.224268
v 0.013253 2.158822 -1.218038
v 0.050653 2.179676 -1.216792
v 0.056637 2.185116 -1.226760
v 0.014749 2.162449 -1.230498
v 0.013253 2.170609 -1.224268
v 0.010261 2.181489 1.109604
v 0.011757 2.175143 1.098389
v -0.016666 2.157915 -1.211807
v -0.027138 2.180582 -1.195609
v -0.021154 2.163356 -1.220530
v -0.015170 2.175142 -1.221776
v -0.009186 2.170609 -1.213053
v 0.035693 2.176049 1.103374
v -0.067529 2.322023 -1.165703
v -0.060049 2.293009 -1.171934
v -0.072017 2.292103 -1.171934
v -0.060049 2.256742 -1.181902
v -0.058554 2.318396 -1.156981
v 0.043173 2.174236 1.119572
v -0.055562 2.334716 -1.144520
v 0.031205 2.178769 1.123310
v -0.067529 2.316582 -1.148258
v -0.058554 2.290289 -1.159473
v 0.032701 2.186023 1.137017
v -0.051074 2.255836 -1.173180
v -0.046586 2.223196 -1.189378
v -0.058554 2.218662 -1.188132
v -0.043594 2.205062 -1.204331
v -0.046586 2.193275 -1.198101
v -0.057058 2.213222 -1.176918
v -0.036114 2.193275 -1.191870
v -0.025642 2.183302 -1.211807
v -0.031626 2.192369 -1.218038
v -0.025642 2.202342 -1.215546
v -0.033122 2.205062 -1.198101
v 0.049157 2.185116 1.158200
v -0.045090 2.218662 -1.178164
v -0.069025 2.252209 -1.171934
v -0.013674 2.204155 -1.232991
v -0.009186 2.191462 -1.232991
v -0.018162 2.194182 -1.209315
v -0.004698 2.192369 -1.224268
v 0.049157 2.177862 1.135771
v -0.009186 2.205062 -1.224268
v 0.005773 2.206876 -1.223022
v 0.013253 2.200529 -1.230498
v 0.008765 2.210502 -1.237975
v 0.044669 2.190556 1.135771
v 0.001286 2.216849 -1.230498
v 0.026717 2.233169 -1.218038
v 0.029709 2.237702 -1.228006
v 0.047661 2.186023 1.115834
v 0.056637 2.266716 -1.210561
v 0.038685 2.228636 -1.230498
v 0.035693 2.225009 -1.219284
v 0.055141 2.312049 -1.189378
v 0.068604 2.312049 -1.184394
v 0.062621 2.260369 -1.201839
v 0.064116 2.307516 -1.173180
v 0.052149 2.261276 -1.194363
v 0.046165 2.267622 -1.203085
v 0.052149 2.307516 -1.178164
v 0.040181 2.334716 -1.175672
v 0.049157 2.342876 -1.178164
v 0.019237 2.357383 -1.166949
v 0.053645 2.341062 -1.165703
v 0.026717 2.363729 -1.158227
v 0.025221 2.354663 -1.149504
v 0.044669 2.331996 -1.164457
v 0.035693 2.191463 1.120818
v 0.019237 2.347409 -1.158227
v -0.010682 2.357383 -1.154489
v -0.010682 2.370076 -1.151997
v -0.040602 2.358289 -1.153242
v -0.007690 2.367356 -1.139536
v -0.045090 2.363729 -1.142028
v 0.029709 2.187836 1.104620
v -0.066033 2.345596 -1.154489
v -0.055562 2.339249 -1.156981
v -0.076505 2.320209 -1.155735
v -0.007690 2.354663 -1.142028
v 0.025221 2.183303 1.115834
v 0.031205 2.171516 1.114588
v -0.066033 2.341969 -1.142028
v 0.016245 2.164263 1.104620
v -0.037610 2.347409 -1.147012
v -0.040602 2.353756 -1.135798
v -0.072017 2.288476 -1.158227
v -0.058554 2.252209 -1.163211
v 0.044669 1.995622 -1.220530
v 0.025221 2.078129 -1.242959
v 0.032701 1.992902 -1.219284
v 0.016245 2.077222 -1.250435
v 0.014749 2.170609 1.115834
v 0.025221 2.078129 -1.260404
v 0.046165 1.991088 -1.232991
v 0.034197 2.079942 -1.254173
v -0.003202 2.159729 1.115834
v 0.017741 2.161542 -1.251681
v 0.017741 2.166075 -1.262896
v 0.019237 2.237702 -1.241713
v 0.028213 2.244049 -1.247943
v 0.028213 2.273969 -1.178164
v 0.028213 2.261276 -1.178164
v -0.004698 2.172423 1.119572
v 0.031205 2.161542 -1.254173
v -0.021154 2.176049 1.123310
v 0.031205 2.166982 -1.265388
v 0.038685 2.237702 -1.244205
v 0.029709 2.230449 -1.237975
v 0.041677 2.261276 -1.180656
v 0.041677 2.273969 -1.179410
v 0.008765 1.913115 -1.241713
v 0.008765 2.001062 -1.230498
v -0.019658 2.164263 1.129541
v -0.000210 2.001968 -1.240467
v -0.027138 2.158823 1.120818
v 0.008765 2.001968 -1.249189
v -0.039106 2.166982 1.142001
v 0.017741 2.001062 -1.240467
v -0.055562 2.205970 1.171907
v 0.001286 2.112582 -1.236729
v 0.001286 2.116209 -1.247943
v -0.001706 2.212316 -1.237975
v 0.007269 2.218662 -1.245451
v 0.014749 2.116209 -1.247943
v 0.014749 2.112582 -1.237975
v -0.046586 2.256743 1.196828
v 0.007269 2.205969 -1.232991
v 0.017741 2.212316 -1.240467
v 0.011757 2.261276 -1.173180
v -0.001706 2.261276 -1.171934
v -0.000210 2.248582 -1.171934
v -0.019658 2.295730 1.213027
v 0.011757 2.248582 -1.174426
v 1.406007 0.776152 -1.154488
v 1.382071 0.719032 -1.148258
v 1.377583 0.725379 -1.158226
v 0.008765 2.300263 1.218011
v 1.374591 0.678232 -1.178163
v 1.395535 0.678232 -1.221776
v 1.388055 0.670072 -1.229252
v 1.419470 0.685485 -1.242959
v 1.413487 0.696365 -1.237974
v 0.029709 2.269436 1.226734
v 1.408999 0.698178 -1.250435
v 1.438918 0.720845 -1.244205
v 1.444902 0.717219 -1.255419
v 1.473326 0.745325 -1.241712
v 1.480805 0.735352 -1.244205
v 1.497261 0.749859 -1.224268
v 0.004277 2.296636 1.235456
v 1.468837 0.739885 -1.230498
v -0.022650 2.291196 1.224241
v 1.444902 0.711779 -1.237974
v 1.450886 0.707245 -1.249189
v 1.413487 0.687298 -1.254173
v 1.380575 0.680045 -1.232990
v 1.379079 0.690018 -1.183148
v 1.477813 0.729912 -1.232990
v 1.388055 0.688205 -1.225514
v -0.040602 2.249489 1.205551
v -0.043594 2.204156 1.174399
v 1.370103 0.719938 -1.142027
v 1.403015 0.779779 -1.142028
v 1.365615 0.691832 -1.186886
v -0.040602 2.212316 1.164430
v 1.362623 0.680952 -1.180655
v 1.365615 0.726285 -1.151996
v 1.392543 0.786125 -1.147012
v -0.030130 2.176049 1.140755
v 1.395535 0.782499 -1.159472
v -0.030130 2.169703 1.114588
v 1.446398 0.825112 -1.155734
v 1.492773 0.835992 -1.159473
v 1.437422 0.838712 -1.164457
v 1.443406 0.827832 -1.168195
v 1.495765 0.846872 -1.165703
v 1.440414 0.835086 -1.151996
v 1.491277 0.842339 -1.148258
v 1.494269 0.853219 -1.154488
v 1.497261 0.831459 -1.148258
v 1.506237 0.838712 -1.142028
v 1.503245 0.819672 -1.138290
v 1.500253 0.816952 -1.149504
v 1.504741 0.830552 -1.158227
v 1.513717 0.837806 -1.153242
v 1.516709 0.818765 -1.140782
v 1.512221 0.816045 -1.153242
v -0.046586 2.172423 1.132033
v 1.507733 0.795192 -1.135798
v 1.495765 0.797912 -1.140782
v 1.497261 0.770712 -1.140782
v 1.492773 0.776152 -1.151996
v 1.501749 0.797912 -1.153242
v 1.513717 0.795192 -1.148258
v 1.509229 0.771619 -1.147012
v 1.504741 0.777059 -1.156980
v -0.037610 2.181489 1.130787
v -0.054066 2.214129 1.161938
v 1.489781 0.747139 -1.165703
v 1.488285 0.747139 -1.194362
v 1.501749 0.742605 -1.164457
v 1.506237 0.753485 -1.170687
v 1.494269 0.757112 -1.173179
v 1.498757 0.753485 -1.196854
v 1.494269 0.736259 -1.194362
v 1.504741 0.742605 -1.195608
v 1.483797 0.740792 -1.216791
v 1.495765 0.737165 -1.221776
v 1.485293 0.752578 -1.219283
v -0.036114 2.256743 1.189352
v 0.032701 1.987462 -1.231744
v 0.005773 2.289383 1.224241
v -0.004698 1.915835 -1.241713
v 0.007269 1.910395 -1.255419
v -0.004698 1.913115 -1.256666
v -0.015170 2.282130 1.224241
v 1.400023 0.764365 -1.155734
v 1.404511 0.799725 -1.148258
v 1.392543 0.764365 -1.144520
v 1.426950 0.822392 -1.151996
v 1.434430 0.815139 -1.143274
v -0.010682 2.285756 1.211781
v 1.459862 0.831459 -1.143274
v 1.474822 0.828739 -1.154488
v 1.480805 0.838712 -1.148258
v 1.495765 0.824205 -1.156981
v -0.030130 2.249489 1.198074
v 1.473326 0.835992 -1.165703
v 1.455374 0.830552 -1.155734
v 1.452382 0.842339 -1.155734
v 1.420966 0.828739 -1.140782
v 1.406007 0.797912 -1.135798
v 1.428446 0.821485 -1.133305
v 1.455374 0.844152 -1.143274
v 1.477813 0.846872 -1.159473
v 1.492773 0.832365 -1.173179
v 1.488285 0.822392 -1.168195
v 1.501749 0.811512 -1.180656
v 1.503245 0.806072 -1.168195
v 1.507733 0.788845 -1.180655
v 1.518205 0.787032 -1.173179
v 1.510725 0.749859 -1.195608
v 1.522693 0.748952 -1.199346
v 1.498757 0.711779 -1.224268
v 1.489781 0.720845 -1.225514
v 1.507733 0.757112 -1.205577
v 0.016245 2.147943 1.205551
v 1.515213 0.794285 -1.189378
v 1.512221 0.816952 -1.179410
v 1.500253 0.834179 -1.163211
v 1.417974 0.793379 -1.137044
v 1.414983 0.795192 -1.150750
v 1.410494 0.761645 -1.148258
v 0.025221 2.151569 1.196828
v 1.389551 0.724472 -1.153242
v 0.035693 2.186023 1.222995
v 1.403015 0.761645 -1.137043
v 1.392543 0.721752 -1.140782
v 0.034197 2.232263 1.230472
v 1.395535 0.692738 -1.168195
v 1.391047 0.673698 -1.193116
v 1.404511 0.674605 -1.190624
v 1.406007 0.672792 -1.223022
v 1.400023 0.661005 -1.226760
v 1.392543 0.661005 -1.188132
v 1.386559 0.687298 -1.161965
v 1.395535 0.680952 -1.153242
v 1.406007 0.721752 -1.144520
v 1.401519 0.724472 -1.155734
v 0.043173 2.232263 1.221749
v 0.035693 2.189649 1.210535
v 1.404511 0.662818 -1.185640
v 1.410494 0.654658 -1.220530
v 1.429942 0.661912 -1.251681
v 1.423958 0.674605 -1.251681
v 0.017741 2.160636 1.193090
v 1.416479 0.665538 -1.218037
v 0.008765 2.157009 1.201812
v 1.404511 0.686392 -1.160719
v 1.434430 0.664632 -1.240466
v 1.473326 0.681858 -1.250435
v 1.468837 0.690018 -1.259157
v 1.461358 0.696365 -1.250435
v 1.429942 0.676418 -1.240466
v 1.465846 0.688205 -1.241712
v 0.023725 2.187836 1.224241
v 1.495765 0.724472 -1.236728
v 1.519701 0.757112 -1.209315
v 1.525685 0.793379 -1.181902
v 1.513717 0.812419 -1.166949
v 1.504741 0.715405 -1.235482
v 1.441910 0.581218 -1.296539
v 1.443406 0.526818 -1.270372
v 1.438918 0.519565 -1.280340
v 1.431438 0.526818 -1.264142
v 1.426950 0.519565 -1.274110
v 0.022229 2.192369 1.211781
v 0.023725 2.232263 1.222995
v 1.455374 0.648312 -1.290309
v 1.443406 0.650125 -1.285325
v 0.032701 2.231356 1.213027
v 1.458366 0.713592 -1.266634
v 1.474822 0.748045 -1.213053
v 1.473326 0.759832 -1.216791
v 1.464350 0.719032 -1.276602
v 1.485293 0.761645 -1.218037
v 1.476318 0.712685 -1.272864
v 1.486789 0.749859 -1.214299
v 1.468837 0.707245 -1.262896
v 1.450886 0.651032 -1.302769
v 1.438918 0.653752 -1.296539
v 1.425454 0.583938 -1.289063
v 1.437422 0.583938 -1.284078
v -0.030130 2.219569 1.186860
v 1.429942 0.581218 -1.301524
v -0.039106 2.223196 1.196828
v -0.030130 2.175143 1.208043
v -0.016666 2.177863 1.206797
v 1.456870 0.578498 -1.279094
v 1.447894 0.577591 -1.287817
v 1.450886 0.643778 -1.279094
v 1.452382 0.645592 -1.291555
v 1.449390 0.708152 -1.262896
v 1.449390 0.514125 -1.276602
v -0.019658 2.222290 1.195582
v -0.028634 2.225916 1.204304
v 1.449390 0.519565 -1.265388
v -0.016666 2.180583 1.219257
v 1.465846 0.576685 -1.287817
v -0.028634 2.177863 1.220503
v 1.456870 0.575778 -1.296539
v 1.464350 0.645592 -1.291555
v 1.458366 0.712685 -1.270372
v 1.449390 0.760739 -1.221776
v 1.449390 0.749859 -1.214299
v 1.458366 0.702712 -1.254173
v -0.021154 2.138876 1.214273
v 1.464350 0.642872 -1.279094
v 1.462854 0.519565 -1.264142
v 1.462854 0.514125 -1.276602
v 1.467342 0.708152 -1.262896
v 1.462854 0.750765 -1.214299
v -0.013674 2.146129 1.205551
v 1.462854 0.761645 -1.220530
v 1.407503 0.777059 -1.255419
v 1.420966 0.809699 -1.240467
v 1.398527 0.780685 -1.246697
v 1.410494 0.818765 -1.240467
v 1.444902 0.833272 -1.226760
v 1.444902 0.844152 -1.234236
v 1.477813 0.836899 -1.219284
v 1.473326 0.824205 -1.223022
v 1.449390 0.826019 -1.236728
v -0.012178 2.124369 1.175645
v 1.422462 0.812419 -1.252927
v 1.398527 0.781592 -1.264142
v 1.391047 0.738979 -1.260403
v 1.379079 0.744419 -1.260403
v 1.367111 0.708152 -1.240466
v 1.379079 0.709058 -1.234236
v -0.006194 2.112582 1.179383
v 1.389551 0.785219 -1.255419
v 1.413487 0.821485 -1.252927
v 1.449390 0.836899 -1.244205
v 1.477813 0.826925 -1.235482
v -0.010682 2.137969 1.221749
v 1.498757 0.806979 -1.220530
v 1.498757 0.813325 -1.209315
v 1.512221 0.788845 -1.201839
v 1.519701 0.797912 -1.196854
v 1.516709 0.779779 -1.183148
v 1.530173 0.778872 -1.180655
v 1.506237 0.760739 -1.150750
v 1.500253 0.757112 -1.160719
v 1.516709 0.769805 -1.190624
v -0.003202 2.145223 1.213027
v 1.521197 0.786125 -1.210561
v 1.507733 0.814232 -1.225514
v 1.482301 0.838712 -1.231744
v 1.380575 0.747139 -1.247943
v 1.392543 0.742605 -1.247943
v 1.373095 0.719032 -1.228006
v 0.004277 2.118022 1.179383
v 1.367111 0.691832 -1.203085
v 1.368607 0.690018 -1.178163
v 1.362623 0.718125 -1.234236
v 1.350656 0.698178 -1.201839
v 1.362623 0.702712 -1.198100
v 1.358135 0.693645 -1.173179
v 1.355144 0.687298 -1.205577
v 1.364119 0.677325 -1.178163
v 1.380575 0.681858 -1.160719
v -0.000210 2.129809 1.176891
v 1.400023 0.695458 -1.149504
v 1.401519 0.683672 -1.143274
v 1.373095 0.676418 -1.151996
v 1.353647 0.681858 -1.173179
v 1.368607 0.688205 -1.149504
v 1.376087 0.693645 -1.158226
v 1.394039 0.699992 -1.139536
v 1.435926 0.717219 -1.138289
v 1.395535 0.689112 -1.133305
v 1.441910 0.703619 -1.127075
v -0.001706 2.133436 1.143247
v 1.482301 0.723565 -1.139536
v 1.474822 0.731725 -1.147012
v 1.507733 0.747139 -1.161965
v 0.010261 2.129809 1.143247
v 1.530173 0.768899 -1.189378
v 1.528677 0.794285 -1.205577
v 1.507733 0.821485 -1.214299
v 1.471829 0.739885 -1.137043
v 0.007269 2.118929 1.137017
v 1.441910 0.706339 -1.140782
v -0.006194 2.123462 1.135771
v 1.515213 0.749859 -1.151996
v 1.479309 0.731725 -1.129567
v 0.001286 2.154289 1.120818
v 1.435926 0.715405 -1.125829
v 0.008765 2.147943 1.112096
v 0.010261 2.188743 1.105866
v -1.397452 0.782499 -1.159472
v -1.367532 0.726285 -1.151996
v 0.011757 2.227730 1.110850
v -1.367532 0.691832 -1.186886
v -1.364540 0.680952 -1.180655
v -1.382492 0.680045 -1.232990
v -1.389972 0.688205 -1.225514
v -1.380996 0.690018 -1.183148
v -1.379500 0.725379 -1.158226
v 0.022229 2.227730 1.119572
v -1.407924 0.776152 -1.154488
v 0.011757 2.190556 1.119572
v -1.439339 0.826019 -1.156981
v -1.437843 0.829646 -1.169441
v -1.433355 0.839619 -1.164457
v -1.394460 0.786125 -1.147012
v 0.011757 2.155196 1.128295
v 0.019237 2.149756 1.119572
v 0.025221 2.187836 1.118326
v -1.389972 0.670072 -1.229252
v -1.415404 0.687298 -1.254173
v -1.410915 0.698178 -1.250435
v -1.415404 0.696365 -1.237974
v -1.397452 0.678232 -1.221776
v -1.376508 0.678232 -1.178163
v -1.383988 0.719032 -1.148258
v -1.421387 0.685485 -1.242959
v -1.452803 0.707245 -1.249189
v -1.446819 0.717219 -1.255419
v -1.482722 0.735352 -1.244205
v -1.475242 0.745325 -1.241712
v -1.440835 0.720845 -1.244205
v -1.446819 0.711779 -1.237974
v 0.023725 2.186929 1.105866
v 0.029709 2.226823 1.109604
v -1.470755 0.739885 -1.230498
v -1.487210 0.752578 -1.219283
v -1.499178 0.749859 -1.224268
v -1.497682 0.737165 -1.221776
v -1.479730 0.729912 -1.232990
v -1.485714 0.740792 -1.216791
v 0.020733 2.227730 1.100881
v -1.506658 0.742605 -1.195608
v -1.503666 0.742605 -1.164457
v -1.509650 0.753485 -1.171933
v -1.500674 0.753485 -1.196854
v -1.490202 0.747139 -1.194362
v -1.496186 0.736259 -1.194362
v -1.491698 0.747139 -1.165703
v -1.497682 0.757112 -1.173179
v -1.512642 0.777965 -1.158226
v -1.518626 0.771619 -1.147012
v -1.523114 0.797005 -1.149504
v -1.517130 0.797005 -1.137044
v 0.016245 2.254023 1.118326
v -1.500674 0.777059 -1.151996
v -1.509650 0.799725 -1.154488
v -1.503666 0.799725 -1.142028
v -1.505162 0.770712 -1.142028
v 0.014749 2.256743 1.105866
v -1.517130 0.820579 -1.142028
v -1.496186 0.841432 -1.143274
v -1.512642 0.818765 -1.154488
v -1.505162 0.841432 -1.154488
v -1.479730 0.856845 -1.154488
v -1.476738 0.845966 -1.149504
v -1.488706 0.834179 -1.149504
v -1.502170 0.821485 -1.138290
v -1.499178 0.819672 -1.150750
v -1.496186 0.834179 -1.159473
v -1.479730 0.839619 -1.160719
v 0.011757 2.280316 1.119572
v -1.433355 0.836899 -1.151996
v -1.404932 0.779779 -1.142028
v -1.372020 0.719938 -1.142027
v -1.481226 0.850499 -1.165703
v -1.391468 0.724472 -1.153242
v -1.401940 0.764365 -1.155734
v -1.394460 0.764365 -1.144520
v -1.406428 0.799725 -1.148258
v -1.407924 0.721752 -1.144520
v -1.406428 0.686392 -1.160719
v -1.397452 0.680952 -1.153242
v -1.406428 0.662818 -1.185640
v -1.394460 0.661005 -1.188132
v -1.412411 0.654658 -1.220530
v -1.394460 0.721752 -1.140782
v -1.388476 0.687298 -1.161965
v 0.022229 2.277596 1.127049
v 0.028213 2.254930 1.117080
v -1.404932 0.761645 -1.137043
v -1.407924 0.797912 -1.135798
v -1.422883 0.828739 -1.140782
v -1.428867 0.822392 -1.151996
v -1.416899 0.795192 -1.150750
v -1.436347 0.815139 -1.143274
v 0.026717 2.256743 1.104620
v -1.412411 0.761645 -1.148258
v 0.019237 2.284849 1.110850
v -1.419891 0.793379 -1.137044
v -1.430363 0.821485 -1.133305
v 0.029709 2.283036 1.118326
v 0.008765 2.302983 1.127049
v -1.397452 0.692738 -1.168195
v -1.392964 0.673698 -1.193116
v -1.401940 0.661005 -1.226760
v -1.431859 0.661912 -1.251681
v 0.020733 2.308423 1.128295
v -1.418395 0.665538 -1.218037
v 0.001286 2.318396 1.146986
v -1.406428 0.674605 -1.190624
v -1.403436 0.724472 -1.155734
v 0.011757 2.293916 1.135771
v -1.407924 0.672792 -1.223022
v -1.425875 0.674605 -1.251681
v -1.431859 0.676418 -1.240466
v -1.436347 0.664632 -1.240466
v -1.467763 0.688205 -1.241712
v -1.475242 0.681858 -1.250435
v -1.463275 0.696365 -1.250435
v -1.470755 0.690018 -1.259157
v -1.506658 0.715405 -1.235482
v -1.500674 0.711779 -1.224268
v -1.524610 0.748952 -1.199346
v -1.521618 0.757112 -1.209315
v -1.497682 0.724472 -1.236728
v -1.491698 0.720845 -1.225514
v -0.001706 2.305703 1.148232
v -1.512642 0.749859 -1.195608
v -1.509650 0.757112 -1.205577
v -1.517130 0.794285 -1.189378
v -1.527602 0.793379 -1.181902
v -1.514138 0.816952 -1.179410
v -1.515634 0.812419 -1.166949
v -1.520122 0.787032 -1.173179
v -1.509650 0.788845 -1.180655
v -1.503666 0.811512 -1.180656
v -1.505162 0.806072 -1.168195
v 0.023725 2.299356 1.137017
v -1.497682 0.824205 -1.156981
v -1.502170 0.834179 -1.163211
v -1.482722 0.838712 -1.148258
v -1.494690 0.832365 -1.173179
v -1.479730 0.846872 -1.159473
v -1.457291 0.844152 -1.143274
v -1.461779 0.831459 -1.143274
v -1.476738 0.828739 -1.154488
v 0.011757 2.316583 1.154462
v -1.490202 0.822392 -1.168195
v -1.475242 0.835992 -1.165703
v -1.457291 0.830552 -1.155734
v -1.454299 0.842339 -1.155734
v 0.008765 2.303890 1.155708
v -0.003202 2.301170 1.159446
v -1.443827 0.581218 -1.296539
v -1.431859 0.581218 -1.301524
v -1.452803 0.652845 -1.302769
v -1.457291 0.649218 -1.290309
v -1.475242 0.721752 -1.275356
v -1.469259 0.715405 -1.265388
v -1.445323 0.650125 -1.285325
v -0.003202 2.296636 1.169415
v -1.427371 0.583938 -1.289063
v -0.010682 2.311143 1.156954
v -1.439339 0.583938 -1.284078
v -0.013674 2.298450 1.161938
v -1.440835 0.519565 -1.280340
v -1.428867 0.519565 -1.274110
v -1.440835 0.654658 -1.297785
v -1.433355 0.526818 -1.264142
v -0.025642 2.266716 1.170661
v -1.445323 0.526818 -1.270372
v -1.464771 0.728098 -1.279094
v -1.458787 0.721752 -1.269126
v -0.015170 2.266716 1.178137
v -1.475242 0.755299 -1.214299
v -1.487210 0.758019 -1.216791
v -1.472250 0.767992 -1.219283
v -1.485714 0.770712 -1.221776
v -1.460283 0.702712 -1.254173
v -1.452803 0.643778 -1.279094
v -1.451307 0.708152 -1.262896
v -1.454299 0.645592 -1.291555
v -1.460283 0.712685 -1.270372
v -1.451307 0.760739 -1.221776
v -1.464771 0.761645 -1.220530
v -1.469259 0.708152 -1.262896
v -1.464771 0.750765 -1.214299
v -0.012178 2.283943 1.168169
v -1.466267 0.642872 -1.279094
v -1.451307 0.749859 -1.214299
v -1.451307 0.514125 -1.276602
v -1.458787 0.575778 -1.296539
v -1.449811 0.577591 -1.287817
v -1.466267 0.645592 -1.291555
v -1.467763 0.576685 -1.287817
v -0.004698 2.318396 1.165676
v 0.002781 2.308423 1.168169
v -0.007690 2.305703 1.178137
v -1.458787 0.578498 -1.279094
v -0.010682 2.286663 1.180629
v -1.464771 0.514125 -1.276602
v -0.022650 2.271250 1.188106
v -1.451307 0.519565 -1.265388
v -1.464771 0.519565 -1.264142
v -1.400444 0.780685 -1.246697
v -1.422883 0.809699 -1.240467
v -1.409420 0.777059 -1.255419
v -1.424379 0.812419 -1.252927
v -1.451307 0.826019 -1.236728
v -1.451307 0.836899 -1.244205
v -1.479730 0.826925 -1.235482
v -1.475242 0.824205 -1.223022
v -1.446819 0.833272 -1.226760
v -0.033122 2.271250 1.180629
v -1.412411 0.818765 -1.240467
v -1.391468 0.785219 -1.255419
v -1.382492 0.747139 -1.247943
v -1.380996 0.744419 -1.260403
v -1.364540 0.718125 -1.234236
v -1.375012 0.719032 -1.228006
v -0.022650 2.292103 1.181875
v -1.400444 0.781592 -1.264142
v -1.415404 0.821485 -1.252927
v -1.446819 0.844152 -1.234236
v -1.479730 0.836899 -1.219284
v -0.024146 2.289383 1.169415
v -1.500674 0.813325 -1.209315
v -1.500674 0.806979 -1.220530
v -1.514138 0.788845 -1.201839
v -1.523114 0.786125 -1.210561
v -1.518626 0.769805 -1.190624
v -1.532089 0.768899 -1.189378
v -1.509650 0.747139 -1.161965
v -0.018162 2.307516 1.170661
v -1.518626 0.779779 -1.183148
v -0.036114 2.262183 1.110850
v -1.521618 0.797912 -1.196854
v -1.509650 0.821485 -1.214299
v -1.484218 0.838712 -1.231744
v -1.392964 0.738979 -1.260403
v -1.394460 0.742605 -1.247943
v -1.380996 0.709058 -1.234236
v -1.364540 0.702712 -1.198100
v -1.352572 0.698178 -1.201839
v -1.360052 0.693645 -1.173179
v -1.369028 0.708152 -1.240466
v -1.357060 0.687298 -1.205577
v -1.355564 0.681858 -1.173179
v -1.370524 0.688205 -1.149504
v -1.378004 0.693645 -1.158226
v -1.370524 0.690018 -1.178163
v -0.033122 2.239516 1.104620
v -1.369028 0.691832 -1.203085
v -1.366036 0.677325 -1.178163
v -1.375012 0.676418 -1.151996
v -1.397452 0.689112 -1.133305
v -1.395956 0.699992 -1.139536
v -0.025642 2.202343 1.109604
v -0.018162 2.171516 1.124557
v -1.473747 0.739885 -1.137043
v -1.382492 0.681858 -1.160719
v -0.012178 2.152476 1.145740
v -0.010682 2.142502 1.137017
v -1.476738 0.731725 -1.147012
v -1.502170 0.757112 -1.160719
v -1.508154 0.760739 -1.150750
v -1.532089 0.778872 -1.180655
v -1.530594 0.794285 -1.205577
v -1.509650 0.814232 -1.225514
v -1.517130 0.749859 -1.151996
v -1.481226 0.731725 -1.129567
v -1.437843 0.715405 -1.125829
v 0.001286 2.129809 1.168169
v -1.403436 0.683672 -1.143274
v -1.401940 0.695458 -1.149504
v -0.009186 2.135249 1.173153
v -1.484218 0.723565 -1.139536
v -1.443827 0.703619 -1.127075
v -1.443827 0.706339 -1.140782
v -0.024146 2.205063 1.122064
v -1.437843 0.717219 -1.138289
v 1.395535 0.782499 1.104620
v 1.365615 0.726286 1.098390
v 0.005773 2.141596 1.164430
v 1.365615 0.691832 1.132033
v 1.362623 0.680952 1.127049
v 1.380575 0.680046 1.178138
v -0.004698 2.147036 1.169415
v 1.408999 0.698179 1.195582
v 1.413487 0.696366 1.184368
v -0.025642 2.174236 1.134525
v 1.444902 0.711779 1.184368
v 1.468837 0.739886 1.175645
v 1.477813 0.729912 1.178138
v 1.450886 0.707246 1.195582
v 1.419470 0.685486 1.188106
v 1.395535 0.678232 1.166923
v 1.388055 0.688206 1.171907
v 1.379079 0.690019 1.128295
v 1.377583 0.725379 1.104620
v 1.374591 0.678232 1.123311
v -0.022650 2.148849 1.149478
v 1.370103 0.719939 1.087175
v 1.403015 0.779779 1.088421
v 1.392543 0.786126 1.092159
v 1.440414 0.835086 1.097143
v 1.446398 0.825113 1.102128
v 1.406007 0.776153 1.100882
v 1.443406 0.827833 1.114588
v 1.492773 0.835993 1.104620
v 1.495765 0.846873 1.110850
v 1.382071 0.719032 1.093405
v -0.022650 2.138876 1.140755
v 1.491277 0.842339 1.093405
v 1.494269 0.853219 1.099636
v 1.437422 0.838713 1.109604
v -0.027138 2.166076 1.118326
v -0.036114 2.167889 1.127049
v -0.037610 2.201436 1.110850
v -0.037610 2.204156 1.123310
v 1.388055 0.670072 1.174399
v 1.413487 0.687299 1.200567
v 1.444902 0.717219 1.201813
v 1.438918 0.720846 1.190598
v 1.473326 0.745326 1.186860
v 1.480805 0.735352 1.189352
v 1.495765 0.737166 1.166923
v 1.483797 0.740792 1.161939
v 1.494269 0.736259 1.139510
v 1.488285 0.747139 1.139510
v -0.040602 2.239516 1.114588
v 1.497261 0.749859 1.170661
v 1.504741 0.742606 1.142002
v 1.498757 0.753486 1.142002
v 1.485293 0.752579 1.164431
v 1.494269 0.757112 1.118327
v 1.489781 0.747139 1.112096
v 1.492773 0.776153 1.097144
v 1.501749 0.742606 1.110850
v 1.497261 0.770713 1.087175
v 1.495765 0.797912 1.087175
v 1.501749 0.797913 1.098390
v 1.504741 0.777059 1.102128
v -0.022650 2.239516 1.113342
v 1.506237 0.753486 1.117081
v 1.509229 0.771619 1.092159
v 1.513717 0.795193 1.093405
v 1.507733 0.795193 1.080945
v 1.503245 0.819673 1.083437
v 1.500253 0.816953 1.095897
v 1.497261 0.831459 1.093405
v 1.504741 0.830553 1.104620
v 1.512221 0.816046 1.099636
v -0.031626 2.239516 1.123310
v 1.516709 0.818766 1.087175
v 1.506237 0.838713 1.088421
v 1.513717 0.837806 1.098390
v -0.036114 2.258556 1.123310
v 1.389551 0.724472 1.098390
v 1.400023 0.764366 1.100882
v 1.392543 0.764366 1.089667
v 1.404511 0.799726 1.093405
v -0.034618 2.279410 1.124557
v 1.386559 0.687299 1.107112
v 1.395535 0.680952 1.099636
v 1.392543 0.661006 1.133279
v 1.391047 0.673699 1.138264
v 1.395535 0.692739 1.113342
v -0.022650 2.296636 1.132033
v 1.401519 0.724472 1.102128
v -0.006194 2.305703 1.146986
v 1.410494 0.761646 1.093405
v -0.000210 2.311143 1.169415
v 1.426950 0.822393 1.097143
v 1.420966 0.828739 1.087175
v 1.406007 0.797912 1.080945
v 1.403015 0.761646 1.082191
v 1.392543 0.721752 1.085929
v 1.406007 0.721752 1.089667
v 1.404511 0.686392 1.105866
v 1.404511 0.662819 1.132033
v 1.404511 0.674606 1.137017
v -0.016666 2.302983 1.153216
v -0.025642 2.287570 1.140755
v -0.015170 2.282130 1.139509
v 1.417974 0.793379 1.083437
v 1.428446 0.821486 1.078453
v 1.414983 0.795193 1.095897
v 1.434430 0.815139 1.089667
v 1.455374 0.830553 1.100882
v 1.452382 0.842339 1.100882
v 1.473326 0.835993 1.110850
v 1.459862 0.831459 1.088421
v -0.027138 2.271250 1.132033
v 1.474822 0.828739 1.100882
v 1.455374 0.844153 1.088421
v 1.477813 0.846873 1.104620
v 1.480805 0.838713 1.094651
v 1.492773 0.832366 1.119573
v 1.500253 0.834179 1.108358
v 1.512221 0.816953 1.124557
v 1.501749 0.811513 1.125803
v -0.024146 2.256743 1.123310
v 1.495765 0.824206 1.103374
v 1.513717 0.812419 1.112096
v 1.503245 0.806073 1.114588
v 1.488285 0.822393 1.113342
v 1.525685 0.793379 1.128295
v 1.518205 0.787032 1.118327
v 1.522693 0.748953 1.144494
v 1.510725 0.749859 1.140756
v -0.024146 2.260369 1.110850
v 1.507733 0.757113 1.151970
v 1.507733 0.788846 1.127049
v 1.515213 0.794286 1.135771
v 1.519701 0.757113 1.154462
v 1.495765 0.724472 1.183122
v 1.504741 0.715406 1.180630
v 1.468837 0.690019 1.205551
v 1.461358 0.696366 1.195582
v -0.025642 2.281223 1.115834
v 1.498757 0.711779 1.169415
v 1.473326 0.681859 1.195582
v 1.465846 0.688206 1.186860
v 1.489781 0.720846 1.171907
v 1.429942 0.661912 1.196828
v 1.434430 0.664632 1.185614
v 1.410494 0.654659 1.166923
v 1.416479 0.665539 1.163185
v -0.016666 2.273063 1.123310
v 1.406007 0.672792 1.168169
v 1.429942 0.676419 1.185614
v 1.423958 0.674606 1.196828
v 1.400023 0.661006 1.171907
v -0.012178 2.291196 1.129541
v 1.431438 0.526819 1.210535
v 1.425454 0.583939 1.234210
v 1.437422 0.583939 1.230472
v -0.001706 2.293010 1.148232
v 1.455374 0.648312 1.236702
v 1.441910 0.581219 1.241687
v -0.012178 2.291196 1.155708
v -0.006194 2.300263 1.174399
v 1.443406 0.526819 1.216765
v 0.007269 2.305703 1.191844
v 1.426950 0.519565 1.220504
v 1.429942 0.581219 1.246671
v 0.025221 2.277596 1.221749
v 1.438918 0.653752 1.242933
v 1.443406 0.650126 1.230472
v 1.458366 0.713592 1.211781
v 1.468837 0.707246 1.209289
v 0.020733 2.271250 1.210535
v 1.486789 0.749859 1.159447
v 1.476318 0.712686 1.218011
v 1.485293 0.761646 1.164431
v 1.464350 0.719032 1.221750
v 1.473326 0.759833 1.161939
v 1.474822 0.748046 1.158201
v 1.450886 0.651032 1.247917
v 1.438918 0.519565 1.225488
v 0.014749 2.290290 1.206797
v 1.450886 0.643779 1.224242
v 1.449390 0.708152 1.208043
v 1.452382 0.645592 1.237949
v 1.458366 0.712686 1.215519
v 1.449390 0.760739 1.166923
v 1.462854 0.761646 1.166923
v 1.467342 0.708152 1.208043
v 1.462854 0.750766 1.159447
v 1.458366 0.702712 1.200567
v 1.464350 0.642872 1.224242
v 1.449390 0.749859 1.160693
v 1.449390 0.514125 1.221750
v 1.456870 0.575779 1.242933
v 1.447894 0.577592 1.232964
v 1.464350 0.645592 1.237949
v 1.465846 0.576685 1.232964
v 1.456870 0.578499 1.224242
v 1.462854 0.519565 1.210535
v 1.462854 0.514125 1.221750
v 0.007269 2.293010 1.188106
v 1.449390 0.519565 1.210535
v 0.002781 2.293010 1.169415
v 0.008765 2.303890 1.164430
v 0.017741 2.294823 1.181875
v 0.019237 2.306610 1.185614
v 1.420966 0.809699 1.185614
v 1.407503 0.777059 1.200567
v 0.025221 2.298450 1.208043
v 1.392543 0.742606 1.193090
v 1.380575 0.747139 1.193090
v 0.037189 2.277596 1.215519
v 1.362623 0.718126 1.180630
v 1.350656 0.698179 1.146986
v 1.355144 0.687299 1.151970
v 1.367111 0.708152 1.186860
v 1.379079 0.744419 1.205551
v 1.389551 0.785219 1.200567
v 1.398527 0.780686 1.191844
v 1.410494 0.818766 1.185614
v 0.031205 2.272156 1.204304
v 1.449390 0.826019 1.181876
v 1.473326 0.824206 1.168169
v 1.422462 0.812419 1.198074
v 1.398527 0.781593 1.210535
v 1.391047 0.738979 1.205551
v 1.379079 0.709059 1.179384
v 1.373095 0.719032 1.173153
v 1.362623 0.702712 1.144494
v 1.367111 0.691832 1.148232
v 1.364119 0.677326 1.124557
v 1.353647 0.681859 1.119573
v 0.029709 2.292103 1.198074
v 1.368607 0.688206 1.094651
v 1.395535 0.689112 1.078453
v 1.394039 0.699992 1.084683
v 1.435926 0.715406 1.070976
v 0.019237 2.283943 1.196828
v 0.004277 2.248583 1.154462
v 1.376087 0.693646 1.103374
v 1.358135 0.693646 1.118327
v 1.368607 0.690019 1.123311
v -0.007690 2.248583 1.153216
v 1.373095 0.676419 1.098390
v 1.401519 0.683672 1.088421
v 1.441910 0.703619 1.073468
v 1.479309 0.731726 1.074715
v -0.007690 2.261276 1.153216
v 1.435926 0.717219 1.084683
v 0.004277 2.261276 1.155708
v 1.400023 0.695459 1.095898
v 0.007269 1.846022 1.237948
v 1.380575 0.681859 1.107112
v 1.441910 0.706339 1.085929
v 1.482301 0.723566 1.084683
v 1.515213 0.749859 1.098390
v 1.506237 0.760739 1.095898
v 1.474822 0.731726 1.093405
v 1.471829 0.739886 1.083437
v 1.500253 0.757112 1.105866
v 1.507733 0.747139 1.108358
v 1.530173 0.768899 1.134525
v 1.530173 0.778873 1.127049
v 1.528677 0.794286 1.150724
v 1.519701 0.797913 1.142002
v 1.516709 0.779779 1.128295
v 1.516709 0.769806 1.137017
v 1.521197 0.786126 1.156955
v 0.008765 1.981116 1.231718
v 1.512221 0.788846 1.148232
v 1.498757 0.813326 1.154462
v 1.507733 0.821486 1.159447
v 1.477813 0.836899 1.164431
v 1.482301 0.838713 1.176891
v 1.444902 0.844153 1.179383
v 1.444902 0.833273 1.171907
v 1.413487 0.821486 1.198074
v 1.449390 0.836899 1.189352
v 1.477813 0.826926 1.180629
v 1.507733 0.814233 1.170661
v 1.498757 0.806979 1.165677
v -0.004698 1.848742 1.239194
v -0.009186 2.217756 1.220503
v -1.397452 0.678232 1.166923
v -1.389972 0.688206 1.171907
v -1.415404 0.696366 1.184368
v -1.410915 0.698179 1.195582
v -1.440835 0.720846 1.190598
v -0.000210 2.212316 1.215519
v 0.014749 2.116209 1.231718
v -1.379500 0.725379 1.104620
v -1.367532 0.726286 1.098390
v -1.397452 0.782499 1.104620
v -1.382492 0.680046 1.178138
v -1.367532 0.691832 1.132033
v -1.364540 0.680952 1.127049
v -1.372020 0.719939 1.087175
v -1.394460 0.786126 1.092159
v -1.404932 0.779779 1.088421
v -1.442331 0.835086 1.097143
v -1.439339 0.838713 1.109604
v -1.445323 0.827833 1.114588
v -1.407924 0.776153 1.100882
v -1.448315 0.825113 1.102128
v 0.014749 2.112582 1.220503
v -1.493194 0.842339 1.093405
v 0.017741 1.982022 1.222995
v -1.383988 0.719032 1.093405
v -1.380996 0.690019 1.128295
v -0.006194 2.205970 1.208043
v -0.016666 2.211409 1.213027
v -1.389972 0.670072 1.174399
v -1.415404 0.687299 1.200567
v -1.446819 0.717219 1.201813
v -1.475242 0.745326 1.186860
v -1.470755 0.739886 1.175645
v -1.446819 0.711779 1.184368
v 0.001286 2.116209 1.230472
v -1.421387 0.685486 1.188106
v -1.376508 0.678232 1.123311
v 0.001286 2.112582 1.220503
v -1.452803 0.707246 1.195582
v -1.482722 0.735352 1.189352
v -1.479730 0.729912 1.178138
v -0.000210 1.981116 1.222995
v -1.485714 0.740792 1.161939
v -1.487210 0.752579 1.164431
v -1.497682 0.737166 1.166923
v -1.499178 0.749859 1.170661
v -1.500674 0.753486 1.142002
v -1.490202 0.747139 1.139510
v -1.496186 0.757112 1.118327
v -1.508154 0.753486 1.117081
v -1.506658 0.742606 1.142002
v -1.496186 0.736259 1.139510
v 0.008765 1.981116 1.214273
v -1.491698 0.747139 1.112096
v -1.503666 0.742606 1.110850
v -1.511146 0.771619 1.092159
v -1.506658 0.777059 1.102128
v -1.515634 0.795193 1.093405
v -1.503666 0.797913 1.098390
v -1.494690 0.776153 1.097144
v -1.499178 0.770713 1.087175
v -1.509650 0.795193 1.080945
v -1.497682 0.797912 1.087175
v -0.004698 1.852369 1.225487
v 0.008765 1.849648 1.224241
v -1.514138 0.816046 1.099636
v -1.506658 0.830553 1.104620
v -1.518626 0.818766 1.087175
v -1.515634 0.837806 1.098390
v -1.497682 0.846873 1.110850
v -1.494690 0.835993 1.104620
v -1.499178 0.831459 1.093405
v -1.502170 0.816953 1.095897
v -1.505162 0.819673 1.083437
v -1.508154 0.838713 1.088421
v -1.496186 0.853219 1.099636
v -1.416899 0.795193 1.095897
v -1.401940 0.764366 1.100882
v -1.406428 0.799726 1.093405
v -1.394460 0.764366 1.089667
v -1.428867 0.822393 1.097143
v -1.436347 0.815139 1.089667
v 0.032701 1.972049 1.203058
v -1.461779 0.831459 1.088421
v -1.476738 0.828739 1.100882
v -1.482722 0.838713 1.094651
v -1.497682 0.824206 1.103374
v 0.044669 1.980209 1.204304
v -1.475242 0.835993 1.110850
v -1.457291 0.830553 1.100882
v -1.454299 0.842339 1.100882
v -1.422883 0.828739 1.087175
v -1.407924 0.797912 1.080945
v -1.430363 0.821486 1.078453
v -1.457291 0.844153 1.088421
v -1.479730 0.846873 1.104620
v -1.494690 0.832366 1.119573
v -1.490202 0.822393 1.113342
v -1.503666 0.811513 1.125803
v -1.505162 0.806073 1.114588
v 0.007269 2.225916 1.216765
v -1.520122 0.787032 1.118327
v -1.512642 0.749859 1.140756
v -1.524610 0.748953 1.144494
v -1.500674 0.711779 1.169415
v -1.491698 0.720846 1.171907
v -1.509650 0.757113 1.151970
v -1.509650 0.788846 1.127049
v -1.517130 0.794286 1.135771
v -1.514138 0.816953 1.124557
v -1.502170 0.834179 1.108358
v -1.419891 0.793379 1.083437
v -0.004698 2.242236 1.153216
v -1.412411 0.761646 1.093405
v -1.403436 0.724472 1.102128
v -1.391468 0.724472 1.098390
v -0.001706 2.233170 1.220503
v -1.404932 0.761646 1.082191
v -1.394460 0.721752 1.085929
v -0.003202 2.255836 1.153216
v -1.397452 0.692739 1.113342
v -1.392964 0.673699 1.138264
v 0.034197 2.079942 1.236702
v -1.407924 0.672792 1.168169
v -1.401940 0.661006 1.171907
v -1.394460 0.661006 1.133279
v -1.388476 0.687299 1.107112
v 0.023725 2.166076 1.247917
v -1.407924 0.721752 1.089667
v 0.008765 2.242236 1.226734
v 0.010261 2.255836 1.154462
v -1.397452 0.680952 1.099636
v -1.406428 0.662819 1.132033
v -1.412411 0.654659 1.166923
v -1.431859 0.661912 1.196828
v -1.425875 0.674606 1.196828
v -1.431859 0.676419 1.185614
v -1.418395 0.665539 1.163185
v -1.406428 0.674606 1.137017
v -1.406428 0.686392 1.105866
v -1.436347 0.664632 1.185614
v -1.475242 0.681859 1.195582
v -1.470755 0.690019 1.205551
v -1.463275 0.696366 1.195582
v 0.008765 2.243143 1.155708
v -1.467763 0.688206 1.186860
v 0.016245 2.233170 1.222995
v -1.497682 0.724472 1.183122
v -1.521618 0.757113 1.154462
v -1.527602 0.793379 1.128295
v -1.515634 0.812419 1.112096
v -1.506658 0.715406 1.180630
v -1.443827 0.581219 1.241687
v -1.445323 0.526819 1.216765
v -1.440835 0.519565 1.225488
v -1.433355 0.526819 1.210535
v -1.428867 0.519565 1.220504
v 0.023725 2.161543 1.236702
v -1.439339 0.583939 1.230472
v -1.457291 0.648312 1.236702
v -1.445323 0.650126 1.230472
v 0.025221 2.078129 1.225487
v -1.460283 0.713592 1.211781
v -1.476738 0.748046 1.158201
v -1.475242 0.759833 1.161939
v -1.466267 0.719032 1.221750
v -1.487210 0.761646 1.164431
v -1.478234 0.712686 1.218011
v -1.488706 0.749859 1.159447
v -1.470755 0.707246 1.209289
v -1.452803 0.651032 1.247917
v -1.440835 0.653752 1.242933
v -1.427371 0.583939 1.234210
v 0.011757 2.161543 1.234210
v 0.010261 2.166076 1.245425
v -1.431859 0.581219 1.246671
v 0.016245 2.077222 1.232964
v 0.032701 1.962982 1.215519
v -1.464771 0.519565 1.210535
v -1.467763 0.576685 1.232964
v 0.025221 2.078129 1.242932
v -1.466267 0.642872 1.224242
v -1.452803 0.643779 1.224242
v 0.046165 1.971142 1.216765
v -1.451307 0.708152 1.208043
v -1.451307 0.749859 1.160693
v -1.517130 0.749859 1.098390
v -1.509650 0.821486 1.159447
v -1.458787 0.575779 1.242933
v -1.530594 0.794286 1.150724
v -1.464771 0.514125 1.221750
v -1.532089 0.768899 1.134525
v -1.451307 0.514125 1.221750
v -1.449811 0.577592 1.232964
v -1.454299 0.645592 1.237949
v -1.458787 0.578499 1.224242
v -1.451307 0.519565 1.210535
v -1.466267 0.645592 1.237949
v -1.460283 0.712686 1.215519
v -1.451307 0.760739 1.166923
v -1.469259 0.708152 1.208043
v -1.460283 0.702712 1.200567
v -1.464771 0.750766 1.159447
v -1.464771 0.761646 1.166923
v -1.409420 0.777059 1.200567
v -1.422883 0.809699 1.185614
v -1.400444 0.780686 1.191844
v -1.412411 0.818766 1.185614
v -1.446819 0.833273 1.171907
v -1.446819 0.844153 1.179383
v -1.479730 0.836899 1.164431
v -1.475242 0.824206 1.168169
v -1.451307 0.826019 1.181876
v -1.403436 0.683672 1.088421
v -1.424379 0.812419 1.198074
v -1.400444 0.781593 1.210535
v -1.392964 0.738979 1.205551
v -1.380996 0.744419 1.205551
v -1.369028 0.708152 1.186860
v -1.380996 0.709059 1.179384
v -1.401940 0.695459 1.095898
v -1.391468 0.785219 1.200567
v -1.415404 0.821486 1.198074
v -1.451307 0.836899 1.189352
v -1.479730 0.826926 1.180629
v -1.502170 0.757112 1.105866
v -1.500674 0.806979 1.165677
v -1.500674 0.813326 1.154462
v -1.514138 0.788846 1.148232
v -1.521618 0.797913 1.142002
v -1.518626 0.779779 1.128295
v -1.532089 0.778873 1.127049
v -1.508154 0.760739 1.095898
v -1.509650 0.747139 1.108358
v -1.518626 0.769806 1.137017
v -1.484218 0.723566 1.084683
v -1.523114 0.786126 1.156955
v -1.509650 0.814233 1.170661
v -1.484218 0.838713 1.176891
v -1.382492 0.747139 1.193090
v -1.394460 0.742606 1.193090
v -1.375012 0.719032 1.173153
v -1.443827 0.706339 1.085929
v -1.369028 0.691832 1.148232
v -1.370524 0.690019 1.123311
v -1.364540 0.718126 1.180630
v -1.352572 0.698179 1.146986
v -1.364540 0.702712 1.144494
v -1.360052 0.693646 1.118327
v -1.357060 0.687299 1.151970
v -1.366036 0.677326 1.124557
v -1.382492 0.681859 1.107112
v -1.378004 0.693646 1.103374
v -1.476738 0.731726 1.093405
v -1.355564 0.681859 1.119573
v -1.370524 0.688206 1.094651
v -1.437843 0.717219 1.084683
v -1.395956 0.699992 1.084683
v -1.397452 0.689112 1.078453
v -1.437843 0.715406 1.070976
v -1.443827 0.703619 1.073468
v -1.481226 0.731726 1.074715
v -1.473747 0.739886 1.083437
v -1.375012 0.676419 1.098390
v 0.066405 2.175768 1.100192
v 0.135333 2.088356 1.091510
v 0.094522 2.187658 1.064666
v 0.148762 2.097580 1.052890
v 0.228496 1.944377 1.085123
v 0.251157 1.960735 0.977048
v 0.387544 1.776616 1.010878
v 0.384187 1.766239 0.878055
v 0.246436 1.951727 0.843926
v 0.153063 2.103994 0.950703
v 0.098508 2.189459 1.030537
v 0.029266 2.309443 1.037622
v 0.023915 2.314559 1.079934
v 0.003037 2.302453 1.097797
v 0.019928 2.157104 1.104383
v 0.011535 2.263251 1.099892
v -0.001684 2.299931 1.097797
v -0.011755 2.314126 1.091310
v 0.082981 2.060108 1.107776
v 0.186740 1.916705 1.105381
v 0.347047 1.746927 1.107476
v 0.529806 1.603307 1.036025
v 0.525924 1.589688 0.911285
v 0.516692 1.572609 0.705215
v 0.371912 1.748584 0.680866
v 0.235630 1.932414 0.657315
v 0.149391 2.092464 0.824067
v 0.100292 2.184415 0.934736
v 0.030944 2.303317 1.007385
v -0.028751 2.316505 1.038720
v -0.025919 2.320684 1.075543
v -0.068618 2.171011 1.100691
v -0.030325 2.158689 1.113165
v -0.013434 2.161788 1.118853
v 0.003247 2.159482 1.115460
v 0.007024 2.053983 1.124840
v 0.025699 2.055064 1.106279
v 0.005136 1.889322 1.129331
v -0.001789 2.000225 1.137414
v -0.009028 1.779715 1.154279
v 0.018460 1.666001 1.135319
v -0.010496 1.551855 1.171443
v 0.042904 1.889682 1.105081
v 0.111308 1.897104 1.130928
v 0.004087 2.109327 1.137813
v 0.091269 1.671550 1.107277
v 0.179291 1.685098 1.159568
v 0.282421 1.706933 1.126337
v 0.398875 1.506312 1.120050
v 0.491198 1.574699 1.116158
v 0.543864 1.325292 1.137015
v 0.309174 1.241556 1.137314
v 0.236364 1.462282 1.147493
v 0.156106 1.210642 1.129231
v 0.127150 1.443258 1.118054
v 0.031469 1.433602 1.151585
v -0.007139 1.315924 1.190304
v 0.041855 1.198968 1.172341
v -0.001789 1.079993 1.210961
v 0.183593 0.979971 1.141406
v 0.050878 0.965631 1.195094
v 0.003247 0.851629 1.232616
v 0.056753 0.736690 1.219543
v 0.008913 0.618653 1.255867
v 0.067769 0.505011 1.243593
v 0.014473 0.384235 1.282712
v 0.087073 0.281330 1.268940
v 0.023810 0.185128 1.319934
v 0.101656 0.147223 1.294786
v 0.032308 0.107805 1.353763
v 0.105433 0.066946 1.330213
v 0.057068 0.053038 1.395876
v 0.130402 0.031996 1.356658
v 0.143201 0.038986 1.470620
v 0.195763 0.050012 1.455252
v 0.167961 0.035023 1.447468
v 0.147293 0.009729 1.430503
v 0.143621 0.030915 1.406853
v 0.128933 0.029906 1.410445
v 0.136172 0.031636 1.396774
v 0.154322 0.023637 1.392982
v 0.124632 0.018809 1.411244
v 0.178557 0.024141 1.420424
v 0.197651 0.021907 1.438986
v 0.195763 0.011530 1.420325
v 0.192615 0.004901 1.395077
v 0.283050 0.013404 1.369930
v 0.298158 0.010089 1.400267
v 0.311167 0.005405 1.428308
v 0.312426 0.032789 1.399468
v 0.314944 0.013981 1.283410
v 0.316098 0.053110 1.242296
v 0.321868 0.151547 1.213655
v 0.282841 0.307273 1.193897
v 0.235840 0.530016 1.173838
v 0.209087 0.752688 1.155177
v 0.397406 1.027388 1.140907
v 0.699660 1.162288 1.136316
v 0.642693 1.406578 1.128333
v 0.799643 1.247321 1.143901
v 0.676789 1.431584 1.055185
v 0.493506 0.827848 1.152084
v 0.863849 1.007211 1.144200
v 0.595482 0.649207 1.163360
v 0.693680 0.482455 1.169348
v 0.504312 0.300859 1.204475
v 0.456052 0.153348 1.190404
v 0.434965 0.087051 1.213356
v 0.433601 0.017079 1.256566
v 0.407058 0.038842 1.353963
v 0.396566 0.014917 1.409148
v 0.451856 0.032501 1.385996
v 0.437378 0.011026 1.367036
v 0.435594 0.018088 1.344782
v 0.441889 0.000505 1.322429
v 0.267838 0.000001 1.321930
v 0.174256 0.013404 1.348774
v 0.123583 0.002018 1.397772
v 0.117183 0.001874 1.369132
v 0.108790 0.005982 1.411643
v 0.096305 0.001442 1.388491
v 0.097040 0.001226 1.377414
v 0.116134 0.013981 1.414836
v 0.499276 0.004540 1.345481
v 0.488785 0.019890 1.364142
v 0.548690 0.002667 1.383302
v 0.479658 0.012251 1.381406
v 0.480812 0.019313 1.395876
v 0.541976 0.017584 1.444474
v 0.544599 0.041869 1.445872
v 0.607127 0.038265 1.440383
v 0.547851 0.049723 1.423019
v 0.597685 0.021115 1.366038
v 0.547117 0.026087 1.373822
v 0.540822 0.007351 1.298778
v 0.537255 0.010738 1.260458
v 0.589921 0.009729 1.258163
v 0.532324 0.032284 1.226728
v 0.531275 0.067955 1.204774
v 0.774673 0.308065 1.174737
v 1.191808 0.693597 1.154279
v 1.032864 0.849683 1.151585
v 0.964146 1.088497 1.152183
v 0.832375 1.269372 1.071452
v 1.142604 0.930969 1.149589
v 1.002545 1.115736 1.083227
v 1.191388 0.963613 1.092807
v 1.008105 1.107665 0.978146
v 0.835628 1.261373 0.957888
v 0.675425 1.420702 0.937730
v 0.671754 1.405569 0.728866
v 1.320641 0.768181 1.150387
v 0.838880 1.248330 0.751419
v 1.016813 1.094334 0.770679
v 1.200411 0.953741 0.995111
v 1.386631 0.807743 1.110371
v 1.458077 0.589828 1.143302
v 1.402998 0.542843 1.158371
v 1.277102 0.497444 1.167452
v 1.290531 0.321613 1.197190
v 0.813071 0.176264 1.184117
v 0.827969 0.053831 1.202479
v 0.828808 0.008216 1.253173
v 0.845175 0.048354 1.363244
v 0.847273 0.010305 1.350271
v 0.606078 0.015278 1.439784
v 0.543340 0.012828 1.432699
v 0.503473 0.008360 1.404857
v 0.513649 0.030050 1.392583
v 0.547326 0.020178 1.396175
v 0.543760 0.019097 1.425414
v 0.610065 0.025727 1.419028
v 0.840663 0.019457 1.330312
v 0.545333 0.028681 1.418129
v 0.547956 0.027312 1.406454
v 0.594013 0.015350 1.392583
v 0.576807 0.009152 1.388192
v 0.616989 0.001154 1.398171
v 0.617933 0.004324 1.391684
v 0.845594 0.009224 1.331510
v 0.836047 0.017007 1.312949
v 1.275843 0.012179 1.296782
v 1.276263 0.024213 1.292591
v 1.276053 0.038338 1.300175
v 1.283816 0.014701 1.348275
v 1.297036 0.061253 1.243992
v 1.296616 0.134036 1.220940
v 1.350122 0.225771 1.213456
v 1.424295 0.368165 1.165156
v 1.496580 0.398503 1.166055
v 1.488397 0.269440 1.188209
v 1.443284 0.137711 1.177431
v 1.432583 0.113354 1.183219
v 1.502455 0.142251 1.172741
v 1.487033 0.115156 1.128832
v 1.493223 0.150178 1.131527
v 1.367118 0.096780 1.236807
v 1.407194 0.084673 1.285007
v 1.427128 0.076819 1.266046
v 1.416217 0.041436 1.263053
v 1.472870 0.050732 1.213157
v 1.491964 0.033293 1.186512
v 1.471716 0.018881 1.143302
v 1.495951 0.037473 1.143302
v 1.483466 0.036031 1.110071
v 1.487558 0.046336 1.169547
v 1.459546 0.063343 1.100791
v 1.416846 0.102401 1.086221
v 1.420833 0.140810 1.095302
v 1.408663 0.174102 1.066163
v 1.410027 0.144701 1.058778
v 1.433947 0.051957 1.043011
v 1.470457 0.044102 1.060674
v 1.521025 0.024141 1.078338
v 1.521654 0.035527 1.148192
v 1.522808 0.031203 1.208965
v 1.438458 0.035023 1.296383
v 1.404467 0.031924 1.321331
v 1.385163 0.035599 1.283211
v 1.428492 0.020322 1.286005
v 1.410552 0.027024 1.261955
v 1.491020 0.012611 1.169448
v 1.380651 0.024934 1.227227
v 1.341728 0.038121 1.275327
v 1.329244 0.030411 1.272134
v 1.549037 0.038121 1.154878
v 1.547253 0.023493 1.080333
v 1.349702 0.022268 1.252874
v 1.353479 0.023637 1.266146
v 1.349807 0.014269 1.272134
v 1.353374 0.005621 1.267344
v 1.275738 0.005910 1.274728
v 1.401109 0.001514 1.276325
v 1.275843 0.000073 1.310254
v 1.402053 0.002883 1.307161
v 1.586701 0.005765 1.195294
v 1.576209 0.026303 1.193897
v 1.596248 0.009513 1.137115
v 1.554492 0.011530 1.176633
v 1.394500 0.013188 1.254670
v 1.380966 0.012539 1.234113
v 1.491439 0.005333 1.168849
v 0.963097 0.007783 1.340292
v 1.591212 0.000793 1.134720
v 1.533300 0.005405 1.159668
v 1.591002 0.021187 1.129431
v 1.611250 0.018088 1.144300
v 1.627197 0.012467 1.118953
v 1.626463 0.001514 1.042213
v 1.600759 0.010017 1.039319
v 1.588589 0.002162 1.039718
v 1.589428 0.011819 0.992517
v 1.587960 0.002451 0.992716
v 1.590058 0.000721 0.941722
v 1.604221 0.008720 0.941024
v 1.599500 0.000145 0.741739
v 1.602857 0.010377 0.992517
v 1.615447 0.004396 0.992417
v 1.628981 0.000865 0.993514
v 1.643039 0.000793 0.996408
v 1.630554 0.001009 0.942221
v 1.655209 0.002955 1.049897
v 1.615132 0.016431 1.112866
v 1.664021 0.013332 1.052591
v 1.656783 0.001514 0.999701
v 1.657937 0.001226 0.946013
v 1.670946 0.002955 0.948109
v 1.675772 0.016863 1.002496
v 1.601598 0.028897 1.103984
v 1.581665 0.019169 1.120749
v 1.555751 0.013332 1.133024
v 1.526271 0.008648 1.149689
v 1.550715 0.023277 1.134121
v 1.585337 0.044823 1.098895
v 1.581560 0.024213 0.993614
v 1.638842 0.022628 0.992018
v 1.670316 0.024213 0.947510
v 1.680913 0.010594 0.949406
v 1.679339 0.025294 0.838238
v 1.675247 0.001874 0.837440
v 1.649439 0.011819 0.944217
v 1.622581 0.018160 0.939826
v 1.582504 0.029258 0.951702
v 1.509485 0.010954 0.962479
v 1.475598 0.013116 0.955893
v 1.453146 0.091015 0.947909
v 1.448005 0.147944 0.946612
v 1.465736 0.155726 0.817880
v 1.463952 0.085754 0.740442
v 1.500147 0.029906 0.718288
v 1.518927 0.011314 0.831452
v 1.553338 0.017439 0.835943
v 1.628246 0.009657 0.838637
v 1.636115 0.024718 0.674879
v 1.608628 0.022844 0.728766
v 1.534244 0.018664 0.720084
v 1.534979 0.026375 0.680068
v 1.573901 0.023421 0.682563
v 1.600024 0.018809 0.652725
v 1.537287 0.039130 0.657315
v 1.507701 0.053831 0.656217
v 1.477591 0.068531 0.685955
v 1.451363 0.108958 0.720084
v 1.433003 0.190172 0.697132
v 1.463008 0.193415 0.814986
v 1.415273 0.413852 1.093705
v 1.416007 0.604889 1.052092
v 1.392821 0.802771 1.022454
v 1.386316 0.808103 0.804408
v 1.211426 0.942499 0.789639
v 1.480739 0.077683 0.662405
v 1.443179 0.128415 0.660109
v 1.430800 0.640199 0.813490
v 1.426393 0.654179 0.574887
v 1.381595 0.811346 0.563610
v 1.441396 0.462062 0.815585
v 1.432059 0.481519 0.588159
v 1.429646 0.353753 0.705315
v 1.445592 0.188731 0.617398
v 1.471506 0.070981 0.605024
v 1.540224 0.011098 0.598338
v 1.621846 0.031419 0.638454
v 1.640731 0.046480 0.623486
v 1.599290 0.023925 0.567403
v 1.601388 0.006414 0.489565
v 1.506337 0.017079 0.500841
v 1.484305 0.070045 0.361731
v 1.459126 0.205233 0.356542
v 1.439927 0.493048 0.337482
v 1.431849 0.661962 0.329099
v 1.378133 0.813148 0.322812
v 1.216672 0.935221 0.554330
v 1.022793 1.081939 0.543552
v 0.841188 1.236512 0.529880
v 0.666823 1.391157 0.515011
v 0.506725 1.556107 0.499144
v 0.360476 1.731578 0.482779
v 1.029402 1.073724 0.314729
v 0.844860 1.229522 0.308542
v 0.666823 1.384167 0.300858
v 0.503263 1.547531 0.292375
v 1.218980 0.931041 0.318122
v 1.376665 0.819273 0.079020
v 1.426498 0.671474 0.077224
v 1.437409 0.501552 0.075927
v 1.469093 0.221014 0.081914
v 1.471506 0.163725 0.221523
v 1.527425 0.021835 0.229607
v 1.637059 0.014989 0.241781
v 1.684270 0.020178 0.489166
v 1.674618 0.038265 0.657415
v 1.688466 0.007639 0.656916
v 1.672834 0.011674 0.707910
v 1.639682 0.005549 0.729764
v 1.610726 0.008143 0.739843
v 1.613873 0.000072 0.672184
v 1.620692 0.009729 0.673980
v 1.647760 0.006054 0.680267
v 1.655838 0.001658 0.640949
v 1.642409 0.004540 0.637357
v 1.629295 0.009224 0.634762
v 1.615657 0.008936 0.631968
v 1.624469 0.009224 0.584667
v 1.616706 0.000865 0.631868
v 1.637059 0.000433 0.478887
v 1.652586 0.007927 0.589457
v 1.680913 0.002378 0.485573
v 1.653530 0.011026 0.482280
v 1.667379 0.009512 0.249465
v 1.660455 0.003603 0.249066
v 1.671995 0.009729 0.024335
v 1.698328 0.000000 0.024534
v 1.693082 0.002090 0.249266
v 1.730327 0.008864 0.249166
v 1.717527 0.012899 0.489665
v 1.704623 0.023637 0.248767
v 1.693502 0.010665 0.023636
v 1.732110 0.006774 0.021840
v 1.715219 0.025222 0.018746
v 1.645872 0.015133 0.008268
v 1.544735 0.035094 -0.009595
v 1.494902 0.174606 -0.039333
v 1.457867 0.384811 -0.056796
v 1.447061 0.491391 -0.165071
v 1.433108 0.661169 -0.166867
v 1.422931 0.752039 -0.046418
v 1.311409 0.862366 -0.039932
v 1.223072 0.932122 0.080717
v 1.035487 1.066373 0.084110
v 0.846119 1.224477 0.086205
v 0.665773 1.379267 0.086205
v 0.501794 1.543784 0.085207
v 0.354916 1.721561 0.283893
v 0.226712 1.916633 0.466812
v 0.142677 2.069909 0.641747
v 0.098194 2.170507 0.813589
v 0.033357 2.289265 0.916275
v -0.032423 2.313478 1.006387
v -0.103554 2.187081 1.031634
v -0.096945 2.184127 1.063568
v -0.150660 2.096355 1.054487
v -0.135028 2.086195 1.091709
v -0.162201 2.103706 0.947011
v -0.112472 2.183839 0.934936
v -0.038089 2.303822 0.914878
v 0.031993 2.274204 0.799418
v 0.030944 2.247397 0.620691
v 0.094312 2.145646 0.633065
v 0.137746 2.054992 0.454936
v 0.223565 1.908202 0.274313
v 0.352713 1.718030 0.083411
v 0.502214 1.545730 -0.123158
v 0.666298 1.380491 -0.129545
v 0.847063 1.225126 -0.137528
v 1.035172 1.067670 -0.147009
v 1.227583 0.924123 -0.155291
v 1.322319 0.854439 -0.279033
v 1.132217 0.996041 -0.267956
v 1.033809 1.073363 -0.377029
v 0.846749 1.230314 -0.361661
v 0.937498 1.154721 -0.482908
v 1.131692 1.000653 -0.501769
v 0.668291 1.387914 -0.346792
v 0.672173 1.401461 -0.563042
v 0.514384 1.572969 -0.540888
v 0.505886 1.555170 -0.332322
v 0.845385 1.239610 -0.585195
v 0.935295 1.166756 -0.709835
v 0.758307 1.327742 -0.683490
v 0.679832 1.422575 -0.777195
v 0.526239 1.596821 -0.746160
v 0.606707 1.521300 -0.865811
v 0.762713 1.349144 -0.900438
v 0.382613 1.777697 -0.716023
v 0.370338 1.752475 -0.519432
v 0.361316 1.733667 -0.319449
v 0.354916 1.721993 -0.118169
v 0.223040 1.906112 0.080417
v 0.137431 2.049299 0.266829
v 0.092423 2.129936 0.448749
v 0.032098 2.233922 0.443161
v 0.094731 2.125468 0.263136
v 0.138900 2.047209 0.077922
v 0.226292 1.910724 -0.114377
v 0.232797 1.921821 -0.307774
v 0.240036 1.939260 -0.499674
v 0.249164 1.963977 -0.688580
v 0.257661 1.993667 -0.868705
v 0.394573 1.803711 -0.907424
v 0.536311 1.621683 -0.948438
v 0.609750 1.537658 -1.014301
v 0.466439 1.717525 -0.976580
v 0.397930 1.814809 -1.000829
v 0.260284 2.007070 -0.954825
v 0.329317 1.914110 -1.020488
v 0.468642 1.728190 -1.064696
v 0.164184 2.145069 -0.920996
v 0.165128 2.131737 -0.845653
v 0.160512 2.099958 -0.670218
v 0.155056 2.076106 -0.486302
v 0.149181 2.061693 -0.299990
v 0.142362 2.052109 -0.112082
v 0.096515 2.124964 0.076725
v 0.037973 2.230246 0.259145
v -0.036830 2.245740 0.256849
v -0.031059 2.239326 0.072733
v 0.043324 2.226571 0.074629
v -0.024135 2.242280 -0.105695
v 0.047835 2.228301 -0.105695
v 0.100292 2.128999 -0.110385
v 0.107216 2.137214 -0.295699
v 0.112042 2.149753 -0.479117
v 0.114980 2.174110 -0.659740
v 0.118757 2.202070 -0.830285
v 0.115819 2.213167 -0.896946
v 0.109419 2.224337 -0.952530
v 0.159882 2.154221 -0.983665
v 0.260494 2.015429 -1.037153
v 0.323337 1.916056 -1.090642
v 0.191042 2.112353 -1.036156
v 0.155896 2.157175 -1.036056
v 0.099662 2.235795 -0.996139
v 0.123583 2.199764 -1.029968
v 0.186530 2.109398 -1.082559
v 0.305292 1.905391 -1.139141
v 0.459200 1.725884 -1.123773
v 0.614471 1.550269 -1.090343
v 0.761874 1.363124 -1.047232
v 0.931518 1.183402 -0.934168
v 1.126447 1.006850 -0.737677
v 1.324418 0.854439 -0.519432
v 1.424925 0.742094 -0.286518
v 1.440976 0.537799 -0.291308
v 1.457657 0.358436 -0.289611
v 1.496790 0.142539 -0.274642
v 1.512947 0.097140 -0.103898
v 1.526481 0.058803 -0.095117
v 1.584917 0.018880 -0.090326
v 1.665071 0.031347 -0.072663
v 1.739664 0.014845 -0.070169
v 1.717842 0.003459 -0.071067
v 1.682381 0.018016 -0.074060
v 1.672624 0.013116 -0.073661
v 1.677136 0.003964 -0.075258
v 1.670631 0.002090 -0.117171
v 1.690879 0.000000 -0.082243
v 1.677660 0.000000 -0.162676
v 1.677346 0.011242 -0.118468
v 1.689410 0.007062 -0.118767
v 1.717947 0.002090 -0.113678
v 1.731481 0.004252 -0.112780
v 1.739139 0.013836 -0.112381
v 1.721829 0.026951 -0.110484
v 1.670316 0.028897 -0.109886
v 1.644193 0.030410 -0.109686
v 1.647131 0.019241 -0.141620
v 1.583448 0.033797 -0.113778
v 1.721514 0.030554 -0.152597
v 1.730641 0.004612 -0.157087
v 1.689096 0.003243 -0.161378
v 1.662343 0.011818 -0.160281
v 1.653320 0.005405 -0.206983
v 1.667274 0.000000 -0.209279
v 1.642305 0.011746 -0.307873
v 1.653320 0.003531 -0.412056
v 1.660664 0.012323 -0.207782
v 1.673778 0.007927 -0.209179
v 1.671995 0.005261 -0.308971
v 1.655943 0.009080 -0.411856
v 1.653111 0.008720 -0.616729
v 1.675877 0.000000 -0.617627
v 1.640416 0.012971 -0.822001
v 1.660769 0.000216 -0.825295
v 1.617965 0.000000 -0.972388
v 1.621007 0.011314 -0.972787
v 1.594045 0.015277 -1.137344
v 1.593100 0.011242 -1.143232
v 1.578203 0.010305 -1.208097
v 1.598241 0.000072 -1.208895
v 1.580720 -0.000000 -1.274658
v 1.553968 0.010521 -1.267972
v 1.548827 0.004107 -1.303598
v 1.563934 -0.000000 -1.309785
v 1.542427 0.003747 -1.324554
v 1.537077 0.001369 -1.350300
v 1.668218 0.005765 -0.513345
v 1.679339 0.004036 -0.617029
v 1.540644 0.009080 -1.306292
v 1.521864 0.016862 -1.304895
v 1.544001 0.020898 -1.260188
v 1.480843 0.005260 -1.315573
v 1.518402 0.008143 -1.338624
v 1.507281 0.001081 -1.375747
v 1.597507 0.016214 -1.217777
v 1.621532 0.003747 -1.138941
v 1.577049 0.017799 -1.198217
v 1.523333 0.004612 -1.228354
v 1.453041 0.004828 -1.275157
v 1.537706 0.032788 -1.259689
v 1.586281 0.041580 -1.211490
v 1.547463 0.047993 -1.223465
v 1.503295 0.039418 -1.235040
v 1.492803 0.041003 -1.269469
v 1.467309 0.026879 -1.302600
v 1.277732 0.030194 -1.347406
v 1.287803 0.001874 -1.383032
v 1.296406 0.007206 -1.433926
v 1.301442 0.000504 -1.448196
v 1.033809 -0.000000 -1.450392
v 1.037690 0.002162 -1.495099
v 0.777401 -0.000000 -1.461269
v 0.769742 0.002810 -1.502483
v 0.691582 0.000144 -1.482225
v 1.037061 0.026807 -1.494300
v 1.028353 0.007783 -1.442408
v 1.224436 0.033941 -1.329444
v 1.276892 0.014412 -1.302500
v 1.224750 0.012611 -1.315074
v 1.012196 0.028392 -1.387223
v 1.417895 0.040571 -1.292221
v 1.437934 0.027383 -1.248911
v 1.402683 0.018520 -1.266974
v 1.275738 0.025294 -1.281544
v 1.215099 0.021114 -1.272961
v 0.791354 0.008719 -1.429435
v 0.775617 0.027600 -1.482325
v 0.768798 0.031707 -1.514558
v 0.694625 0.018520 -1.493801
v 0.657171 0.009080 -1.508471
v 0.657695 0.002378 -1.511564
v 0.619612 0.013043 -1.522342
v 0.577227 0.003531 -1.547689
v 0.571981 0.009656 -1.501984
v 0.524141 0.002954 -1.530325
v 0.423634 0.003171 -1.528429
v 0.369394 0.018664 -1.500487
v 0.368450 0.013187 -1.515955
v 0.343795 0.027816 -1.509169
v 0.304348 0.020898 -1.518550
v 0.302564 0.001657 -1.485119
v 0.197651 0.013548 -1.511963
v 0.126940 0.018952 -1.537011
v 0.027902 0.001297 -1.520046
v -0.024974 -0.000000 -1.526633
v -0.020988 0.002162 -1.512562
v -0.116144 0.013331 -1.491805
v -0.019834 0.009800 -1.502383
v 0.030420 0.022195 -1.512063
v 0.194609 0.029689 -1.472845
v 0.344530 0.023708 -1.448595
v 0.526764 0.030914 -1.481028
v 0.616045 0.032932 -1.487215
v 0.617199 0.013548 -1.496994
v 0.657800 0.034518 -1.488313
v 0.695359 0.036752 -1.485019
v 0.694939 0.033653 -1.452487
v 0.734177 0.029041 -1.422749
v 0.674481 0.030338 -1.345710
v 0.980408 0.008503 -1.309086
v 0.970021 0.010089 -1.259490
v 1.206810 0.009945 -1.225261
v 1.250349 0.022051 -1.247415
v 1.260945 0.029906 -1.251506
v 1.244998 0.025870 -1.218176
v 1.242481 0.025150 -1.203606
v 1.270073 0.032140 -1.196022
v 1.384848 0.063847 -1.207298
v 1.385267 0.032716 -1.209893
v 1.426184 0.015277 -1.224263
v 1.473814 0.036752 -1.241826
v 1.497210 0.018520 -1.220471
v 1.518717 0.049074 -1.219972
v 1.533929 0.044606 -1.216479
v 1.554702 0.037472 -1.194226
v -0.149611 0.010665 -1.478034
v 1.532251 0.054911 -1.205003
v 1.519451 0.043886 -1.189136
v 1.498364 0.029473 -1.202508
v 1.487348 0.024717 -1.217976
v 1.461015 0.029617 -1.220371
v 1.427023 0.034085 -1.216379
v 1.427338 0.085610 -1.193926
v 1.456923 0.071053 -1.228853
v 1.460280 0.084601 -1.212488
v 1.482102 0.062045 -1.237236
v 1.385372 0.064423 -1.189436
v 1.418944 0.085538 -1.182251
v 1.372048 0.084385 -1.166084
v 1.269863 0.027384 -1.180155
v 1.267974 0.064423 -1.168779
v 1.388834 0.229085 -1.170774
v 1.436675 0.233048 -1.159997
v 1.489341 0.101535 -1.229751
v 1.506757 0.074728 -1.231049
v 1.502560 0.054191 -1.225860
v 1.502036 0.039490 -1.181452
v 1.519032 0.068603 -1.209693
v 1.532251 0.091014 -1.206999
v 1.535818 0.072638 -1.173369
v 1.525012 0.065144 -1.171373
v 1.497944 0.082871 -1.103914
v 1.469723 0.241696 -1.112795
v 1.518612 0.258342 -1.193827
v 1.471926 0.248758 -1.202409
v 1.439612 0.387333 -1.163789
v 1.482627 0.411906 -1.186043
v 1.460385 0.409528 -1.108105
v 1.456084 0.282123 -0.802243
v 1.497734 0.110615 -0.771207
v 1.455664 0.325144 -0.512447
v 1.438458 0.459755 -0.807432
v 1.427442 0.655980 -1.063698
v 1.448005 0.642433 -1.158700
v 1.323054 0.860132 -1.108105
v 1.317913 0.865248 -1.153910
v 1.115641 1.033657 -1.094633
v 1.114906 1.040647 -1.141236
v 1.288433 0.843053 -1.164887
v 1.405831 0.616130 -1.164787
v 1.381805 0.607338 -1.202009
v 1.390198 0.378181 -1.166484
v 1.387156 0.327522 -1.165286
v 1.376350 0.327233 -1.191332
v 1.326726 0.228725 -1.215681
v 1.305953 0.238741 -1.196122
v 1.318648 0.329828 -1.200413
v 1.369321 0.370254 -1.221569
v 1.340994 0.594439 -1.197918
v 1.326936 0.853214 -1.003224
v 1.304275 0.443469 -1.168779
v 1.264408 0.244218 -1.165086
v 1.203663 0.054695 -1.171273
v 1.204187 0.022123 -1.190733
v 0.676265 0.008864 -1.292221
v 0.965195 0.017511 -1.202508
v 0.965195 0.032716 -1.190433
v 0.627060 0.027095 -1.254201
v 0.592649 0.027167 -1.321760
v 0.641119 0.027528 -1.384329
v 0.624752 0.013692 -1.434525
v 0.659898 0.009224 -1.466059
v 0.620556 0.004468 -1.460471
v 0.657695 0.027383 -1.481128
v 0.583102 0.018808 -1.430034
v 0.627060 0.048498 -1.433327
v 0.540612 0.055992 -1.411672
v 0.560441 0.031635 -1.371257
v 0.535576 0.005188 -1.445402
v 0.343900 0.003675 -1.413868
v 0.182858 0.013259 -1.442708
v 0.028007 0.024789 -1.479631
v -0.010916 0.030482 -1.522042
v -0.011441 0.020826 -1.518550
v -0.112052 0.009080 -1.528229
v -0.154542 0.011890 -1.505576
v -0.174161 0.010449 -1.490309
v -0.199130 0.003747 -1.480229
v -0.209726 0.004035 -1.496495
v -0.249698 0.002018 -1.513061
v -0.248649 0.009296 -1.515855
v -0.289775 0.012539 -1.514259
v -0.329222 0.000937 -1.508471
v -0.321878 0.013043 -1.508371
v -0.399829 0.002018 -1.510566
v -0.403501 0.002018 -1.492304
v -0.443892 0.000793 -1.523739
v -0.497713 0.000072 -1.524737
v -0.203117 0.002234 -1.505976
v -0.393639 0.001225 -1.525535
v -0.390387 0.009944 -1.531223
v -0.437388 0.019024 -1.542400
v -0.440116 0.017367 -1.530225
v -0.539258 0.026447 -1.552379
v -0.538944 0.005621 -1.561859
v -0.651306 0.029329 -1.546292
v -0.655083 0.017583 -1.578824
v -0.768808 0.030770 -1.545194
v -0.769333 0.003459 -1.547390
v -0.822629 0.011314 -1.528030
v -0.825042 0.001369 -1.511963
v -0.858824 0.000793 -1.491905
v -0.866273 0.020610 -1.507971
v -0.908238 0.004179 -1.482525
v -0.946531 0.000072 -1.446101
v -0.953455 0.003531 -1.460770
v -1.038435 -0.000000 -1.412271
v -0.592764 0.001729 -1.579323
v -0.910651 0.017007 -1.487015
v -0.900369 0.025294 -1.466957
v -0.946636 0.022627 -1.446899
v -1.043156 0.020177 -1.420354
v -1.120792 0.005333 -1.384130
v -1.119743 0.009944 -1.395007
v -1.217941 0.007422 -1.368462
v -1.262215 0.007638 -1.369760
v -1.120897 0.011314 -1.375448
v -1.036861 0.029834 -1.405286
v -1.032350 0.024285 -1.394608
v -0.942230 0.013764 -1.436820
v -0.887255 0.006702 -1.434824
v -0.851270 0.013908 -1.477735
v -0.810564 0.028897 -1.503681
v -0.820845 0.025870 -1.526732
v -0.755484 0.023636 -1.509069
v -0.805948 0.021042 -1.492005
v -0.796296 0.007062 -1.468454
v -0.838156 0.011674 -1.440313
v -0.884108 0.018520 -1.429934
v -0.935096 0.010305 -1.413269
v -1.031511 0.037112 -1.390317
v -1.141355 0.032788 -1.373053
v -1.258648 0.011386 -1.398100
v -1.348978 0.006197 -1.404986
v -1.357790 0.012395 -1.405885
v -1.401224 0.013043 -1.426641
v -1.260012 0.031851 -1.404487
v -1.157197 0.043814 -1.356986
v -1.109671 0.056785 -1.366866
v -1.032350 0.051236 -1.390317
v -0.925444 0.036535 -1.400695
v -1.026265 0.056641 -1.360878
v -1.102956 0.031995 -1.334034
v -1.161813 0.020754 -1.331839
v -1.163491 0.008719 -1.321859
v -1.239763 0.013331 -1.342816
v -1.266936 0.034013 -1.377344
v -1.366184 0.015565 -1.383930
v -1.404896 0.018232 -1.396005
v -1.425250 0.020393 -1.405186
v -1.438783 0.019024 -1.418259
v -1.444973 0.023564 -1.394708
v -1.515055 0.012395 -1.349602
v -1.443819 0.012178 -1.378442
v -1.439203 0.020033 -1.354591
v -1.367442 0.033437 -1.368063
v -1.275119 0.032860 -1.321959
v -1.535513 0.008719 -1.318467
v -1.020810 0.052893 -1.348105
v -1.367233 0.004252 -1.340521
v -1.422837 0.005837 -1.314674
v -1.500367 0.022267 -1.281344
v -1.427558 0.034734 -1.317768
v -1.376990 0.036968 -1.343514
v -1.515475 0.011530 -1.316571
v -1.526386 0.026230 -1.321161
v -1.525337 0.000504 -1.196321
v -1.542228 0.003819 -1.196920
v -1.545375 0.009080 -1.247415
v -1.554817 0.001513 -1.199215
v -1.566882 0.001225 -1.204504
v -1.556391 0.006630 -1.050924
v -1.569295 0.005333 -1.052920
v -1.573911 0.002738 -1.003723
v -1.562791 0.000865 -1.002924
v -1.568666 0.007855 -0.952529
v -1.572023 0.001297 -0.900937
v -1.576849 0.011314 -0.845951
v -1.586291 0.001225 -0.789469
v -1.587970 0.006990 -0.667723
v -1.610316 0.000000 -0.540388
v -1.589229 0.008503 -0.410359
v -1.580311 0.000360 -0.281428
v -1.585137 0.010810 -0.167067
v -1.583773 0.003820 -0.063582
v -1.585032 0.010305 -0.014584
v -1.569505 0.000000 0.087802
v -1.588809 0.000144 0.189490
v -1.600979 0.003099 0.298463
v -1.606959 0.007783 0.400451
v -1.615247 0.002234 0.450347
v -1.607589 0.009080 0.545947
v -1.612520 0.000433 0.590355
v -1.594370 0.008504 0.674978
v -1.584088 0.002378 0.766488
v -1.575065 0.008216 0.865481
v -1.557335 0.003964 0.962479
v -1.573282 0.009585 0.966072
v -1.546844 0.011602 1.054587
v -1.553768 0.012467 1.060275
v -1.537507 0.002306 1.080333
v -1.550096 0.007855 1.082928
v -1.559119 0.005333 1.088716
v -1.571499 0.013476 1.078437
v -1.571394 0.002739 1.053589
v -1.601923 0.005621 0.868176
v -1.618919 0.002451 0.677872
v -1.629620 0.007927 0.547744
v -1.631509 0.007639 0.400251
v -1.620493 0.000505 0.187195
v -1.612729 0.003747 -0.012988
v -1.611051 0.005909 -0.166967
v -1.609582 0.010593 -0.408064
v -1.553244 0.000793 -1.050924
v -1.561637 0.000649 1.182221
v -1.662353 0.001369 -0.167067
v -1.668753 0.001874 -0.014185
v -1.677566 0.002234 0.185798
v -1.681762 0.003748 0.404243
v -1.693198 0.004901 0.296467
v -1.698024 0.014052 0.184700
v -1.686378 0.005405 0.079919
v -1.696135 0.013764 0.079120
v -1.693512 0.012107 -0.014784
v -1.647456 0.007999 0.182205
v -1.695401 0.016791 0.296467
v -1.697499 0.019169 0.405141
v -1.691624 0.008504 0.455536
v -1.679874 0.002162 0.549739
v -1.672635 0.002378 0.679569
v -1.654170 0.002018 0.875660
v -1.616926 0.014989 1.072151
v -1.582409 0.020034 1.118354
v -1.534254 0.016863 1.169747
v -1.428817 0.001514 1.259660
v -1.474874 0.002595 1.330911
v -1.361882 0.002307 1.309256
v -1.390943 0.004540 1.389090
v -1.297465 0.015566 1.354562
v -1.318238 0.000937 1.416333
v -1.189510 0.033005 1.456849
v -1.177969 0.001442 1.428308
v -1.093409 0.000001 1.466628
v -1.106209 0.028249 1.496366
v -1.178284 0.024285 1.435693
v -1.281938 0.005261 1.324524
v -1.344571 0.003676 1.272333
v -1.409198 0.003604 1.225331
v -1.338277 0.017656 1.261356
v -1.261900 0.007927 1.297680
v -1.166639 0.009441 1.414936
v -1.091206 0.022988 1.458146
v -1.099494 0.015134 1.479302
v -1.026055 0.028393 1.510237
v -1.026370 0.003027 1.516524
v -1.007171 0.011458 1.571110
v -0.960484 0.015710 1.542670
v -0.965625 0.020899 1.600749
v -1.018501 0.012107 1.494470
v -1.015459 0.023277 1.488483
v -0.937194 0.008144 1.510138
v -0.890612 0.015206 1.531493
v -0.865643 0.027961 1.641464
v -0.840884 0.021331 1.604441
v -0.848962 0.022268 1.635476
v -0.812032 0.011458 1.605838
v -0.801856 0.032573 1.586678
v -0.824727 0.061253 1.621106
v -0.786329 0.029690 1.600849
v -0.787378 0.006919 1.654038
v -0.745623 0.024069 1.690562
v -0.657915 0.023277 1.631984
v -0.656027 0.041580 1.612923
v -0.741951 0.036608 1.623701
v -0.661063 0.058443 1.593863
v -0.663685 0.081935 1.578595
v -0.742160 0.086691 1.582387
v -0.669980 0.087772 1.556341
v -0.676380 0.071414 1.539576
v -0.759996 0.074224 1.505847
v -0.696208 0.071486 1.467227
v -0.772271 0.079989 1.455052
v -0.706700 0.068604 1.425314
v -0.778775 0.094402 1.426412
v -0.703762 0.085971 1.445672
v -0.697467 0.080134 1.489780
v -0.609760 0.067234 1.448366
v -0.561395 0.065289 1.465331
v -0.566011 0.073504 1.437489
v -0.518276 0.073792 1.457647
v -0.572831 0.088132 1.413738
v -0.571257 0.083160 1.408549
v -0.538839 0.110472 1.406953
v -0.539468 0.108670 1.393780
v -0.433506 0.110327 1.448466
v -0.463826 0.156807 1.399468
v -0.307610 0.277367 1.468025
v -0.317367 0.292212 1.418828
v -0.222211 0.474817 1.481797
v -0.224309 0.480510 1.437988
v -0.178567 0.614185 1.478603
v -0.178462 0.616419 1.476208
v -0.178462 0.618725 1.473813
v -0.221582 0.487212 1.401763
v -0.180561 0.631984 1.441680
v -0.146674 0.750958 1.460441
v -0.167446 0.583775 1.393580
v -0.135763 0.808680 1.416233
v -0.122334 0.688409 1.385397
v -0.086768 0.914035 1.328217
v -0.115724 0.930033 1.421721
v -0.082047 1.165243 1.363144
v -0.198710 0.482816 1.381705
v -0.163145 0.480726 1.381306
v -0.300686 0.287240 1.392084
v -0.329327 0.307057 1.373921
v -0.449768 0.140666 1.393580
v -0.499811 0.128703 1.387693
v -0.532124 0.090655 1.409647
v -0.484179 0.093825 1.427111
v -0.430359 0.115084 1.434096
v -0.388708 0.116453 1.514129
v -0.257777 0.277223 1.438786
v -0.219378 0.484978 1.344183
v -0.166607 0.690282 1.307360
v -0.131986 0.908990 1.263551
v -0.062114 1.147876 1.279019
v -0.067989 1.278957 1.335202
v -0.044174 1.381645 1.232516
v -0.045432 1.506384 1.285406
v -0.032423 1.615126 1.190803
v -0.029066 1.732947 1.233713
v -0.026653 1.839022 1.167451
v -0.016162 1.942791 1.188707
v -0.023401 2.051028 1.143202
v -0.037459 2.054487 1.121148
v -0.043649 1.836860 1.129431
v -0.077221 1.614477 1.144799
v -0.092014 1.378474 1.174437
v -0.108485 1.141102 1.215651
v -0.424588 0.982998 1.201381
v -0.337091 1.189816 1.191501
v -0.266170 1.406578 1.181322
v -0.191157 1.629466 1.166653
v -0.130097 1.842986 1.109772
v -0.081523 2.058163 1.105081
v -0.209621 1.861145 1.108474
v -0.320410 1.655192 1.117156
v -0.459105 1.479145 1.132225
v -0.605773 1.309871 1.143202
v -0.394059 1.714211 1.115560
v -0.541462 1.546450 1.127734
v -0.263652 1.898473 1.090113
v -0.287677 1.911805 0.978445
v -0.420077 1.727686 1.008183
v -0.562864 1.557116 1.027443
v -0.567375 1.549765 0.908292
v -0.426057 1.722786 0.878454
v -0.291664 1.906544 0.845822
v -0.166502 2.094698 0.820974
v -0.118872 2.170795 0.812391
v -0.045957 2.291067 0.796824
v -0.044069 2.266350 0.618096
v -0.043334 2.250784 0.440666
v -0.120970 2.145934 0.633764
v -0.166187 2.073224 0.640949
v -0.288306 1.890402 0.659610
v -0.422910 1.708446 0.681065
v -0.566956 1.534632 0.703419
v -0.722122 1.369034 0.722180
v -0.719394 1.383879 0.927751
v -0.715827 1.393175 1.047102
v -0.692536 1.381861 1.142005
v -0.758842 1.143480 1.151285
v -0.117298 2.129360 0.448849
v -0.846234 1.215470 1.155477
v -0.875925 1.230603 1.067859
v -0.881275 1.220875 0.947111
v -0.887150 1.205525 0.736550
v -0.891452 1.192842 0.517506
v -0.722961 1.356423 0.508425
v -0.562654 1.520148 0.496550
v -0.416090 1.692736 0.482579
v -0.281592 1.873395 0.468508
v -0.161676 2.056505 0.454238
v -0.155067 2.046705 0.266230
v -0.111318 2.121073 0.262438
v -0.147933 2.040651 0.076924
v -0.103659 2.115812 0.076226
v -0.145520 2.037769 -0.113279
v -0.098414 2.117902 -0.111283
v -0.021932 2.251432 -0.288813
v 0.051822 2.238750 -0.288714
v 0.055389 2.250568 -0.470634
v 0.055494 2.271754 -0.643574
v 0.055179 2.295679 -0.799948
v 0.051192 2.304110 -0.859324
v 0.046681 2.311820 -0.909919
v 0.043429 2.319315 -0.949137
v -0.027492 2.321477 -0.912413
v -0.024135 2.312397 -0.862617
v -0.020253 2.301876 -0.802343
v -0.016581 2.276294 -0.643474
v -0.017106 2.260801 -0.470934
v -0.097364 2.124027 -0.297595
v -0.144890 2.043822 -0.302684
v -0.265435 1.853146 -0.116373
v -0.268268 1.854011 0.080517
v -0.274773 1.861361 0.275411
v -0.410005 1.680774 0.283594
v -0.404865 1.673712 0.083211
v -0.403186 1.673928 -0.119366
v -0.266484 1.859487 -0.313063
v -0.145834 2.054415 -0.490792
v -0.096630 2.132314 -0.482609
v -0.098833 2.152708 -0.665628
v -0.102400 2.184127 -0.841162
v -0.105548 2.196233 -0.916106
v -0.109429 2.205096 -0.978176
v -0.028541 2.329187 -0.949337
v 0.039862 2.330412 -0.996937
v 0.093682 2.240767 -1.037752
v 0.108160 2.197891 -1.099324
v 0.057277 2.304254 -1.039349
v 0.038288 2.343816 -1.057012
v -0.019939 2.354481 -1.047332
v -0.009657 2.361255 -1.086052
v 0.019823 2.338772 -1.095931
v 0.047940 2.315423 -1.091041
v -0.026653 2.339636 -0.993445
v -0.112052 2.210357 -1.028970
v -0.111947 2.211222 -1.064796
v -0.096001 2.207474 -1.131058
v -0.163879 2.120280 -1.119482
v -0.168915 2.124603 -1.065894
v -0.166817 2.123883 -1.017894
v -0.161886 2.116316 -0.941253
v -0.158109 2.103850 -0.856430
v -0.150031 2.075457 -0.677104
v -0.270051 1.872531 -0.509354
v -0.405075 1.681494 -0.323641
v -0.559297 1.509266 -0.122859
v -0.559087 1.507393 0.085008
v -0.560661 1.511500 0.290679
v -0.724535 1.349721 0.296367
v -0.894599 1.185564 0.298163
v -0.724010 1.345974 0.086205
v -0.723801 1.347415 -0.126551
v -0.560451 1.515968 -0.334019
v -0.409586 1.694466 -0.527915
v -0.279074 1.893212 -0.702551
v -0.291978 1.916272 -0.889761
v -0.419553 1.713634 -0.729594
v -0.561395 1.525264 -0.545778
v -0.724430 1.354261 -0.343599
v -0.298168 1.925784 -0.979773
v -0.432142 1.734460 -0.927083
v -0.568319 1.542271 -0.757536
v -0.723591 1.363629 -0.562243
v -0.301316 1.931621 -1.060006
v -0.436653 1.742747 -1.014501
v -0.576503 1.561295 -0.962509
v -0.724220 1.377321 -0.782584
v -0.297119 1.930180 -1.111399
v -0.438332 1.748728 -1.087748
v -0.579335 1.568645 -1.045037
v -0.727892 1.395048 -0.990750
v -0.259036 1.901788 -1.166384
v -0.434135 1.748224 -1.138742
v -0.582168 1.574266 -1.101819
v -0.729466 1.402326 -1.072380
v -0.095161 2.080646 -1.165785
v -0.133455 1.847165 -1.170875
v -0.379476 1.701960 -1.167781
v -0.582902 1.576932 -1.145029
v -0.730935 1.407370 -1.118883
v -0.047321 2.193134 -1.152713
v 0.008073 2.329980 -1.101020
v 0.019194 2.315784 -1.103415
v 0.006395 2.308073 -1.107207
v -0.019519 2.192486 -1.158002
v -0.053301 2.078700 -1.204405
v -0.092329 1.846732 -1.227257
v -0.178148 1.629754 -1.199715
v -0.111842 1.620890 -1.235939
v -0.037669 1.838517 -1.216779
v -0.009867 2.073079 -1.200613
v -0.008608 2.068827 -1.168679
v -0.003572 2.186144 -1.142135
v 0.023705 2.250568 -1.119083
v 0.034301 2.250712 -1.116288
v 0.054235 2.187369 -1.131856
v 0.135123 2.081510 -1.159099
v 0.188943 1.841328 -1.185045
v 0.436014 1.708806 -1.162392
v 0.602826 1.545153 -1.144130
v 0.758831 1.373213 -1.154808
v 0.768169 1.376095 -1.105611
v 0.928791 1.196445 -1.076970
v 1.120677 1.021911 -0.967099
v 1.326726 0.853358 -0.768014
v 1.425449 0.724655 -0.531208
v 1.436255 0.505010 -0.527016
v 0.017096 2.183045 -1.133852
v 0.017725 2.066449 -1.159698
v 1.427233 0.705054 -0.791765
v 0.933512 1.207254 -1.125968
v 1.096022 1.026018 -1.169078
v 1.255385 0.817759 -1.165785
v 0.929315 0.463142 -1.171274
v 0.964881 0.306047 -1.172371
v 0.594747 0.141530 -1.229751
v 0.518895 0.064712 -1.260787
v 0.411359 0.129279 -1.319165
v 0.325016 0.251280 -1.281144
v 0.308335 0.106508 -1.252604
v 0.373590 0.071918 -1.256596
v 0.365302 0.010881 -1.290325
v 0.348621 0.027888 -1.376346
v 0.204575 0.012755 -1.286533
v 0.194609 0.008575 -1.369261
v 0.225348 0.058082 -1.257294
v 0.225873 0.193270 -1.288130
v 0.191356 0.439794 -1.266176
v 0.296584 0.461845 -1.213885
v 0.845699 0.645171 -1.170575
v 1.061401 0.995608 -1.169777
v 0.920502 1.199688 -1.164987
v 0.884412 1.168413 -1.171673
v 0.724000 0.815958 -1.168380
v 0.276441 0.687255 -1.191831
v 0.149391 0.674140 -1.277153
v 0.249478 0.915764 -1.202608
v 0.584885 0.992293 -1.167581
v 0.719594 1.340064 -1.169777
v 0.571666 1.520219 -1.168480
v 0.452485 1.186933 -1.184746
v 0.212024 1.146794 -1.189835
v 0.120015 0.909566 -1.271166
v 0.043639 0.663763 -1.197718
v 0.053186 0.416662 -1.204105
v 0.069028 0.182749 -1.212986
v 0.048465 0.064351 -1.222267
v 0.039023 0.013620 -1.283939
v 0.043324 0.009800 -1.358084
v -0.031689 0.016430 -1.431830
v -0.015847 0.034806 -1.479930
v -0.113941 0.025294 -1.501385
v -0.111947 0.022844 -1.513859
v -0.160102 0.024429 -1.501385
v -0.118137 0.019673 -1.472945
v -0.058442 0.010809 -1.373352
v -0.065366 0.012178 -1.312379
v -0.070507 0.011818 -1.270866
v -0.171013 0.007999 -1.325053
v -0.178882 0.008864 -1.305194
v -0.199760 0.014412 -1.475938
v -0.204376 0.016358 -1.504080
v -0.205845 0.009512 -1.533319
v -0.287257 0.036535 -1.512462
v -0.399304 0.030626 -1.503780
v -0.280123 0.044895 -1.489610
v -0.269212 0.011818 -1.465560
v -0.318311 0.048281 -1.472146
v -0.295650 0.016142 -1.421751
v -0.277710 0.015133 -1.329244
v -0.246971 0.008431 -1.329344
v -0.222736 0.009656 -1.309485
v -0.186016 0.011314 -1.285735
v -0.074074 0.046840 -1.236936
v -0.073759 0.076890 -1.226259
v -0.218434 0.060388 -1.241727
v -0.252741 0.025510 -1.276255
v -0.264911 0.018376 -1.303198
v -0.320305 0.043093 -1.327248
v -0.298483 0.025510 -1.304995
v -0.310023 0.056497 -1.311082
v -0.346323 0.030194 -1.319864
v -0.387239 0.020898 -1.354891
v -0.354297 0.037400 -1.427040
v -0.414622 0.032212 -1.423448
v -0.406753 0.010737 -1.459672
v -0.408012 0.023060 -1.349203
v -0.434135 0.070260 -1.261086
v -0.284949 0.098869 -1.290625
v -0.188114 0.170282 -1.199115
v -0.132510 0.423724 -1.175565
v -0.110269 0.674716 -1.182350
v 0.033882 0.903585 -1.187739
v -0.094951 0.913746 -1.194126
v 0.028951 1.140957 -1.180255
v 0.101236 1.144560 -1.260887
v -0.277290 0.224401 -1.302600
v -0.235325 0.460476 -1.303797
v -0.208363 0.698281 -1.288729
v -0.508834 0.197450 -1.195423
v -0.618678 0.413852 -1.183249
v -0.524466 0.580964 -1.186641
v -0.442738 0.768325 -1.191631
v -0.184652 0.930104 -1.270567
v -0.078900 1.149100 -1.203606
v 0.021922 1.376960 -1.171873
v 0.076581 1.380275 -1.246118
v 0.173941 1.381068 -1.171473
v 0.340858 1.398219 -1.168180
v 0.250422 1.619737 -1.165586
v 0.131871 1.608495 -1.167681
v 0.096935 1.833545 -1.190434
v 0.057802 1.609360 -1.222268
v 0.063153 2.065008 -1.177162
v 0.043009 1.834770 -1.184147
v 0.006395 1.609360 -1.166284
v -0.064736 1.382941 -1.211191
v -0.157165 1.161855 -1.256895
v -0.368145 0.973341 -1.200114
v -0.798394 1.176628 -1.167981
v -0.949364 1.014777 -1.169477
v -1.107573 0.854295 -1.168080
v -1.267460 0.707072 -1.166583
v -0.772480 0.295598 -1.179257
v -0.636933 0.114146 -1.226259
v -0.573355 0.056857 -1.226658
v -0.479563 0.011746 -1.312778
v -0.485228 0.016502 -1.439714
v -0.451971 0.005909 -1.464063
v -0.449138 0.010305 -1.475839
v -0.444941 0.034446 -1.505676
v -0.443787 0.022627 -1.511764
v -0.489320 0.018520 -1.539306
v -0.541252 0.005837 -1.522042
v -0.644801 0.003675 -1.511165
v -0.745413 0.011097 -1.471448
v -0.791260 0.007999 -1.455880
v -0.826720 0.016286 -1.418658
v -0.875820 0.026014 -1.412271
v -0.926073 0.024213 -1.400895
v -1.015669 0.038337 -1.342816
v -0.922506 0.012611 -1.394109
v -0.868581 0.008647 -1.392313
v -0.821894 0.018736 -1.402491
v -0.774474 0.017511 -1.409277
v -0.736810 0.029113 -1.428238
v -0.633785 0.019961 -1.470550
v -0.537580 0.030987 -1.478333
v -0.493726 0.024429 -1.513460
v -0.497923 0.011097 -1.478533
v -0.515968 0.015781 -1.430833
v -0.587833 0.009800 -1.299506
v -0.617314 0.006053 -1.425144
v -0.731564 0.018952 -1.416562
v -0.767444 0.006774 -1.382334
v -0.756219 0.015637 -1.329144
v -0.744678 0.020249 -1.279647
v -0.985349 0.011170 -1.215382
v -1.266516 0.132090 -1.197918
v -1.336703 0.504722 -1.165486
v -1.387481 0.531817 -1.219373
v -1.348348 0.400592 -1.217976
v -1.367652 0.161779 -1.240729
v -1.330303 0.149024 -1.252604
v -1.347404 0.120055 -1.258492
v -1.285400 0.033797 -1.242026
v -1.395244 0.123802 -1.256496
v -1.415807 0.167328 -1.224263
v -1.463228 0.115443 -1.274059
v -1.475293 0.176696 -1.243922
v -1.490401 0.114146 -1.226159
v -1.439413 0.097860 -1.273960
v -1.381501 0.092455 -1.247514
v -1.299669 0.043021 -1.283739
v -1.423046 0.538879 -1.214084
v -1.376465 0.085538 -1.297211
v -1.314042 0.066946 -1.311381
v -1.382550 0.075089 -1.322658
v -1.405631 0.068026 -1.322458
v -1.381501 0.061036 -1.320063
v -1.314147 0.062189 -1.345510
v -1.272601 0.063775 -1.342117
v -1.416227 0.076169 -1.304496
v -1.433223 0.060604 -1.320562
v -1.405316 0.055704 -1.319465
v -1.401959 0.036607 -1.325751
v -1.276588 0.053974 -1.327049
v -1.248786 0.010521 -1.313776
v -1.164645 0.005909 -1.307988
v -1.082603 0.045111 -1.278650
v -1.005282 0.026014 -1.319864
v -0.908972 0.034662 -1.350699
v -0.799653 0.034590 -1.332837
v -0.863020 0.009728 -1.276255
v -0.897851 0.017295 -1.335431
v -1.190664 0.017223 -1.306192
v -1.193182 0.034662 -1.242625
v -1.189090 0.035887 -1.302300
v -1.162337 0.035599 1.411044
v -1.156462 0.014845 1.356658
v -1.202099 0.035887 1.383501
v -1.272286 0.031131 1.325722
v -1.162967 0.025150 1.411343
v -1.102117 0.008144 1.382504
v -1.009794 0.023060 1.472416
v -1.081449 0.045400 1.436990
v -1.056375 0.005766 1.363044
v -0.932158 0.037545 1.488782
v -0.906454 0.034446 1.508940
v -0.820530 0.008072 1.557738
v -0.719079 0.003388 1.533788
v -0.707749 0.010450 1.554944
v -0.707854 0.034951 1.543169
v -0.701244 0.031492 1.557539
v -0.602206 0.008360 1.531992
v -0.692536 0.010305 1.571011
v -0.561605 0.023565 1.611227
v -0.570732 0.037545 1.583385
v -0.578916 0.041652 1.564424
v -0.591505 0.072855 1.527801
v -0.616894 0.061758 1.506146
v -0.600528 0.060965 1.456849
v -0.563179 0.066586 1.444474
v -0.526459 0.077467 1.432300
v -0.472639 0.083665 1.452258
v -0.453230 0.082439 1.476009
v -0.425008 0.090294 1.530196
v -0.477465 0.065361 1.501955
v -0.513660 0.068892 1.467127
v -0.542825 0.067018 1.475709
v -0.562129 0.062118 1.461140
v -0.528138 0.066730 1.490778
v -0.514079 0.056497 1.508840
v -0.501490 0.051453 1.530495
v -0.487746 0.058443 1.577098
v -0.465295 0.050228 1.516524
v -0.498342 0.030411 1.533788
v -0.480087 0.044967 1.483892
v -0.523731 0.020899 1.483693
v -0.437703 0.070117 1.494071
v -0.410320 0.098725 1.462936
v -0.335937 0.188154 1.431801
v -0.298798 0.285798 1.387294
v -0.473268 0.053471 1.437589
v -0.493726 0.038986 1.460441
v -0.499287 0.040139 1.415335
v -0.560871 0.017368 1.446470
v -0.617838 0.024285 1.504849
v -0.642388 0.007639 1.469023
v -0.582692 0.017512 1.398969
v -0.665259 0.053182 1.356757
v -0.423644 0.104851 1.425215
v -0.682150 0.445992 1.231019
v -0.605878 0.612888 1.221838
v -0.519115 0.789584 1.209564
v -0.917050 0.974350 1.157672
v -0.784965 0.025727 1.333206
v -0.745623 0.272971 1.240799
v -1.217941 0.649063 1.168150
v -1.075574 0.805365 1.163759
v -1.304495 0.453198 1.180325
v -1.293059 0.113786 1.220741
v -1.014410 0.011963 1.302371
v -0.825147 0.015998 1.379111
v -1.011263 0.007783 1.325822
v -1.282673 0.084890 1.229522
v -0.773634 0.025150 1.429206
v -0.731564 0.004108 1.510537
v -0.790420 0.023349 1.415535
v -0.935725 0.009801 1.459842
v -1.010843 0.007279 1.347676
v -1.271447 0.051957 1.257065
v -1.266411 0.055416 1.290695
v -1.309216 0.055488 1.323027
v -1.334814 0.057506 1.261755
v -1.337542 0.052750 1.292092
v -1.339221 0.081286 1.257863
v -1.344152 0.100095 1.255768
v -1.367337 0.126181 1.210362
v -1.417171 0.488509 1.171244
v -1.372268 0.732655 1.152882
v -1.199267 0.887011 1.152882
v -1.016613 1.051601 1.160466
v -1.050500 1.073580 1.084724
v -1.056900 1.062915 0.966969
v -1.068650 1.046845 0.749922
v -1.076728 1.034090 0.522895
v -1.250255 0.921169 1.091310
v -1.438259 0.772577 1.107177
v -1.434482 0.781368 1.007385
v -1.260536 0.911801 0.984433
v -1.432908 0.785188 0.783552
v -1.275224 0.898397 0.764990
v -1.431334 0.788286 0.535668
v -1.284456 0.890470 0.528883
v -1.081135 1.027100 0.291477
v -0.895124 1.182465 0.087103
v -0.894704 1.183979 -0.127948
v -0.892920 1.190104 -0.352281
v -0.889773 1.200769 -0.578010
v -0.885996 1.215541 -0.803241
v -0.882849 1.232548 -1.011207
v -0.882849 1.240691 -1.086450
v -0.886626 1.250131 -1.135648
v -0.727892 1.407731 -1.158201
v -0.517437 1.520291 -1.167382
v -0.234696 1.410829 -1.215083
v -0.133979 1.392309 -1.246517
v -0.051727 1.613468 -1.214384
v -0.011126 1.838589 -1.168480
v -0.299217 1.189743 -1.211590
v -0.662217 1.349360 -1.166184
v -0.871099 1.239682 -1.171673
v -1.028783 1.079705 -1.175365
v -1.049136 1.095702 -1.149220
v -1.202624 0.923979 -1.169078
v -1.375311 0.763497 -1.164687
v -1.406995 0.785043 -1.162592
v -1.455570 0.542843 -1.181951
v -1.426823 0.792970 -1.133852
v -1.464067 0.555310 -1.138841
v -1.432069 0.787421 -1.081461
v -1.493863 0.174966 -1.204704
v -1.230111 0.944588 -1.150517
v -1.235567 0.937526 -1.109103
v -1.048612 1.088064 -1.104812
v -1.049975 1.078480 -1.033062
v -1.242071 0.929455 -1.054717
v -1.431544 0.787782 -0.874891
v -1.440672 0.585648 -0.906326
v -1.491345 0.179723 -0.991548
v -1.484420 0.113137 -1.067590
v -1.483686 0.027960 -1.108105
v -1.455045 0.052605 -1.228754
v -1.455674 0.047921 -1.265477
v -1.451583 0.036896 -1.262882
v -1.428502 0.050660 -1.312778
v -1.432698 0.023132 -1.254400
v -1.467320 0.012178 -1.242625
v -1.449589 0.016286 -1.228354
v -1.475713 0.034446 -1.242325
v -1.534149 0.033725 -1.140238
v -1.499213 0.010449 -1.165985
v -1.547473 0.039850 -1.237735
v -1.542857 0.014412 -1.166384
v -1.586081 0.018015 -1.056812
v -1.590907 0.012106 -1.011506
v -1.641371 0.022627 -1.015897
v -1.639482 0.014268 -1.064895
v -1.578632 0.033653 -1.201510
v -1.587970 0.031203 -1.208496
v -1.633082 0.004540 -1.063498
v -1.649449 0.013620 -1.017095
v -1.648609 0.020105 -0.966301
v -1.587865 0.040211 -0.966101
v -1.505928 0.020538 -0.969095
v -1.510544 0.029257 -0.924388
v -1.554922 0.015998 -0.916904
v -1.502571 0.019457 -0.874093
v -1.588180 0.035455 -0.858226
v -1.477077 0.053038 -0.884471
v -1.464697 0.179506 -0.836870
v -1.483371 0.054695 -0.823498
v -1.455150 0.188010 -0.680696
v -1.494177 0.015998 -0.677004
v -1.451268 0.469556 -0.795457
v -1.438154 0.605105 -0.642476
v -1.428187 0.791024 -0.625611
v -1.258333 0.910647 -0.848646
v -1.059837 1.058446 -0.822900
v -1.070329 1.042881 -0.593378
v -1.077777 1.032216 -0.360364
v -1.081240 1.025154 -0.124855
v -1.083967 1.027028 0.090197
v -1.288233 0.887227 0.097881
v -1.287813 0.886290 0.288184
v -1.428921 0.790808 0.087802
v -1.431649 0.785404 0.299261
v -1.287079 0.886723 -0.125952
v -1.282463 0.890398 -0.369046
v -1.426718 0.792105 -0.128846
v -1.446023 0.634434 0.078422
v -1.436685 0.622544 0.309041
v -1.432489 0.621751 0.541057
v -1.440357 0.598043 0.805007
v -1.462389 0.543060 1.047402
v -1.454520 0.519063 1.146096
v -1.512328 0.161347 1.118753
v -1.485365 0.411691 1.100192
v -1.460920 0.158537 1.008683
v -1.452107 0.195216 0.833648
v -1.443504 0.216042 0.562612
v -1.465326 0.504650 0.435378
v -1.463858 0.215538 0.321116
v -1.482217 0.229229 0.047586
v -1.445288 0.636307 -0.127449
v -1.426194 0.791961 -0.376131
v -1.272076 0.900775 -0.610443
v -1.441616 0.623913 -0.382717
v -1.457143 0.210781 -0.396189
v -1.482008 0.145782 1.021257
v -1.460395 0.215970 0.517806
v -1.463333 0.231535 -0.123158
v -1.491450 0.076242 -0.029853
v -1.506033 0.022844 -0.142218
v -1.500262 0.016935 -0.402476
v -1.605910 0.022700 -0.407066
v -1.604126 0.014629 -0.675706
v -1.663927 0.018376 -0.859024
v -1.647036 0.003819 -0.965103
v -1.599615 0.000504 -1.007415
v -1.595209 0.003315 -1.056812
v -1.586501 0.001009 -1.005219
v -1.594999 0.001585 -0.956222
v -1.657842 0.002450 -0.856529
v -1.679874 0.016574 -0.671715
v -1.679454 0.015133 -0.409262
v -1.660674 0.002018 -0.409860
v -1.664766 0.003459 -0.671615
v -1.602133 0.003099 -0.848646
v -1.613569 0.004900 -0.669619
v -1.686168 0.009224 -0.166468
v -1.650498 0.011890 -0.055100
v -1.651547 0.012971 -0.009695
v -1.620913 0.009152 0.072035
v -1.610526 0.019169 0.296168
v -1.648714 0.017367 0.406039
v -1.695820 0.019673 0.456434
v -1.695611 0.017800 0.551635
v -1.690680 0.007062 0.595244
v -1.615877 0.027456 0.461024
v -1.646826 0.013260 0.556425
v -1.694457 0.018376 0.595743
v -1.512013 0.022628 0.304151
v -1.516419 0.025510 0.048584
v -1.625319 0.012107 -0.049512
v -1.616611 0.012323 -0.156988
v -1.559119 0.015566 -0.274443
v -1.564784 0.018520 -0.152397
v -1.510124 0.033365 -0.037736
v -1.512957 0.019385 0.480085
v -1.477706 0.074512 0.551635
v -1.472775 0.114651 0.699727
v -1.613464 0.018304 0.601631
v -1.506662 0.036896 0.583269
v -1.638433 0.009945 0.673282
v -1.685749 0.019817 0.680367
v -1.677356 0.019962 0.771777
v -1.675992 0.008432 0.772475
v -1.596048 0.020970 0.752616
v -1.500682 0.012972 0.717390
v -1.457458 0.028393 0.829856
v -1.431334 0.021691 0.995510
v -1.456619 0.074224 1.008982
v -1.478126 0.069829 1.066063
v -1.494073 0.116885 1.090811
v -1.503515 0.119335 1.157173
v -1.379507 0.089574 1.214454
v -1.355378 0.063199 1.265448
v -1.361253 0.076386 1.289897
v -1.400805 0.092960 1.234811
v -1.489981 0.093537 1.161165
v -1.478441 0.073504 1.095701
v -1.465746 0.018448 1.076342
v -1.506452 0.023781 1.039918
v -1.504249 0.024574 0.994612
v -1.521665 0.007135 0.845822
v -1.610107 0.011098 0.866080
v -1.660465 0.018304 0.876458
v -1.646406 0.015061 0.984134
v -1.603707 0.033581 1.063469
v -1.572548 0.041148 1.112766
v -1.513481 0.026447 1.150687
v -1.488617 0.033293 1.175735
v -1.417696 0.031347 1.242296
v -1.394405 0.026736 1.258861
v -1.358210 0.018737 1.273132
v -1.306488 0.020106 1.289398
v -1.269663 0.023853 1.309855
v -1.310160 0.034662 1.299377
v -1.557125 0.020898 0.954296
v -1.635391 0.017295 0.980841
v -1.342998 0.034086 1.287601
v -1.344152 0.029402 1.308658
v -1.344781 0.065649 1.318337
v -1.365974 0.072423 1.294188
v -1.409617 0.088060 1.244292
v -1.475188 0.083809 1.178828
v -1.451373 0.060749 1.141007
v -1.401224 0.057218 1.234911
v -1.370695 0.030987 1.293689
v -1.384439 0.031636 1.264450
v -1.418640 0.056569 1.247984
v -1.483057 0.047922 1.170845
v -1.506242 0.034879 1.142005
v -1.542542 0.024790 1.114662
v -1.535199 0.021979 1.061872
v -1.479699 0.033870 1.121847
v -1.482952 0.007567 1.126537
v -1.518098 0.010377 1.111269
v -1.494177 0.014701 1.100591
v -1.513796 0.014125 1.046803
v -1.547054 0.022772 1.038720
v 1.535713 0.044751 -0.933868
v 1.557849 0.028032 -1.058209
v 1.538755 0.045111 -1.083457
v 1.563934 0.051524 -1.086550
v 1.563829 0.033581 -1.096330
v 1.571174 0.043525 -1.125968
v 1.538545 0.075305 -1.107007
v 1.509380 0.062982 -1.092837
v 1.567397 0.011890 -1.059307
v 1.591212 0.023997 -0.953727
v 1.528579 0.034518 -0.867008
v 1.508540 0.070116 -0.901336
v 1.531306 0.066441 -1.134650
v 1.549666 0.059667 -1.148621
v 1.570754 0.050299 -1.159199
v 1.559003 0.021114 -1.138741
v 1.574740 0.021474 -1.107007
v 1.620483 0.017727 -1.071681
v 1.606739 0.024645 -0.958617
v 1.664756 0.020321 -0.926783
v 1.622686 0.032788 -0.914309
v 1.648075 0.025294 -0.826392
v 1.628561 0.028753 -0.830584
v 1.655524 0.031635 -0.734883
v 1.579881 0.008936 -0.755141
v 1.525221 0.060316 -0.765020
v 1.690879 0.023132 -0.829286
v 1.489656 0.137638 -0.480613
v 1.527530 0.069108 -0.280231
v 1.508750 0.083304 -0.127150
v 1.532985 0.056425 -0.130543
v 1.512002 0.084745 -0.493686
v 1.520710 0.071558 -0.167266
v 1.582504 0.019529 -0.171557
v 1.666644 0.025943 -0.190917
v 1.738300 0.015998 -0.201794
v 1.715953 0.001369 -0.203890
v 1.686683 0.003099 -0.208281
v 1.717212 0.001153 -0.307474
v 1.731586 0.003531 -0.306975
v 1.736621 0.015926 -0.306676
v 1.710498 0.019673 -0.306077
v 1.659720 0.019169 -0.302983
v 1.639052 0.023781 -0.298992
v 1.594254 0.014124 -0.294601
v 1.545785 0.043021 -0.285021
v 1.548512 0.037472 -0.417944
v 1.644822 0.023132 -0.428821
v 1.711547 0.019025 -0.417445
v 1.727599 0.003171 -0.416447
v 1.709869 0.001658 -0.515640
v 1.700846 0.003387 -0.728097
v 1.733054 0.014268 -0.518235
v 1.724137 0.012827 -0.731091
v 1.662448 0.015061 -0.520430
v 1.593835 0.025366 -0.509253
v 1.712701 0.016646 -0.831881
v 1.705882 0.005405 -0.831083
v 1.697384 0.009080 -0.931174
v 1.662763 0.019961 -1.092637
v 1.679024 0.002522 -0.981868
v 1.685004 0.002162 -0.929677
v 1.664966 0.005333 -0.825794
v 1.649019 0.001009 -0.977777
v 1.659825 0.006486 -1.091540
v 1.629190 0.021114 -1.142334
v 1.604326 0.041796 -1.152712
v 1.570019 0.027600 -1.171972
v 1.557849 0.028464 -1.167880
v 1.531411 0.056857 -1.170675
vn -0.0635 -0.0648 -0.9959
vn -0.0045 -0.0084 -1.0000
vn 0.2377 0.2822 -0.9294
vn 0.2985 0.3818 -0.8747
vn 0.4845 0.6058 -0.6312
vn 0.5212 0.6803 -0.5153
vn 0.6159 0.7816 -0.0992
vn 0.6068 0.7949 0.0024
vn 0.5425 0.6878 0.4824
vn 0.5143 0.6700 0.5353
vn 0.3288 0.4044 0.8535
vn 0.3100 0.3947 0.8649
vn 0.5351 0.6743 0.5088
vn 0.3232 0.3986 0.8583
vn 0.6158 0.7879 -0.0002
vn 0.5253 0.6822 -0.5086
vn 0.3084 0.4094 -0.8586
vn -0.0110 0.0037 -0.9999
vn -0.3197 -0.3922 -0.8625
vn -0.3207 -0.3835 -0.8661
vn -0.3621 -0.3389 -0.8684
vn -0.5616 -0.6262 -0.5408
vn -0.6463 -0.5279 -0.5509
vn -0.6925 -0.7209 -0.0264
vn -0.7777 -0.6210 0.0977
vn -0.5887 -0.6102 0.5302
vn -0.5616 -0.4926 0.6648
vn -0.3284 -0.3571 0.8744
vn -0.2461 -0.2502 0.9364
vn 0.0043 0.0156 0.9999
vn 0.0658 0.0778 0.9948
vn -0.0010 -0.0135 0.9999
vn -0.3045 -0.4011 0.8639
vn -0.5226 -0.6777 0.5174
vn -0.6158 -0.7879 0.0001
vn -0.5335 -0.6724 -0.5131
vn -0.5408 -0.6617 -0.5193
vn -0.6282 -0.7781 -0.0001
vn -0.5368 -0.6740 0.5075
vn -0.2938 -0.3816 0.8764
vn 0.0009 -0.0125 0.9999
vn 0.3133 0.3764 0.8719
vn 0.2801 0.3931 0.8758
vn 0.0002 0.0127 0.9999
vn -0.3081 -0.4046 0.8610
vn -0.5218 -0.6965 0.4926
vn -0.5945 -0.8041 -0.0059
vn -0.5093 -0.6993 -0.5016
vn -0.3299 -0.3990 -0.8555
vn -0.0022 0.0132 -0.9999
vn 0.3097 0.3974 -0.8638
vn 0.5353 0.6674 -0.5178
vn 0.6273 0.7786 0.0148
vn 0.5480 0.6717 0.4985
vn 0.5179 0.7063 0.4826
vn 0.2915 0.3971 0.8702
vn 0.5935 0.8048 0.0032
vn 0.5210 0.6969 -0.4929
vn 0.2986 0.3866 -0.8726
vn 0.0104 -0.0039 -0.9999
vn -0.2971 -0.4183 -0.8584
vn -0.5223 -0.6980 -0.4900
vn -0.6029 -0.7977 -0.0125
vn -0.5195 -0.6853 0.5104
vn -0.3221 -0.4158 0.8505
vn -0.0010 0.0082 1.0000
vn 0.3210 0.3872 0.8643
vn -0.0089 -0.0026 1.0000
vn 0.2892 0.4040 0.8678
vn -0.3265 -0.3803 0.8653
vn -0.5583 -0.6572 0.5064
vn -0.6486 -0.7610 -0.0150
vn -0.5663 -0.6651 -0.4868
vn -0.3003 -0.4056 -0.8633
vn -0.0037 -0.0161 -0.9999
vn 0.3059 0.3983 -0.8647
vn 0.5241 0.6927 -0.4954
vn 0.6032 0.7974 -0.0167
vn 0.5165 0.6909 0.5059
vn 0.5474 0.6598 0.5148
vn 0.6397 0.7686 0.0012
vn 0.5488 0.6593 -0.5140
vn 0.3215 0.3897 -0.8630
vn -0.0070 -0.0006 -1.0000
vn -0.3276 -0.3793 -0.8653
vn -0.5409 -0.6805 -0.4943
vn -0.6296 -0.7769 0.0057
vn -0.5585 -0.6700 0.4891
vn -0.3200 -0.3614 0.8758
vn -0.0259 0.0146 0.9996
vn 0.3274 0.3633 0.8723
vn 0.0020 0.0002 1.0000
vn 0.4019 0.3149 0.8598
vn -0.3268 -0.3611 0.8734
vn -0.5806 -0.6404 0.5028
vn -0.6750 -0.7378 0.0075
vn -0.5858 -0.6297 -0.5103
vn -0.3088 -0.3999 -0.8630
vn 0.0103 -0.0014 -0.9999
vn 0.3212 0.3942 -0.8611
vn 0.5377 0.6760 -0.5039
vn 0.6168 0.7871 -0.0026
vn 0.5250 0.6858 0.5039
vn 0.5636 0.6350 0.5283
vn 0.6630 0.7486 -0.0070
vn 0.5644 0.6429 -0.5179
vn 0.3137 0.3710 -0.8740
vn -0.0100 0.0201 -0.9997
vn -0.3434 -0.3557 -0.8692
vn -0.6762 -0.5480 -0.4923
vn -0.7640 -0.6452 -0.0080
vn -0.6484 -0.5710 0.5036
vn -0.3508 -0.3313 0.8759
vn 0.0146 -0.0214 0.9997
vn 0.3203 0.3598 0.8764
vn -0.0165 0.0114 0.9998
vn 0.3092 0.3545 0.8824
vn -0.3405 -0.3260 0.8819
vn -0.6160 -0.6145 0.4928
vn -0.7012 -0.7128 0.0148
vn -0.5995 -0.6148 -0.5126
vn -0.3948 -0.2860 -0.8731
vn -0.0342 0.0302 -0.9990
vn 0.3564 0.3617 -0.8615
vn 0.6318 0.5828 -0.5110
vn 0.7501 0.6611 0.0168
vn 0.6650 0.5600 0.4942
vn 0.5953 0.6342 0.4934
vn 0.6897 0.7241 0.0027
vn 0.5955 0.6215 -0.5090
vn 0.3451 0.3574 -0.8678
vn 0.0012 -0.0015 -1.0000
vn -0.3355 -0.3451 -0.8765
vn -0.5873 -0.6278 -0.5108
vn -0.6827 -0.7307 -0.0038
vn -0.5826 -0.6259 0.5184
vn -0.3394 -0.3536 0.8717
vn -0.0021 0.0124 0.9999
vn 0.3301 0.3751 0.8662
vn -0.0086 0.0233 0.9997
vn 0.3430 0.3586 0.8682
vn -0.3514 -0.3337 0.8748
vn -0.6096 -0.6087 0.5078
vn -0.7013 -0.7127 -0.0143
vn -0.6069 -0.6283 -0.4867
vn -0.3434 -0.3674 -0.8643
vn -0.0126 -0.0016 -0.9999
vn 0.3314 0.3711 -0.8674
vn 0.5737 0.6395 -0.5118
vn 0.6703 0.7420 -0.0132
vn 0.5679 0.6342 0.5246
vn 0.5710 0.6196 0.5386
vn 0.6866 0.7270 0.0044
vn 0.5884 0.6158 -0.5239
vn 0.3500 0.3594 -0.8650
vn 0.0112 0.0062 -0.9999
vn -0.3395 -0.3548 -0.8711
vn -0.6213 -0.6066 -0.4959
vn -0.7146 -0.6995 -0.0006
vn -0.6255 -0.6106 0.4857
vn -0.3465 -0.3289 0.8785
vn -0.0106 0.0051 0.9999
vn 0.3677 0.2992 0.8805
vn 0.0046 0.0012 1.0000
vn 0.3709 0.3168 0.8730
vn -0.3771 -0.3080 0.8735
vn -0.6778 -0.5472 0.4911
vn -0.7803 -0.6254 -0.0030
vn -0.6780 -0.5341 -0.5051
vn -0.3464 -0.3354 -0.8761
vn -0.0008 0.0128 -0.9999
vn 0.3432 0.3548 -0.8697
vn 0.5941 0.6056 -0.5294
vn 0.6999 0.7138 0.0244
vn 0.5978 0.6112 0.5187
vn 0.6739 0.5508 0.4924
vn 0.7707 0.6371 0.0115
vn 0.6541 0.5481 -0.5212
vn 0.3670 0.3191 -0.8738
vn -0.0194 0.0064 -0.9998
vn -0.3826 -0.2891 -0.8775
vn -0.6716 -0.5416 -0.5056
vn -0.7782 -0.6280 0.0008
vn -0.6773 -0.5412 0.4984
vn -0.4017 -0.3142 0.8602
vn -0.0119 0.0035 0.9999
vn 0.3875 0.3151 0.8664
vn -0.0171 0.0051 0.9998
vn 0.5077 0.2421 0.8268
vn -0.3946 -0.2869 0.8729
vn -0.6755 -0.5073 0.5351
vn -0.7986 -0.6018 0.0031
vn -0.6870 -0.5178 -0.5098
vn -0.3867 -0.3098 -0.8686
vn -0.0212 -0.0111 -0.9997
vn 0.3709 0.3109 -0.8751
vn 0.6636 0.5523 -0.5045
vn 0.7678 0.6407 -0.0043
vn 0.6614 0.5553 0.5041
vn 0.6840 0.5378 0.4929
vn 0.7881 0.6155 -0.0058
vn 0.6867 0.5377 -0.4893
vn 0.3890 0.3059 -0.8689
vn -0.0246 -0.0108 -0.9996
vn -0.3925 -0.2941 -0.8715
vn -0.7784 -0.3980 -0.4855
vn -0.8671 -0.4974 0.0273
vn -0.7248 -0.4602 0.5128
vn -0.3675 -0.2877 0.8844
vn 0.0628 -0.0493 0.9968
vn 0.5618 0.4365 0.7028
vn 0.2530 0.7352 0.6288
vn -0.4077 -0.0416 0.9122
vn -0.5807 0.6506 0.4894
vn -0.7325 0.6772 0.0695
vn -0.3387 0.8795 -0.3345
vn -0.4998 -0.2022 -0.8422
vn -0.1210 0.0385 -0.9919
vn 0.3576 0.3099 -0.8809
vn 0.7130 0.4922 -0.4993
vn 0.8451 0.5342 -0.0217
vn 0.7484 0.4281 0.5066
vn 0.5691 0.7862 0.2407
vn 0.6990 0.7109 0.0776
vn 0.5585 0.8196 -0.1277
vn 0.4903 0.5964 -0.6356
vn 0.1994 0.8438 -0.4982
vn -0.4982 0.2203 -0.8386
vn 0.2894 0.9538 0.0805
vn 0.2959 0.9521 0.0765
vn 0.2915 0.9529 0.0841
vn 0.3598 -0.3504 -0.8647
vn 0.0656 -0.0689 -0.9955
vn 0.3197 -0.3869 -0.8649
vn 0.0044 -0.0081 -1.0000
vn -0.2435 0.2921 -0.9249
vn -0.3016 0.3862 -0.8717
vn -0.4893 0.6114 -0.6219
vn 0.2885 -0.4208 -0.8601
vn -0.0223 -0.0193 -0.9996
vn 0.2926 -0.4269 -0.8556
vn -0.0249 -0.0164 -0.9996
vn 0.3287 -0.3932 -0.8587
vn -0.3298 0.3931 -0.8583
vn -0.5219 0.6798 -0.5153
vn -0.6174 0.7804 -0.0992
vn -0.6075 0.7943 0.0025
vn -0.5467 0.6905 0.4736
vn -0.5160 0.6722 0.5309
vn -0.3339 0.4126 0.8475
vn -0.3093 0.3955 0.8648
vn -0.0631 0.0754 0.9952
vn -0.0036 0.0135 0.9999
vn 0.2464 -0.2585 0.9340
vn 0.3251 -0.3617 0.8738
vn 0.5630 -0.5160 0.6456
vn 0.5837 -0.6238 0.5197
vn 0.7546 -0.6487 0.0982
vn 0.6802 -0.7329 -0.0133
vn 0.6422 -0.5579 -0.5258
vn 0.5561 -0.6322 -0.5395
vn 0.5124 -0.6945 -0.5051
vn 0.5151 -0.7016 -0.4924
vn 0.5325 -0.6798 -0.5042
vn 0.5476 -0.6644 -0.5086
vn 0.3318 -0.3764 -0.8650
vn 0.5605 -0.6607 -0.4994
vn 0.3284 -0.3840 -0.8630
vn 0.5769 -0.6468 -0.4988
vn 0.3536 -0.3742 -0.8573
vn 0.5930 -0.6372 -0.4923
vn 0.3651 -0.3700 -0.8543
vn 0.6036 -0.6306 -0.4878
vn 0.3457 -0.3756 -0.8599
vn 0.5878 -0.6352 -0.5011
vn 0.3500 -0.3782 -0.8570
vn 0.5971 -0.6264 -0.5010
vn 0.3673 -0.3567 -0.8590
vn 0.6302 -0.5896 -0.5052
vn 0.3671 -0.3292 -0.8700
vn 0.6597 -0.5540 -0.5078
vn 0.3746 -0.3159 -0.8717
vn 0.6625 -0.5471 -0.5117
vn 0.3879 -0.2981 -0.8722
vn 0.6760 -0.5288 -0.5133
vn 0.4325 -0.2917 -0.8531
vn 0.6882 -0.5561 -0.4660
vn 0.4095 -0.2871 -0.8659
vn 0.7476 -0.4242 -0.5110
vn 0.3933 -0.1946 -0.8986
vn 0.4131 0.7675 -0.4901
vn 0.3265 0.1769 -0.9285
vn 0.7681 0.6275 -0.1277
vn 0.8626 -0.5059 0.0003
vn 0.7001 0.6424 0.3117
vn 0.7641 -0.6446 -0.0256
vn 0.7621 -0.6468 -0.0290
vn 0.7627 -0.6462 -0.0251
vn 0.7678 -0.6402 -0.0249
vn 0.7262 -0.6873 -0.0142
vn 0.6780 -0.7351 -0.0031
vn 0.6784 -0.7346 0.0120
vn 0.6999 -0.7142 0.0027
vn 0.6705 -0.7419 -0.0053
vn 0.6545 -0.7560 0.0066
vn 0.6474 -0.7621 -0.0081
vn 0.6230 -0.7822 -0.0102
vn 0.6016 -0.7988 0.0093
vn 0.6073 -0.7945 -0.0004
vn 0.6073 -0.7944 -0.0097
vn 0.5306 -0.6750 0.5127
vn 0.5433 -0.6836 0.4873
vn 0.5113 -0.6979 0.5015
vn 0.5173 -0.6776 0.5227
vn 0.5594 -0.6593 0.5023
vn 0.5643 -0.6660 0.4879
vn 0.5730 -0.6518 0.4968
vn 0.6227 -0.6180 0.4799
vn 0.5949 -0.6384 0.4885
vn 0.5728 -0.6396 0.5127
vn 0.6161 -0.5901 0.5217
vn 0.6674 -0.5516 0.5003
vn 0.6627 -0.5766 0.4778
vn 0.6405 -0.5864 0.4959
vn 0.6693 -0.5935 0.4470
vn 0.7844 -0.4684 0.4067
vn 0.6288 0.1451 0.7639
vn 0.4715 -0.2968 0.8304
vn -0.0008 0.8126 0.5828
vn 0.3453 -0.3459 0.8724
vn 0.3311 -0.3517 0.8756
vn 0.3585 -0.3254 0.8750
vn 0.3862 -0.3095 0.8689
vn 0.3655 -0.3511 0.8620
vn 0.3310 -0.3859 0.8611
vn 0.3530 -0.3695 0.8596
vn 0.3649 -0.3414 0.8662
vn 0.3310 -0.3931 0.8579
vn 0.3228 -0.3965 0.8594
vn 0.3242 -0.3824 0.8653
vn 0.2969 -0.4127 0.8611
vn 0.2975 -0.4278 0.8535
vn 0.3311 -0.3926 0.8580
vn 0.3284 -0.3909 0.8599
vn 0.0245 0.0163 0.9996
vn 0.0223 0.0198 0.9996
vn -0.0203 -0.0183 0.9996
vn -0.0209 -0.0201 0.9996
vn 0.0061 -0.0037 1.0000
vn -0.0087 -0.0127 0.9999
vn -0.0049 -0.0205 0.9998
vn 0.0258 0.0161 0.9995
vn 0.0049 0.0126 0.9999
vn -0.0151 -0.0118 0.9998
vn 0.0004 -0.0026 1.0000
vn 0.0186 0.0060 0.9998
vn -0.0116 -0.0097 0.9999
vn -0.0478 -0.0361 0.9982
vn -0.0196 -0.0382 0.9991
vn 0.0107 -0.0294 0.9995
vn -0.3460 0.4744 0.8095
vn -0.3932 0.2236 0.8919
vn -0.4291 0.8488 0.3090
vn -0.4035 0.3047 0.8627
vn -0.4352 0.3100 0.8453
vn -0.3956 0.3266 0.8584
vn -0.3826 0.3447 0.8572
vn -0.3708 0.3562 0.8577
vn -0.3515 0.3618 0.8635
vn -0.3298 0.3792 0.8645
vn -0.3399 0.3904 0.8556
vn -0.3544 0.3792 0.8548
vn -0.3430 0.3841 0.8572
vn -0.3305 0.3962 0.8566
vn -0.3384 0.3833 0.8594
vn -0.3209 0.3842 0.8657
vn -0.2846 0.4160 0.8637
vn -0.2899 0.4228 0.8586
vn -0.5099 0.6939 0.5085
vn -0.5112 0.6955 0.5050
vn -0.5349 0.6818 0.4990
vn -0.5479 0.6647 0.5079
vn -0.5538 0.6619 0.5052
vn -0.5671 0.6593 0.4937
vn -0.5773 0.6458 0.4997
vn -0.5892 0.6391 0.4944
vn -0.5774 0.6453 0.5002
vn -0.5867 0.6352 0.5024
vn -0.6310 0.6104 0.4789
vn -0.6617 0.5783 0.4773
vn -0.6578 0.5595 0.5042
vn -0.6676 0.5423 0.5101
vn -0.6743 0.5631 0.4778
vn -0.7120 0.4381 0.5487
vn -0.6735 0.7306 0.1120
vn -0.8445 0.5318 0.0630
vn -0.4956 0.8434 -0.2077
vn -0.7488 0.6610 0.0496
vn -0.7533 0.6572 0.0271
vn -0.7533 0.6577 -0.0019
vn -0.7578 0.6518 -0.0279
vn -0.7135 0.7006 0.0079
vn -0.6677 0.7443 0.0113
vn -0.6681 0.7440 -0.0024
vn -0.6883 0.7254 -0.0033
vn -0.6573 0.7536 -0.0028
vn -0.6427 0.7661 0.0043
vn -0.6423 0.7664 -0.0026
vn -0.6234 0.7818 -0.0095
vn -0.6035 0.7974 0.0065
vn -0.6058 0.7955 0.0093
vn -0.6054 0.7959 -0.0003
vn -0.5321 0.6772 -0.5082
vn -0.3292 0.3902 -0.8599
vn -0.5320 0.6689 -0.5191
vn -0.5107 0.6962 -0.5045
vn -0.5304 0.6893 -0.4935
vn -0.5558 0.6653 -0.4985
vn -0.5481 0.6712 -0.4990
vn -0.5621 0.6644 -0.4925
vn -0.6060 0.6259 -0.4910
vn -0.5790 0.6425 -0.5020
vn -0.5676 0.6508 -0.5042
vn -0.6210 0.6171 -0.4832
vn -0.6562 0.5611 -0.5045
vn -0.6452 0.5788 -0.4987
vn -0.6197 0.5869 -0.5212
vn -0.6359 0.5981 -0.4878
vn -0.7494 0.4880 -0.4475
vn -0.5536 0.4674 -0.6892
vn -0.4311 0.3017 -0.8503
vn -0.1558 0.7885 -0.5950
vn -0.3216 0.3476 -0.8808
vn -0.3327 0.3725 -0.8663
vn -0.3647 0.3473 -0.8639
vn -0.3857 0.3313 -0.8611
vn -0.3603 0.3686 -0.8569
vn -0.3259 0.4026 -0.8554
vn -0.3424 0.3821 -0.8583
vn -0.3654 0.3636 -0.8569
vn -0.3186 0.3997 -0.8595
vn -0.3161 0.4123 -0.8544
vn -0.3261 0.3931 -0.8597
vn -0.2939 0.4088 -0.8640
vn -0.2846 0.4125 -0.8654
vn 0.0241 0.0137 -0.9996
vn 0.0242 0.0161 -0.9996
vn 0.0072 -0.0016 -1.0000
vn 0.0269 0.0141 -0.9995
vn 0.0241 0.0202 -0.9995
vn -0.0144 -0.0070 -0.9999
vn 0.0016 0.0045 -1.0000
vn 0.0250 0.0248 -0.9994
vn 0.0125 0.0135 -0.9998
vn -0.0057 0.0067 -1.0000
vn 0.0306 0.0108 -0.9995
vn 0.0416 0.0594 -0.9974
vn 0.0226 0.0575 -0.9981
vn 0.0082 0.0337 -0.9994
vn -0.0903 0.9952 -0.0381
vn -0.0988 0.9947 -0.0279
vn -0.1100 0.9939 0.0035
vn -0.3449 -0.3858 -0.8557
vn -0.3039 -0.3979 -0.8656
vn -0.0590 -0.0697 -0.9958
vn -0.0050 -0.0018 -1.0000
vn 0.2313 0.3051 -0.9238
vn 0.2837 0.4034 -0.8699
vn 0.4626 0.6340 -0.6197
vn 0.4908 0.6969 -0.5228
vn 0.5829 0.8066 -0.0983
vn 0.5762 0.8173 0.0090
vn 0.5171 0.7155 0.4698
vn 0.4947 0.6936 0.5237
vn 0.3162 0.4283 0.8465
vn 0.2909 0.3987 0.8697
vn 0.0613 0.0808 0.9948
vn 0.0018 0.0081 1.0000
vn -0.2393 -0.2833 0.9287
vn -0.3012 -0.3769 0.8759
vn -0.5202 -0.5599 0.6450
vn -0.5403 -0.6567 0.5261
vn -0.6994 -0.7079 0.0986
vn -0.6373 -0.7701 -0.0288
vn -0.5944 -0.6104 -0.5236
vn -0.5291 -0.6669 -0.5246
vn -0.5184 -0.6935 -0.5004
vn -0.3033 -0.4014 -0.8643
vn 0.0044 0.0117 -0.9999
vn -0.3215 -0.3970 -0.8597
vn -0.5976 -0.8018 0.0002
vn -0.5167 -0.6952 0.4997
vn -0.2875 -0.3939 0.8731
vn 0.0088 0.0061 0.9999
vn 0.2896 0.3874 0.8752
vn 0.5144 0.6872 0.5130
vn 0.5977 0.8017 -0.0005
vn 0.5116 0.6896 -0.5127
vn 0.2973 0.4025 -0.8658
vn 0.0193 0.0058 -0.9998
vn -0.3130 -0.3887 -0.8666
vn 0.0158 -0.0008 -0.9999
vn -0.3037 -0.3991 -0.8651
vn 0.3286 0.3695 -0.8692
vn 0.5641 0.6555 -0.5021
vn 0.6466 0.7628 -0.0037
vn 0.5468 0.6561 0.5201
vn 0.3231 0.3917 0.8615
vn -0.0043 0.0101 0.9999
vn -0.3342 -0.3771 0.8638
vn -0.5644 -0.6568 0.5001
vn -0.6460 -0.7633 0.0014
vn -0.5549 -0.6635 -0.5019
vn -0.5548 -0.6678 -0.4962
vn -0.6441 -0.7649 0.0070
vn -0.5644 -0.6611 0.4944
vn -0.3212 -0.3667 0.8731
vn -0.0159 0.0030 0.9999
vn 0.3172 0.3954 0.8620
vn 0.5519 0.6665 0.5011
vn 0.6427 0.7661 0.0051
vn 0.5635 0.6646 -0.4907
vn 0.3278 0.3723 -0.8683
vn -0.0106 -0.0034 -0.9999
vn -0.3171 -0.3777 -0.8699
vn -0.0155 0.0102 -0.9998
vn -0.3318 -0.3646 -0.8700
vn 0.2964 0.4094 -0.8629
vn 0.5138 0.6937 -0.5048
vn 0.5991 0.8007 0.0018
vn 0.5175 0.6883 0.5084
vn 0.2962 0.3895 0.8721
vn 0.0116 0.0028 0.9999
vn -0.3019 -0.4129 0.8593
vn -0.5171 -0.6970 0.4967
vn -0.5987 -0.8010 0.0061
vn -0.5237 -0.6974 -0.4893
vn -0.5475 -0.6843 -0.4816
vn -0.6198 -0.7846 -0.0147
vn -0.5271 -0.6805 0.5089
vn -0.3073 -0.4031 0.8620
vn 0.0072 -0.0034 1.0000
vn 0.3123 0.3874 0.8674
vn 0.5309 0.6764 0.5105
vn 0.6115 0.7912 0.0104
vn 0.5187 0.6796 -0.5187
vn 0.2957 0.4051 -0.8651
vn -0.0029 0.0123 -0.9999
vn -0.3244 -0.3754 -0.8683
vn -0.0060 0.0077 -1.0000
vn -0.3312 -0.3598 -0.8723
vn 0.3163 0.3758 -0.8710
vn 0.5612 0.6564 -0.5041
vn 0.6496 0.7601 0.0150
vn 0.5683 0.6617 0.4890
vn 0.3191 0.3771 0.8695
vn -0.0109 0.0016 0.9999
vn -0.3223 -0.3572 0.8767
vn -0.5832 -0.6524 0.4839
vn -0.6650 -0.7468 0.0064
vn -0.5793 -0.6476 -0.4949
vn -0.5587 -0.6570 -0.5061
vn -0.6451 -0.7640 0.0135
vn -0.5647 -0.6646 0.4893
vn -0.3207 -0.3740 0.8702
vn -0.0002 0.0104 0.9999
vn 0.2999 0.3733 0.8779
vn 0.5532 0.6757 0.4872
vn 0.6336 0.7736 0.0045
vn 0.5484 0.6727 -0.4968
vn 0.3052 0.3817 -0.8725
vn -0.0138 0.0106 -0.9998
vn -0.3598 -0.3308 -0.8724
vn -0.0192 -0.0063 -0.9998
vn -0.3841 -0.3392 -0.8587
vn 0.3035 0.3770 -0.8751
vn 0.5582 0.6692 -0.4905
vn 0.6466 0.7627 -0.0140
vn 0.5560 0.6564 0.5099
vn 0.3214 0.3766 0.8688
vn 0.0037 0.0046 1.0000
vn -0.3324 -0.3811 0.8627
vn -0.5662 -0.6499 0.5070
vn -0.6600 -0.7513 -0.0067
vn -0.5764 -0.6492 -0.4962
vn -0.6276 -0.5893 -0.5088
vn -0.7278 -0.6857 0.0080
vn -0.6331 -0.5929 0.4977
vn -0.3761 -0.3474 0.8590
vn -0.0133 -0.0010 0.9999
vn 0.3626 0.3590 0.8600
vn 0.6126 0.6008 0.5136
vn 0.7155 0.6986 -0.0097
vn 0.6164 0.6060 -0.5028
vn 0.3482 0.3464 -0.8711
vn -0.0132 -0.0160 -0.9998
vn -0.3731 -0.3585 -0.8557
vn -0.0110 -0.0068 -0.9999
vn -0.3949 -0.3517 -0.8487
vn 0.3791 0.3300 -0.8645
vn 0.6414 0.5628 -0.5214
vn 0.7460 0.6658 0.0143
vn 0.6395 0.5797 0.5050
vn 0.3588 0.3419 0.8685
vn -0.0278 0.0064 0.9996
vn -0.4033 -0.3243 0.8557
vn -0.6571 -0.5538 0.5114
vn -0.7577 -0.6523 0.0206
vn -0.6408 -0.5556 -0.5298
vn -0.6126 -0.5895 -0.5266
vn -0.7216 -0.6922 0.0063
vn -0.6160 -0.5853 0.5272
vn -0.3686 -0.3371 0.8663
vn -0.0274 0.0006 0.9996
vn 0.3458 0.3621 0.8656
vn 0.6083 0.6143 0.5026
vn 0.7064 0.7077 0.0126
vn 0.6129 0.6107 -0.5014
vn 0.3587 0.3563 -0.8628
vn -0.0009 0.0206 -0.9998
vn -0.3853 -0.3329 -0.8607
vn 0.0047 0.0075 -1.0000
vn -0.3864 -0.3141 -0.8672
vn 0.3657 0.3628 -0.8571
vn 0.6275 0.6044 -0.4908
vn 0.7239 0.6899 0.0032
vn 0.6318 0.5984 0.4926
vn 0.3569 0.3395 0.8702
vn -0.0017 0.0015 1.0000
vn -0.3648 -0.3373 0.8679
vn -0.6288 -0.5813 0.5165
vn -0.7370 -0.6757 -0.0167
vn -0.6413 -0.5834 -0.4984
vn -0.6640 -0.5752 -0.4778
vn -0.7572 -0.6528 -0.0201
vn -0.6528 -0.5582 0.5121
vn -0.3792 -0.3151 0.8700
vn -0.0024 0.0158 0.9999
vn 0.3532 0.3280 0.8762
vn 0.6405 0.5759 0.5080
vn 0.7466 0.6648 -0.0237
vn 0.6569 0.5848 -0.4759
vn 0.3767 0.3344 -0.8639
vn -0.0191 0.0055 -0.9998
vn -0.4511 -0.2973 -0.8415
vn -0.0466 -0.0092 -0.9989
vn -0.5515 -0.4212 -0.7200
vn 0.3890 0.3564 -0.8495
vn 0.6460 0.5732 -0.5042
vn 0.7506 0.6607 -0.0071
vn 0.6429 0.5626 0.5198
vn 0.3797 0.3310 0.8639
vn 0.0032 0.0040 1.0000
vn -0.3760 -0.3198 0.8697
vn -0.6565 -0.5604 0.5049
vn -0.7614 -0.6483 0.0003
vn -0.6695 -0.5637 -0.4838
vn -0.7199 -0.4889 -0.4928
vn -0.8213 -0.5699 0.0263
vn -0.6835 -0.4824 0.5478
vn -0.3693 -0.2612 0.8918
vn 0.0114 0.0096 0.9999
vn 0.4402 0.3135 0.8414
vn 0.7215 0.5168 0.4608
vn 0.8105 0.5857 -0.0043
vn 0.6886 0.5047 -0.5207
vn 0.3933 0.3013 -0.8686
vn -0.1052 -0.1556 -0.9822
vn -0.4917 -0.1527 -0.8573
vn 0.0278 0.6585 -0.7521
vn 0.3568 0.1591 -0.9205
vn 0.6844 0.4117 -0.6017
vn 0.8197 0.5601 -0.1198
vn 0.7537 0.5594 0.3450
vn 0.5084 0.4284 0.7470
vn 0.0879 0.1698 0.9815
vn -0.3165 -0.1063 0.9426
vn -0.7111 -0.3945 0.5819
vn -0.8447 -0.5272 0.0924
vn -0.7826 -0.5287 -0.3286
vn -0.5823 0.6079 -0.5398
vn -0.8542 0.4708 -0.2206
vn -0.7544 0.6024 0.2610
vn -0.4666 0.2282 0.8545
vn 0.0396 0.9173 0.3962
vn 0.3768 0.7173 0.5860
vn 0.3736 0.9276 -0.0011
vn 0.5374 0.8312 -0.1426
vn 0.3693 0.8402 -0.3972
vn 0.3913 0.4166 -0.8206
vn 0.0490 0.9715 -0.2317
vn 0.0527 0.9699 -0.2379
vn 0.0574 0.9689 -0.2408
vn 0.0035 -0.0074 -1.0000
vn -0.2390 0.2843 -0.9285
vn -0.2985 0.3818 -0.8747
vn -0.4844 0.6058 -0.6312
vn 0.0617 -0.0636 -0.9961
vn 0.3198 -0.3844 -0.8660
vn 0.3671 -0.3515 -0.8612
vn 0.5595 -0.6329 -0.5352
vn 0.6426 -0.5544 -0.5288
vn 0.6821 -0.7310 -0.0198
vn 0.7588 -0.6440 0.0975
vn 0.5826 -0.6207 0.5247
vn 0.5632 -0.5137 0.6473
vn 0.3292 -0.3634 0.8716
vn 0.2524 -0.2596 0.9322
vn -0.0044 0.0152 0.9999
vn -0.0670 0.0795 0.9946
vn -0.3104 0.3957 0.8643
vn -0.3301 0.4060 0.8522
vn -0.3062 0.4111 0.8586
vn 0.0014 -0.0014 1.0000
vn 0.3041 -0.4091 0.8603
vn 0.5117 -0.6892 0.5130
vn 0.5993 -0.8005 -0.0096
vn 0.5171 -0.6911 -0.5050
vn 0.3045 -0.4089 -0.8603
vn 0.0009 -0.0018 -1.0000
vn -0.3058 0.4114 -0.8586
vn -0.5213 0.6803 -0.5152
vn -0.6159 0.7816 -0.0991
vn -0.6067 0.7949 0.0025
vn -0.5425 0.6878 0.4824
vn -0.5143 0.6700 0.5353
vn -0.5147 0.6902 0.5086
vn -0.5487 0.6669 0.5042
vn -0.3180 0.3855 0.8662
vn -0.5274 0.6825 0.5060
vn -0.3000 0.3938 0.8689
vn -0.5161 0.6869 0.5116
vn -0.3102 0.4068 0.8592
vn -0.5649 0.6565 0.4998
vn -0.3335 0.3926 0.8571
vn -0.5702 0.6429 0.5115
vn -0.3505 0.3955 0.8489
vn -0.5636 0.6648 0.4903
vn -0.3328 0.3994 0.8542
vn -0.6006 0.6324 0.4892
vn -0.3435 0.3612 0.8669
vn -0.6123 0.6248 0.4844
vn -0.3425 0.3595 0.8680
vn -0.6081 0.6139 0.5033
vn -0.3551 0.3504 0.8666
vn -0.6688 0.5440 0.5068
vn -0.3987 0.3091 0.8634
vn -0.6447 0.5438 0.5373
vn -0.4116 0.3282 0.8502
vn -0.6507 0.5620 0.5107
vn -0.4256 0.3367 0.8399
vn -0.6905 0.5517 0.4677
vn -0.4042 0.2981 0.8647
vn -0.5890 0.6238 0.5138
vn -0.3554 0.3681 0.8592
vn -0.2784 0.9243 0.2610
vn -0.3383 0.6415 0.6885
vn -0.3778 0.9242 0.0568
vn -0.6802 0.7329 -0.0119
vn -0.2885 0.9420 -0.1714
vn -0.7656 0.6428 0.0247
vn -0.7385 0.6726 0.0472
vn -0.7527 0.6583 0.0109
vn -0.7661 0.6427 0.0034
vn -0.7004 0.7137 0.0059
vn -0.7023 0.7119 0.0031
vn -0.6868 0.7268 0.0100
vn -0.6470 0.7624 0.0078
vn -0.6649 0.7469 -0.0029
vn -0.6529 0.7575 -0.0027
vn -0.5984 0.8011 -0.0092
vn -0.6131 0.7899 0.0074
vn -0.6332 0.7740 0.0103
vn -0.5969 0.8023 -0.0000
vn -0.5133 0.6913 -0.5085
vn -0.3202 0.3993 -0.8591
vn -0.5390 0.6601 -0.5232
vn -0.5301 0.6749 -0.5134
vn -0.5181 0.6986 -0.4935
vn -0.5672 0.6600 -0.4927
vn -0.5778 0.6513 -0.4919
vn -0.5611 0.6601 -0.4995
vn -0.5908 0.6304 -0.5036
vn -0.6121 0.6179 -0.4934
vn -0.5976 0.6204 -0.5079
vn -0.6607 0.5742 -0.4834
vn -0.6382 0.5845 -0.5010
vn -0.6083 0.5899 -0.5310
vn -0.6478 0.5750 -0.4997
vn -0.5921 0.6531 -0.4720
vn -0.3524 0.7175 -0.6008
vn -0.3490 0.4025 -0.8463
vn -0.0779 0.8275 -0.5560
vn -0.3486 0.3444 -0.8717
vn -0.3452 0.3762 -0.8598
vn -0.3507 0.3536 -0.8672
vn -0.3409 0.3223 -0.8831
vn -0.3327 0.3636 -0.8701
vn -0.3563 0.3618 -0.8615
vn -0.3388 0.3749 -0.8629
vn -0.3354 0.3995 -0.8532
vn -0.3400 0.3871 -0.8571
vn -0.3339 0.3911 -0.8577
vn -0.2966 0.4011 -0.8667
vn -0.3089 0.3876 -0.8685
vn -0.0050 -0.0039 -1.0000
vn 0.0025 0.0043 -1.0000
vn 0.3069 -0.4000 -0.8636
vn 0.3265 -0.3961 -0.8582
vn 0.0034 0.0027 -1.0000
vn 0.3028 -0.4002 -0.8650
vn 0.0018 0.0086 -1.0000
vn -0.0033 0.0153 -0.9999
vn 0.0039 0.0036 -1.0000
vn 0.0105 0.0127 -0.9999
vn 0.0014 0.0014 -1.0000
vn 0.0006 0.0316 -0.9995
vn 0.0087 0.0398 -0.9992
vn 0.0440 0.0146 -0.9989
vn 0.0412 0.0358 -0.9985
vn 0.0312 0.0380 -0.9988
vn 0.0277 0.0131 -0.9995
vn 0.3585 -0.0175 -0.9334
vn 0.4140 -0.3808 -0.8268
vn 0.5738 0.6898 -0.4415
vn 0.4371 -0.3065 -0.8456
vn 0.4097 -0.3045 -0.8599
vn 0.3898 -0.2878 -0.8748
vn 0.4031 -0.2917 -0.8675
vn 0.3767 -0.3498 -0.8577
vn 0.3681 -0.3628 -0.8561
vn 0.3676 -0.3612 -0.8570
vn 0.3308 -0.3748 -0.8661
vn 0.3476 -0.3727 -0.8604
vn 0.3476 -0.3874 -0.8539
vn 0.5752 -0.6439 -0.5045
vn 0.5911 -0.6398 -0.4912
vn 0.5777 -0.6593 -0.4812
vn 0.6071 -0.6160 -0.5019
vn 0.6170 -0.6071 -0.5008
vn 0.6233 -0.6047 -0.4959
vn 0.6908 -0.5452 -0.4749
vn 0.6759 -0.5546 -0.4854
vn 0.6620 -0.5525 -0.5066
vn 0.6835 -0.5294 -0.5025
vn 0.6373 -0.5999 -0.4836
vn 0.9123 0.3781 -0.1573
vn 0.7194 -0.6944 -0.0180
vn 0.8028 0.3958 0.4459
vn 0.7747 -0.6323 0.0013
vn 0.7487 -0.6624 -0.0269
vn 0.7602 -0.6496 -0.0131
vn 0.7762 -0.6298 -0.0311
vn 0.7124 -0.7010 -0.0331
vn 0.7124 -0.7017 -0.0051
vn 0.6966 -0.7173 0.0155
vn 0.6600 -0.7513 -0.0043
vn 0.6781 -0.7349 -0.0050
vn 0.6638 -0.7478 0.0131
vn 0.5164 -0.6860 -0.5127
vn 0.5256 -0.6788 -0.5128
vn 0.5497 -0.6751 -0.4919
vn 0.6317 -0.7752 -0.0000
vn 0.6115 -0.7912 0.0099
vn 0.6002 -0.7998 -0.0097
vn 0.5816 -0.6510 0.4878
vn 0.5833 -0.6339 0.5078
vn 0.5783 -0.6551 0.4862
vn 0.6102 -0.6284 0.4824
vn 0.6169 -0.6031 0.5058
vn 0.6050 -0.6084 0.5136
vn 0.6635 -0.5564 0.5002
vn 0.6485 -0.5758 0.4979
vn 0.6328 -0.5927 0.4983
vn 0.6718 -0.5695 0.4737
vn 0.6263 -0.6235 0.4680
vn 0.5084 -0.2208 0.8323
vn 0.3711 -0.3880 0.8436
vn -0.0276 0.7995 0.6000
vn 0.3529 -0.3295 0.8757
vn 0.3267 -0.3424 0.8809
vn 0.3563 -0.3383 0.8710
vn 0.3660 -0.3236 0.8725
vn 0.3503 -0.3585 0.8653
vn 0.3784 -0.3574 0.8539
vn 0.3550 -0.3676 0.8596
vn 0.3326 -0.3723 0.8665
vn 0.3459 -0.3722 0.8613
vn 0.3406 -0.3773 0.8612
vn 0.3242 -0.3824 0.8652
vn 0.5083 -0.6846 0.5225
vn 0.5294 -0.6778 0.5102
vn 0.5508 -0.6750 0.4909
vn 0.3217 -0.3992 0.8586
vn 0.3190 -0.4002 0.8591
vn 0.2989 -0.4053 0.8640
vn 0.0038 0.0058 1.0000
vn 0.0012 0.0076 1.0000
vn 0.0094 0.0053 0.9999
vn -0.0037 0.0043 1.0000
vn 0.0048 0.0158 0.9999
vn -0.0069 -0.0005 1.0000
vn -0.0178 -0.0121 0.9998
vn -0.0223 -0.0174 0.9996
vn -0.0248 -0.0329 0.9991
vn -0.0275 -0.0211 0.9994
vn -0.0431 0.0359 0.9984
vn -0.0019 -0.0051 1.0000
vn 0.0040 0.0055 1.0000
vn -0.0058 0.0002 1.0000
vn -0.0301 0.9995 -0.0000
vn -0.0312 0.9995 0.0003
vn -0.0241 0.9997 -0.0000
vn -1.0000 0.0047 0.0002
vn -0.7544 0.3434 0.5594
vn -0.8635 0.5037 -0.0239
vn -0.3811 0.5997 0.7036
vn -0.6887 -0.0245 0.7246
vn -0.8622 -0.5060 0.0236
vn -0.7534 -0.5508 0.3592
vn -0.4792 -0.8768 0.0401
vn -0.2620 -0.6077 0.7497
vn -0.0141 -0.9988 0.0471
vn 0.0497 -0.6652 0.7450
vn 0.5004 -0.8648 0.0419
vn 0.3233 -0.4410 0.8372
vn 0.8811 -0.4723 0.0226
vn 0.8649 -0.3609 0.3488
vn 1.0000 0.0046 -0.0006
vn 0.5784 0.0744 0.8123
vn 0.8791 0.4762 -0.0231
vn 0.8005 0.5168 0.3036
vn 0.8766 0.4806 -0.0248
vn 1.0000 0.0022 -0.0001
vn 0.8776 -0.4788 0.0244
vn 0.4935 -0.8686 0.0441
vn -0.0141 -0.9985 0.0523
vn -0.4724 -0.8801 0.0476
vn -0.8582 -0.5125 0.0278
vn -1.0000 0.0024 -0.0001
vn -0.8577 0.5134 -0.0274
vn -0.4800 0.8762 -0.0437
vn -0.0702 0.7178 0.6927
vn -0.0238 0.9985 -0.0483
vn 0.2814 0.6460 0.7096
vn 0.5148 0.8562 -0.0427
vn 0.5107 0.8586 -0.0453
vn 0.5004 0.8657 -0.0143
vn 0.8818 0.4716 0.0081
vn 0.5064 0.8620 -0.0229
vn 0.8621 0.5066 -0.0115
vn 0.5103 0.8598 -0.0177
vn 0.8743 0.4851 -0.0171
vn 0.5145 0.8574 0.0153
vn 0.8633 0.5045 0.0126
vn 0.4938 0.8696 -0.0012
vn 0.8678 0.4958 -0.0326
vn 0.5100 0.8594 0.0355
vn 0.8789 0.4769 0.0002
vn 0.5121 0.8552 0.0794
vn 0.8769 0.4785 0.0451
vn 0.5003 0.8599 0.1014
vn 0.8820 0.4652 0.0745
vn 0.5063 0.8563 0.1023
vn 0.8754 0.4748 0.0903
vn 0.4940 0.8683 0.0447
vn 0.8757 0.4815 0.0366
vn 0.5000 0.8655 -0.0312
vn 0.8842 0.4659 -0.0344
vn 0.5202 0.8505 -0.0777
vn 0.8794 0.4704 -0.0728
vn 0.5253 0.8483 -0.0671
vn 0.8554 0.5157 -0.0486
vn 0.4963 0.8680 -0.0182
vn 0.8505 0.5259 0.0031
vn 0.5002 0.8658 -0.0106
vn 0.8731 0.4875 0.0051
vn 0.3288 0.4370 -0.8372
vn 0.8684 0.3533 -0.3480
vn 0.0586 0.8018 -0.5948
vn -0.0093 0.9996 -0.0260
vn -0.2274 0.5029 -0.8339
vn 0.0200 0.9991 -0.0385
vn 0.0111 0.9979 -0.0634
vn -0.0193 0.9981 -0.0588
vn -0.0142 0.9997 -0.0194
vn -0.0143 0.9992 0.0383
vn -0.0145 0.9962 0.0862
vn -0.0041 0.9954 0.0956
vn -0.0154 0.9956 0.0925
vn -0.0256 0.9976 0.0636
vn -0.0100 0.9996 0.0254
vn 0.0047 0.9998 0.0189
vn -0.0095 0.9998 -0.0173
vn -0.0141 0.9995 -0.0267
vn -0.0049 0.9994 -0.0343
vn -0.0161 0.9985 -0.0525
vn -0.4911 0.8699 -0.0456
vn -0.8486 0.5270 -0.0458
vn -0.5049 0.8621 -0.0439
vn -0.5074 0.8615 -0.0208
vn -0.4964 0.8680 -0.0145
vn -0.4932 0.8697 0.0190
vn -0.4805 0.8759 0.0427
vn -0.5145 0.8547 0.0692
vn -0.5269 0.8462 0.0791
vn -0.5177 0.8528 0.0687
vn -0.4791 0.8762 0.0516
vn -0.4726 0.8810 0.0234
vn -0.4854 0.8743 -0.0046
vn -0.4903 0.8710 -0.0308
vn -0.5084 0.8601 -0.0412
vn -0.4920 0.8694 -0.0447
vn -0.4818 0.8756 -0.0339
vn -0.7619 0.5409 -0.3563
vn -0.8664 0.4984 -0.0315
vn -0.5653 0.0203 -0.8246
vn -0.8548 0.5175 -0.0386
vn -0.8440 0.5361 -0.0162
vn -0.8566 0.5159 0.0081
vn -0.8619 0.5069 0.0124
vn -0.8585 0.5128 0.0028
vn -0.8702 0.4928 0.0024
vn -0.8595 0.5105 0.0253
vn -0.8497 0.5251 0.0486
vn -0.8449 0.5322 0.0545
vn -0.8536 0.5182 0.0535
vn -0.8606 0.5092 0.0128
vn -0.8631 0.5050 -0.0023
vn -0.8573 0.5147 -0.0131
vn -1.0000 0.0089 0.0003
vn -0.9995 -0.0141 -0.0300
vn -0.8568 -0.5154 0.0153
vn -0.8715 -0.4902 -0.0136
vn -1.0000 0.0008 0.0044
vn -0.8558 -0.5171 0.0155
vn -1.0000 -0.0070 0.0010
vn -0.9988 -0.0014 0.0480
vn -0.9995 -0.0122 0.0280
vn -1.0000 0.0037 0.0004
vn -0.9992 0.0281 -0.0291
vn -0.9984 0.0286 -0.0487
vn -0.9998 0.0031 -0.0198
vn -0.9997 0.0008 0.0261
vn -0.9987 -0.0162 0.0485
vn -0.9996 -0.0177 0.0232
vn -0.9995 0.0169 -0.0254
vn -0.9995 0.0212 -0.0231
vn -0.8553 -0.4062 -0.3217
vn -0.8529 -0.5220 -0.0019
vn -0.3067 -0.5208 -0.7967
vn -0.8437 -0.5368 0.0020
vn -0.8560 -0.5149 0.0465
vn -0.8604 -0.5051 0.0681
vn -0.8542 -0.5187 0.0355
vn -0.8621 -0.5054 -0.0355
vn -0.8561 -0.5094 -0.0873
vn -0.8524 -0.5172 -0.0765
vn -0.8514 -0.5223 -0.0475
vn -0.8638 -0.5038 -0.0086
vn -0.8527 -0.5217 0.0290
vn -0.8530 -0.5219 -0.0114
vn -0.5019 -0.8647 -0.0196
vn -0.5013 -0.8652 0.0050
vn -0.5023 -0.8638 -0.0392
vn -0.5084 -0.8575 -0.0783
vn -0.5124 -0.8529 -0.1003
vn -0.4965 -0.8620 -0.1019
vn -0.4854 -0.8732 -0.0441
vn -0.4724 -0.8808 0.0317
vn -0.4608 -0.8844 0.0747
vn -0.4846 -0.8725 0.0624
vn -0.5081 -0.8610 0.0203
vn -0.4903 -0.8715 0.0147
vn -0.0690 -0.7195 -0.6911
vn -0.0188 -0.9995 0.0269
vn 0.2585 -0.6594 -0.7059
vn 0.0113 -0.9991 0.0406
vn 0.0198 -0.9979 0.0616
vn -0.0093 -0.9982 0.0593
vn -0.0141 -0.9997 0.0206
vn -0.0139 -0.9991 -0.0395
vn -0.0136 -0.9959 -0.0894
vn -0.0149 -0.9953 -0.0960
vn -0.0144 -0.9956 -0.0922
vn -0.0236 -0.9978 -0.0616
vn -0.0114 -0.9997 -0.0237
vn 0.0141 -0.9997 -0.0204
vn -0.4800 -0.8770 0.0207
vn -0.5077 -0.8613 0.0209
vn -0.4789 -0.8777 0.0165
vn -0.0141 -0.9993 0.0349
vn -0.0141 -0.9995 0.0265
vn -0.0093 -0.9998 0.0177
vn 0.5086 -0.8608 -0.0185
vn 0.5151 -0.8559 -0.0463
vn 0.5090 -0.8581 -0.0680
vn 0.4960 -0.8645 -0.0815
vn 0.5076 -0.8592 -0.0643
vn 0.5066 -0.8608 -0.0491
vn 0.5001 -0.8656 -0.0231
vn 0.4876 -0.8730 0.0043
vn 0.4877 -0.8726 0.0267
vn 0.4960 -0.8675 0.0394
vn 0.5238 -0.8504 0.0491
vn 0.5139 -0.8570 0.0385
vn 0.7781 -0.5431 -0.3157
vn 0.8808 -0.4721 0.0371
vn 0.5611 -0.0754 -0.8243
vn 0.8559 -0.5157 0.0392
vn 0.8471 -0.5313 0.0099
vn 0.8647 -0.5022 -0.0111
vn 0.8771 -0.4801 -0.0127
vn 0.8842 -0.4671 0.0012
vn 0.8840 -0.4674 0.0068
vn 0.8812 -0.4724 -0.0160
vn 0.8782 -0.4762 -0.0451
vn 0.8813 -0.4694 -0.0551
vn 0.8776 -0.4763 -0.0550
vn 0.8602 -0.5097 -0.0151
vn 0.4939 -0.8694 0.0120
vn 0.5005 -0.8654 0.0233
vn 0.5064 -0.8611 0.0449
vn 0.8719 -0.4879 0.0423
vn 0.8671 -0.4980 0.0119
vn 0.8669 -0.4984 0.0049
vn 1.0000 -0.0060 -0.0013
vn 0.9984 -0.0161 -0.0542
vn 0.9995 0.0070 -0.0316
vn 1.0000 0.0024 0.0002
vn 0.9994 0.0055 0.0341
vn 0.9985 0.0030 0.0552
vn 0.9998 -0.0007 0.0203
vn 0.9997 -0.0001 -0.0261
vn 0.9988 0.0162 -0.0457
vn 0.9997 0.0168 -0.0202
vn 0.9997 -0.0143 0.0219
vn 0.9997 -0.0121 0.0198
vn 1.0000 -0.0001 -0.0047
vn 1.0000 0.0073 -0.0002
vn 0.9991 0.0278 0.0321
vn -0.0000 -0.0390 -0.9992
vn -0.0011 -0.0361 -0.9993
vn 0.0018 -0.0381 -0.9993
vn 0.0018 0.0190 0.9998
vn 0.0091 0.0293 0.9995
vn -0.0129 0.0226 0.9997
vn 0.7329 -0.0944 0.6738
vn 0.9990 0.0068 -0.0434
vn 0.7609 0.3599 0.5399
vn 0.8545 0.5181 -0.0371
vn 0.4208 0.5666 0.7085
vn 0.4989 0.8664 -0.0208
vn 0.0937 0.6865 0.7210
vn -0.0051 1.0000 -0.0006
vn -0.2931 0.6228 0.7254
vn -0.5138 0.8576 0.0207
vn -0.7866 0.5093 0.3491
vn -0.8623 0.5047 0.0405
vn -0.5114 0.8588 -0.0300
vn -0.8657 0.5004 -0.0124
vn 0.0037 0.9992 -0.0388
vn 0.4907 0.8705 -0.0369
vn 0.8680 0.4959 -0.0265
vn 0.9996 0.0266 -0.0114
vn 0.8633 -0.5045 0.0145
vn 0.8596 -0.5094 -0.0390
vn 0.7909 -0.5431 0.2819
vn 0.4923 -0.8701 -0.0233
vn 0.2634 -0.5477 0.7942
vn -0.0049 -1.0000 0.0010
vn -0.0479 -0.8217 0.5679
vn -0.5133 -0.8579 0.0239
vn -0.3129 -0.4786 0.8204
vn -0.8626 -0.5048 0.0334
vn -0.8435 -0.4054 0.3523
vn -0.9990 0.0091 0.0430
vn -0.5710 0.0684 0.8181
vn -0.9999 -0.0103 0.0080
vn -0.8833 -0.4679 0.0306
vn -0.4982 -0.8662 0.0380
vn 0.0064 -0.9992 0.0386
vn 0.4929 -0.8695 0.0323
vn 0.5083 -0.8607 0.0295
vn -0.0122 -0.9989 0.0450
vn -0.4849 -0.8735 0.0427
vn -0.8714 -0.4896 0.0305
vn -0.9999 0.0048 0.0118
vn -0.8648 0.5020 -0.0083
vn -0.8686 0.4850 0.1016
vn -0.9964 -0.0007 0.0851
vn -0.8698 -0.4907 0.0513
vn -0.5146 -0.8575 0.0026
vn 0.0096 -0.9985 -0.0543
vn 0.4995 -0.8615 -0.0911
vn 0.8752 -0.4837 0.0074
vn 0.9999 0.0070 -0.0120
vn 0.8751 0.4830 -0.0293
vn 0.4915 0.8698 -0.0430
vn 0.0049 0.9990 -0.0435
vn -0.5016 0.8645 -0.0312
vn -0.4972 0.8630 0.0902
vn -0.8737 0.4779 0.0905
vn 0.0126 0.9986 0.0522
vn 0.4921 0.8705 0.0001
vn 0.8537 0.5183 -0.0503
vn 0.9959 -0.0149 -0.0896
vn 0.8595 -0.5004 -0.1040
vn 0.4943 -0.8646 -0.0902
vn 0.0226 -0.9973 -0.0697
vn -0.5160 -0.8563 -0.0225
vn -0.8793 -0.4755 0.0270
vn -0.9977 -0.0000 0.0673
vn -0.8823 0.4670 -0.0593
vn -0.9982 0.0168 -0.0572
vn -0.8544 0.5155 -0.0647
vn -0.8723 -0.4866 -0.0484
vn -0.5062 -0.8620 -0.0277
vn -0.0001 -1.0000 0.0061
vn 0.5060 -0.8617 0.0369
vn 0.8624 -0.4980 -0.0910
vn 0.9977 -0.0011 -0.0682
vn 0.8491 0.5278 -0.0209
vn 0.5157 0.8563 0.0267
vn 0.0009 0.9977 0.0671
vn -0.4847 0.8697 0.0931
vn -0.5020 0.8641 -0.0363
vn 0.0001 1.0000 -0.0069
vn 0.5109 0.8593 0.0261
vn 0.8794 0.4734 0.0515
vn 0.9983 0.0131 0.0575
vn 0.8716 -0.4871 0.0556
vn 0.5047 -0.8623 0.0422
vn -0.0143 -0.9999 0.0046
vn -0.5030 -0.8637 -0.0323
vn -0.8642 -0.4993 -0.0614
vn -0.9973 0.0061 -0.0726
vn -0.8609 0.5086 -0.0116
vn -0.9989 -0.0216 -0.0417
vn -0.8814 0.4719 0.0218
vn -0.8676 -0.4945 -0.0520
vn -0.4957 -0.8669 -0.0521
vn -0.0082 -0.9992 -0.0382
vn 0.4987 -0.8667 -0.0138
vn 0.8768 -0.4759 0.0686
vn 0.9972 0.0026 0.0747
vn 0.8814 0.4683 0.0625
vn 0.5061 0.8619 0.0317
vn -0.0091 0.9999 -0.0067
vn -0.5158 0.8554 -0.0472
vn -0.4927 0.8700 0.0171
vn -0.0114 0.9992 0.0376
vn 0.4937 0.8680 0.0527
vn 0.8832 0.4656 0.0570
vn 0.9991 -0.0013 0.0435
vn 0.8706 -0.4916 0.0172
vn 0.4925 -0.8689 -0.0493
vn 0.0130 -0.9983 -0.0567
vn -0.5090 -0.8595 -0.0477
vn -0.8670 -0.4974 -0.0285
vn -1.0000 0.0097 0.0002
vn -0.8602 0.5091 0.0315
vn -1.0000 -0.0030 -0.0009
vn -0.8721 0.4890 0.0193
vn -0.8655 -0.5000 -0.0313
vn -0.5040 -0.8623 -0.0504
vn 0.0172 -0.9982 -0.0569
vn 0.5046 -0.8620 -0.0482
vn 0.8696 -0.4930 -0.0284
vn 0.9998 -0.0222 0.0023
vn 0.8631 0.5042 0.0296
vn 0.4840 0.8738 0.0478
vn 0.0067 0.9984 0.0562
vn -0.4974 0.8662 0.0476
vn -0.4959 0.8669 0.0504
vn 0.0076 0.9983 0.0573
vn 0.5043 0.8619 0.0535
vn 0.8531 0.5209 0.0304
vn 1.0000 -0.0019 0.0005
vn 0.8657 -0.4999 -0.0262
vn 0.5074 -0.8613 -0.0264
vn 0.0056 -0.9995 -0.0317
vn -0.5057 -0.8624 -0.0233
vn -0.8818 -0.4716 -0.0084
vn -0.9997 -0.0226 0.0025
vn -0.8775 0.4790 0.0233
vn -0.9999 -0.0002 0.0146
vn -0.8783 0.4745 -0.0582
vn -0.8843 -0.4669 0.0033
vn -0.5065 -0.8622 -0.0110
vn 0.0009 -0.9998 -0.0205
vn 0.5105 -0.8594 -0.0279
vn 0.8731 -0.4871 -0.0176
vn 0.9999 0.0125 -0.0056
vn 0.8806 0.4736 0.0152
vn 0.5035 0.8635 0.0274
vn -0.0013 0.9995 0.0323
vn -0.5006 0.8652 0.0304
vn -0.4936 0.8693 0.0265
vn 0.0040 0.9998 0.0199
vn 0.4825 0.8758 0.0077
vn 0.8774 0.4797 -0.0031
vn 0.9999 -0.0020 -0.0145
vn 0.8768 -0.4802 -0.0250
vn 0.5049 -0.8618 0.0490
vn -0.0001 -0.9995 0.0321
vn -0.5001 -0.8660 0.0031
vn -0.8839 -0.4669 -0.0263
vn -0.9989 0.0034 -0.0472
vn -0.8711 0.4837 -0.0854
vn -0.9980 -0.0007 -0.0627
vn -0.8709 0.4913 -0.0132
vn -0.8771 -0.4797 -0.0247
vn -0.5039 -0.8634 0.0229
vn 0.0063 -0.9979 0.0651
vn 0.4888 -0.8679 0.0886
vn 0.8583 -0.5099 0.0581
vn 0.9989 -0.0037 0.0472
vn 0.8681 0.4959 0.0234
vn 0.4749 0.8800 -0.0090
vn 0.0245 0.9993 -0.0298
vn -0.5076 0.8599 -0.0532
vn -0.5103 0.8554 -0.0891
vn 0.0171 0.9978 -0.0647
vn 0.4846 0.8744 -0.0255
vn 0.8579 0.5133 0.0215
vn 0.9980 0.0018 0.0629
vn 0.8551 -0.5109 0.0885
vn 0.4748 -0.8793 0.0361
vn 0.0008 -0.9990 0.0451
vn -0.5077 -0.8605 0.0421
vn -0.8738 -0.4852 0.0322
vn -0.9999 0.0031 0.0121
vn -0.8686 0.4950 0.0201
vn -0.9994 0.0055 0.0346
vn -0.8832 0.4687 -0.0179
vn -0.8685 -0.4940 0.0411
vn -0.4949 -0.8681 0.0392
vn -0.0043 -0.9997 0.0225
vn 0.4994 -0.8664 0.0007
vn 0.8725 -0.4884 0.0111
vn 0.9999 -0.0010 -0.0124
vn 0.8530 0.5207 -0.0357
vn 0.4936 0.8687 -0.0423
vn 0.0005 0.9990 -0.0442
vn -0.4927 0.8696 -0.0333
vn -0.4862 0.8738 -0.0027
vn 0.0059 0.9997 -0.0238
vn 0.4936 0.8689 -0.0380
vn 0.8722 0.4875 -0.0393
vn 0.9994 0.0035 -0.0346
vn 0.8745 -0.4846 -0.0209
vn 0.4841 -0.8744 0.0311
vn 0.0099 -0.9993 0.0367
vn -0.4985 -0.8662 0.0343
vn -0.8704 -0.4920 0.0207
vn -1.0000 -0.0004 0.0004
vn -0.8706 0.3481 -0.3476
vn -0.5593 -0.0776 -0.8253
vn -0.7771 -0.5420 -0.3200
vn -0.2654 -0.6536 -0.7088
vn 0.0690 -0.7195 -0.6911
vn 0.3041 -0.5129 -0.8028
vn 0.8617 -0.5072 0.0160
vn 0.9999 -0.0151 -0.0024
vn 0.8650 0.5013 -0.0222
vn 0.4871 0.8726 -0.0357
vn 0.0300 0.9989 -0.0354
vn -0.4959 0.8679 -0.0299
vn -0.3286 0.4373 -0.8371
vn -0.0593 0.8017 -0.5948
vn 0.2403 0.5001 -0.8320
vn 0.7535 0.5530 -0.3557
vn 0.5566 0.0020 -0.8308
vn 0.8477 -0.4139 -0.3317
vn 0.0258 -0.0104 0.9996
vn 0.0367 -0.0097 0.9993
vn 0.0258 -0.0067 0.9996
vn 0.0012 -0.0360 -0.9993
vn -0.0019 -0.0381 -0.9993
vn 0.8738 0.4862 0.0084
vn 0.9999 0.0104 0.0010
vn 0.9997 -0.0204 -0.0098
vn 0.8620 -0.5067 0.0138
vn 0.8721 -0.4893 -0.0045
vn 0.9971 -0.0763 -0.0015
vn 0.8852 0.4584 -0.0794
vn 0.8574 0.5135 -0.0326
vn 0.9999 0.0100 0.0101
vn 0.8618 0.5035 -0.0612
vn 0.8490 -0.5211 0.0872
vn 0.4856 -0.8628 0.1405
vn 0.5206 -0.8529 0.0376
vn 0.5058 -0.8626 0.0079
vn 0.7783 -0.6218 0.0878
vn 0.7213 -0.5245 0.4524
vn 0.7398 -0.1181 0.6623
vn 0.8406 0.3431 0.4191
vn 0.2699 -0.6002 0.7530
vn 0.4432 -0.8871 0.1288
vn 0.1214 -0.7520 0.6478
vn -0.0836 -0.9845 0.1542
vn -0.1501 -0.6068 0.7806
vn 0.0204 -0.9997 0.0151
vn -0.0008 -0.9979 0.0643
vn -0.4907 -0.8679 0.0774
vn -0.4652 -0.8733 0.1449
vn 0.0246 -0.9872 0.1576
vn -0.5521 -0.8332 0.0316
vn -0.6037 -0.7829 0.1506
vn -0.6401 -0.5907 0.4913
vn -0.8699 -0.4838 0.0962
vn -0.5259 -0.3334 0.7824
vn -0.8728 -0.4862 0.0425
vn -0.8863 -0.4570 0.0750
vn -0.8760 -0.4717 0.1001
vn -0.9940 0.1065 0.0236
vn -0.9987 -0.0298 0.0421
vn -0.9978 -0.0350 0.0565
vn -0.9995 -0.0028 0.0314
vn -0.8944 0.4151 0.1669
vn -0.7863 0.6148 -0.0620
vn -0.5070 0.4635 0.7267
vn -0.8598 0.5084 0.0476
vn -0.8518 0.5230 0.0291
vn -0.8746 0.4833 -0.0397
vn -0.4360 0.8949 -0.0949
vn -0.5152 0.8559 0.0445
vn -0.5237 0.8519 -0.0012
vn -0.4925 0.8647 -0.0990
vn -0.0927 0.6806 0.7268
vn 0.0915 0.9881 -0.1236
vn 0.4500 0.5681 0.6890
vn 0.0045 0.9995 0.0308
vn 0.0144 0.9996 -0.0241
vn 0.0080 0.9925 -0.1220
vn 0.6040 0.7892 -0.1109
vn 0.5032 0.8640 0.0170
vn 0.5032 0.8634 -0.0347
vn 0.5046 0.8568 -0.1060
vn 0.8711 0.4854 -0.0751
vn 0.5052 0.8532 -0.1294
vn 0.8720 0.4887 -0.0276
vn 0.0072 0.9898 -0.1425
vn -0.4801 0.8700 -0.1125
vn -0.8651 0.5001 -0.0391
vn -0.9989 0.0242 0.0392
vn -0.8526 -0.5078 0.1231
vn -0.4650 -0.8677 0.1758
vn 0.0015 -0.9825 0.1865
vn 0.4944 -0.8553 0.1549
vn 0.8667 -0.4915 0.0848
vn 1.0000 0.0091 -0.0005
vn 0.9998 0.0144 0.0149
vn 0.8645 -0.4985 0.0644
vn 0.4912 -0.8656 0.0976
vn -0.0084 -0.9939 0.1101
vn -0.4786 -0.8723 0.0999
vn -0.8596 -0.5063 0.0687
vn -0.9997 -0.0002 0.0224
vn -0.8683 0.4956 -0.0209
vn -0.4893 0.8704 -0.0548
vn 0.0007 0.9976 -0.0692
vn 0.5023 0.8627 -0.0590
vn 0.8791 0.4764 -0.0162
vn 0.5109 0.8577 -0.0576
vn 0.8758 0.4825 0.0091
vn -0.0045 0.9966 -0.0822
vn -0.5112 0.8554 -0.0837
vn -0.8718 0.4866 -0.0570
vn -0.9999 -0.0082 -0.0130
vn -0.8629 -0.5041 0.0368
vn -0.4805 -0.8734 0.0790
vn -0.0208 -0.9945 0.1024
vn 0.5014 -0.8594 0.1004
vn 0.8786 -0.4725 0.0697
vn 0.9996 0.0119 0.0275
vn 0.9998 -0.0147 0.0142
vn 0.8781 -0.4783 0.0136
vn 0.5100 -0.8601 0.0136
vn -0.0156 -0.9998 0.0104
vn -0.4847 -0.8747 0.0053
vn -0.8585 -0.5128 -0.0005
vn -0.9999 -0.0030 -0.0097
vn -0.8655 0.5009 -0.0102
vn -0.5060 0.8625 -0.0119
vn -0.0201 0.9997 -0.0106
vn 0.4998 0.8661 -0.0038
vn 0.8498 0.5263 0.0305
vn 0.5034 0.8637 0.0224
vn 0.8465 0.5317 0.0288
vn -0.0059 0.9999 0.0112
vn -0.5127 0.8585 -0.0058
vn -0.8840 0.4668 -0.0255
vn -0.9995 -0.0000 -0.0310
vn -0.8535 -0.5202 -0.0310
vn -0.4858 -0.8739 -0.0183
vn -0.0097 -0.9999 -0.0051
vn 0.5080 -0.8613 0.0118
vn 0.8666 -0.4984 0.0253
vn 0.9991 -0.0171 0.0379
vn 0.9996 0.0001 0.0299
vn 0.8581 -0.5128 0.0259
vn 0.5292 -0.8484 0.0139
vn -0.0086 -1.0000 0.0001
vn -0.5081 -0.8612 -0.0138
vn -0.8597 -0.5103 -0.0231
vn -0.9996 0.0170 -0.0243
vn -0.8839 0.4671 -0.0235
vn -0.5230 0.8523 -0.0107
vn -0.0090 0.9999 0.0046
vn 0.5176 0.8553 0.0214
vn 0.8556 0.5161 0.0404
vn 0.5139 0.8574 0.0274
vn 0.8716 0.4896 0.0240
vn -0.0091 1.0000 0.0016
vn -0.5138 0.8576 -0.0229
vn -0.8592 0.5105 -0.0345
vn -0.9992 0.0080 -0.0381
vn -0.8497 -0.5259 -0.0386
vn -0.5174 -0.8554 -0.0220
vn 0.0094 -1.0000 0.0016
vn 0.5213 -0.8530 0.0265
vn 0.8562 -0.5150 0.0416
vn 0.9988 -0.0015 0.0489
vn 0.9995 0.0107 0.0295
vn 0.8564 -0.5150 0.0372
vn 0.5125 -0.8582 0.0302
vn 0.0082 -0.9999 0.0141
vn -0.5039 -0.8637 -0.0032
vn -0.8648 -0.5017 -0.0189
vn -0.9983 -0.0475 -0.0346
vn -0.8614 0.5069 -0.0315
vn -0.5072 0.8615 -0.0239
vn -0.0078 0.9999 -0.0125
vn 0.4898 0.8718 0.0054
vn 0.8689 0.4935 0.0377
vn 0.4788 0.8741 0.0825
vn 0.8592 0.5088 0.0542
vn -0.0037 0.9940 0.1092
vn -0.5243 0.8451 0.1045
vn -0.8832 0.4636 0.0715
vn -0.9994 -0.0185 0.0288
vn -0.8666 -0.4985 -0.0241
vn -0.4858 -0.8713 -0.0693
vn 0.0232 -0.9952 -0.0952
vn 0.5258 -0.8457 -0.0911
vn 0.8737 -0.4827 -0.0612
vn 0.9998 0.0156 -0.0155
vn 1.0000 -0.0002 0.0058
vn 0.8787 -0.4758 -0.0381
vn 0.5020 -0.8616 -0.0754
vn 0.0234 -0.9960 -0.0862
vn -0.4971 -0.8650 -0.0683
vn -0.8586 -0.5117 -0.0311
vn -0.9997 -0.0192 0.0177
vn -0.8789 0.4729 0.0624
vn -0.5210 0.8483 0.0944
vn -0.0193 0.9941 0.1070
vn 0.4986 0.8619 0.0920
vn 0.8568 0.5128 0.0549
vn 0.4903 0.8646 0.1099
vn 0.8507 0.5175 0.0923
vn -0.0128 0.9905 0.1368
vn -0.5081 0.8504 0.1362
vn -0.8678 0.4867 0.0999
vn -0.9990 -0.0069 0.0441
vn -0.8623 -0.5056 -0.0283
vn -0.4735 -0.8761 -0.0910
vn 0.0113 -0.9931 -0.1170
vn 0.5054 -0.8558 -0.1104
vn 0.8824 -0.4650 -0.0712
vn 0.9998 0.0184 -0.0118
vn 0.9997 0.0108 -0.0209
vn 0.8730 -0.4718 -0.1233
vn 0.5050 -0.8425 -0.1876
vn -0.0058 -0.9804 -0.1968
vn -0.4762 -0.8649 -0.1590
vn -0.8487 -0.5241 -0.0710
vn -0.9988 -0.0137 0.0473
vn -0.8625 0.4836 0.1491
vn -0.5168 0.8296 0.2113
vn -0.0083 0.9741 0.2261
vn 0.4815 0.8577 0.1802
vn 0.8561 0.5084 0.0935
vn 0.4832 0.8593 0.1679
vn 0.8629 0.4938 0.1076
vn -0.0207 0.9803 0.1964
vn -0.5063 0.8434 0.1801
vn -0.8604 0.4953 0.1200
vn -0.9996 -0.0134 0.0236
vn -0.8528 -0.5173 -0.0717
vn -0.4972 -0.8568 -0.1372
vn -0.0055 -0.9851 -0.1718
vn 0.5126 -0.8442 -0.1567
vn 0.8711 -0.4812 -0.0975
vn 1.0000 0.0039 -0.0071
vn 1.0000 -0.0037 0.0072
vn 0.5873 0.2161 -0.7800
vn 0.7602 0.6201 -0.1939
vn 0.8632 -0.3270 -0.3846
vn 0.8670 -0.4907 -0.0875
vn 0.5124 -0.8440 -0.1587
vn 0.0111 -0.9832 -0.1823
vn -0.4955 -0.8554 -0.1512
vn -0.8616 -0.5015 -0.0789
vn -0.9998 -0.0046 0.0185
vn -0.8671 0.4846 0.1152
vn -0.5104 0.8398 0.1848
vn -0.0044 0.9779 0.2088
vn 0.4751 0.8616 0.1788
vn 0.2370 0.6976 -0.6762
vn -0.0766 0.9225 -0.3784
vn -0.3534 0.6341 -0.6878
vn -0.8624 0.4561 -0.2197
vn -0.5903 0.1169 -0.7987
vn -0.7785 -0.4688 -0.4173
vn -0.2880 -0.4743 -0.8319
vn 0.0689 -0.5345 -0.8424
vn 0.3445 -0.3019 -0.8889
vn -0.0000 0.2097 -0.9778
vn -0.0000 0.2086 -0.9780
vn 0.0644 -0.3384 0.9388
vn 0.0280 -0.3197 0.9471
vn 0.0193 -0.3238 0.9459
vn 0.2361 -0.0706 -0.9691
vn -0.9707 -0.2143 -0.1085
vn 0.0973 0.2818 -0.9545
vn -0.8308 0.3598 -0.4246
vn 0.5844 0.5772 -0.5703
vn -0.0694 0.9140 -0.3998
vn -0.9838 -0.0266 0.1774
vn -0.5780 -0.5769 0.5772
vn -0.0137 -0.3743 0.9272
vn -0.9525 -0.1912 -0.2370
vn -0.2706 -0.4872 -0.8303
vn 0.9285 0.0582 -0.3668
vn 0.9273 0.2572 0.2720
vn 0.9920 0.1057 0.0695
vn 0.8351 -0.3608 0.4153
vn 0.9866 0.0257 -0.1613
vn 0.0261 -0.9112 0.4112
vn 0.5686 -0.8152 -0.1099
vn -0.6882 -0.5637 0.4567
vn -0.1743 -0.9503 0.2578
vn -0.6423 0.2805 0.7133
vn -0.3288 -0.3890 0.8606
vn 0.0210 -0.9209 -0.3893
vn 0.6212 -0.3052 -0.7218
vn 0.6895 0.5577 -0.4620
vn -0.5956 0.7932 0.1267
vn -0.2604 0.1305 0.9566
vn 0.2789 0.4721 0.8362
vn 0.7573 0.6530 -0.0117
vn 0.4026 -0.4972 -0.7686
vn -0.7683 -0.6390 0.0378
vn -0.9179 -0.0447 0.3943
vn -0.3783 0.5070 0.7745
vn -0.1309 0.9875 0.0882
vn 0.5815 -0.0375 -0.8127
vn 0.1032 -0.9938 -0.0408
vn 0.7060 -0.6042 -0.3694
vn -0.0170 0.4555 -0.8901
vn 0.5711 -0.0243 -0.8205
vn -0.7464 0.4818 -0.4591
vn -0.0957 0.2484 -0.9639
vn -0.9963 0.0268 0.0820
vn -0.6463 -0.1350 -0.7510
vn -0.5752 0.0207 0.8178
vn -0.7121 0.5651 0.4167
vn -0.5833 0.0105 0.8122
vn 0.0077 -0.4724 0.8814
vn 0.7181 -0.4777 0.5060
vn 0.9956 -0.0149 -0.0928
vn 0.6511 0.3984 -0.6460
vn 0.0726 0.2677 -0.9607
vn -0.6521 -0.7105 -0.2644
vn -0.6762 -0.4015 0.6178
vn 0.0224 -0.2222 0.9747
vn 0.6468 0.1277 0.7519
vn 0.6582 0.7170 0.2294
vn 0.3192 0.8510 -0.4171
vn -0.1126 -0.3746 -0.9203
vn 0.3228 0.3745 -0.8692
vn -0.3178 -0.8645 0.3895
vn -0.0673 -0.2746 0.9592
vn 0.1223 0.3864 0.9142
vn -0.0255 0.9239 0.3817
vn 0.1695 0.9468 -0.2737
vn 0.8710 -0.0575 0.4878
vn 0.9357 0.2229 -0.2733
vn 0.4952 0.2589 -0.8293
vn -0.3193 0.2180 -0.9222
vn -0.8697 0.0538 -0.4906
vn -0.9358 -0.2348 0.2632
vn -0.9287 -0.0071 -0.3707
vn 0.2379 0.5271 -0.8159
vn 0.9561 -0.0118 -0.2927
vn -0.2744 0.3924 -0.8779
vn 0.2537 -0.3924 0.8841
vn 0.6984 -0.6530 0.2932
vn -0.4362 -0.1560 0.8862
vn 0.0467 -0.6562 0.7532
vn -0.9437 0.0032 0.3307
vn -0.4453 -0.2777 0.8512
vn 0.3369 -0.2406 0.9103
vn 0.9291 0.0078 0.3698
vn 0.7585 0.6113 -0.2259
vn -0.5316 0.3280 -0.7809
vn -0.7901 -0.5828 0.1899
vn -0.2880 -0.5130 0.8087
vn -0.7191 0.6519 -0.2408
vn -0.4655 0.6421 0.6091
vn -0.0850 0.0342 0.9958
vn -0.0527 -0.9963 0.0685
vn -0.2592 -0.6047 0.7531
vn 0.3449 0.6727 0.6546
vn 0.0493 0.9959 -0.0763
vn -0.0429 0.6509 -0.7579
vn 0.4308 0.1735 -0.8856
vn 0.4686 -0.6620 -0.5849
vn 0.0849 -0.0554 -0.9948
vn 0.2608 0.6082 -0.7498
vn 0.7621 0.6398 -0.0994
vn 0.0902 0.0225 0.9957
vn -0.7504 -0.6554 0.0858
vn -0.3435 -0.6636 -0.6646
vn -0.0649 -0.0188 -0.9977
vn -0.7829 -0.1287 -0.6086
vn -0.5491 -0.3133 0.7748
vn 0.5722 0.2957 -0.7649
vn 0.8031 0.1210 0.5834
vn 0.2151 -0.5542 0.8041
vn -0.9758 -0.1068 0.1909
vn -0.5258 -0.4961 0.6909
vn 0.8081 -0.5628 0.1740
vn 0.9718 0.1211 -0.2022
vn -0.1618 0.5682 -0.8068
vn -0.7790 0.5917 -0.2076
vn 0.5359 0.4928 -0.6856
vn 0.5883 -0.3762 -0.7159
vn 0.1930 -0.7233 0.6631
vn 0.0728 -0.9797 -0.1865
vn 0.1134 -0.0626 0.9916
vn -0.5930 0.3811 0.7093
vn -0.1909 0.7217 -0.6653
vn -0.0907 0.0637 -0.9938
vn -0.0472 0.9806 0.1902
vn 0.5987 0.4067 0.6900
vn -0.0346 -0.7250 0.6879
vn 0.5176 -0.3211 0.7931
vn -0.5696 -0.3995 -0.7183
vn 0.0518 0.7018 -0.7105
vn -0.0103 0.3053 -0.9522
vn 0.6762 0.2480 -0.6937
vn -0.7234 0.0923 -0.6842
vn -0.0668 0.2193 -0.9734
vn 0.9928 -0.1071 -0.0538
vn 0.5838 -0.1398 -0.7998
vn 0.5801 -0.5920 0.5595
vn 0.4241 -0.8703 -0.2505
vn 0.0423 -0.3051 0.9514
vn 0.7728 -0.0668 0.6311
vn 0.9790 0.1971 -0.0523
vn 0.5267 0.5425 -0.6544
vn -0.7816 -0.0026 -0.6237
vn -0.3916 0.5156 -0.7621
vn -0.7598 -0.6285 -0.1664
vn -0.5122 -0.5405 0.6674
vn 0.4003 -0.5053 0.7645
vn 0.0721 -0.9923 0.1008
vn -0.6879 -0.1339 -0.7134
vn -0.0783 0.9897 -0.1196
vn 0.7365 0.6608 0.1447
vn 0.8017 0.0225 0.5973
vn -0.9795 -0.2002 0.0211
vn -0.5731 0.5514 -0.6063
vn -0.0308 -0.6956 -0.7178
vn 0.7113 0.1674 0.6826
vn 0.5380 -0.5653 0.6253
vn -0.0153 0.6906 0.7230
vn -0.0169 -0.0627 0.9979
vn 0.5957 -0.8020 -0.0433
vn -0.0127 0.0823 -0.9965
vn -0.5996 0.7932 0.1062
vn -0.6569 0.2402 0.7147
vn -0.3991 0.6637 -0.6326
vn -0.9204 0.3783 -0.0985
vn 0.2542 0.3899 -0.8851
vn 0.6573 -0.2287 -0.7181
vn 0.3882 -0.6398 0.6633
vn -0.4659 0.2722 -0.8420
vn 0.8792 0.2979 -0.3719
vn 0.9067 -0.4037 0.1223
vn 0.3988 -0.3103 0.8629
vn -0.2867 -0.3878 0.8760
vn -0.8709 -0.3116 0.3800
vn -0.7775 -0.3688 -0.5095
vn 0.2344 0.5851 -0.7764
vn -0.3338 0.1500 -0.9306
vn 0.7600 0.3468 0.5497
vn 0.4151 0.9095 0.0222
vn 0.3212 -0.1729 0.9311
vn -0.2734 -0.5989 0.7527
vn -0.4106 -0.9116 -0.0167
vn -0.1735 -0.5540 -0.8143
vn -0.1255 0.8254 -0.5504
vn -0.0544 0.2571 -0.9649
vn 0.1716 0.5542 0.8145
vn -0.4194 0.8754 0.2404
vn -0.5765 0.5941 -0.5610
vn -0.9919 0.1088 0.0654
vn 0.1264 -0.8228 0.5540
vn 0.0664 -0.2562 0.9643
vn -0.5690 0.1394 0.8105
vn -0.6531 -0.2453 0.7165
vn 0.1526 -0.2174 0.9641
vn 0.6537 -0.2985 0.6954
vn 0.0878 0.1928 0.9773
vn -0.5105 -0.2399 0.8258
vn -0.9961 -0.0677 0.0569
vn -0.4080 -0.8707 -0.2747
vn -0.0934 -0.1788 -0.9794
vn 0.7199 -0.4550 -0.5241
vn 0.9953 0.0754 -0.0613
vn -0.5946 -0.0344 0.8033
vn -0.7487 0.0691 -0.6593
vn -0.9956 0.0233 0.0912
vn -0.1161 0.6237 -0.7730
vn -0.7115 0.6651 -0.2268
vn -0.6343 -0.6644 0.3953
vn 0.1289 -0.5999 0.7896
vn 0.7537 -0.0581 0.6546
vn 0.5857 0.0534 -0.8087
vn 0.9954 -0.0024 -0.0961
vn 0.7279 -0.6360 0.2563
vn 0.6412 0.6779 -0.3596
vn 0.5687 -0.4774 0.6698
vn 0.0139 -0.0275 0.9995
vn -0.6132 -0.5475 0.5693
vn -0.9989 0.0427 -0.0186
vn -0.7325 -0.2742 -0.6231
vn 0.0263 0.0435 -0.9987
vn 0.5020 -0.6962 -0.5131
vn 0.9989 -0.0297 -0.0361
vn -0.6539 -0.0036 0.7565
vn -0.6956 0.0078 -0.7184
vn -0.9984 -0.0423 0.0366
vn -0.0817 0.4847 -0.8709
vn 0.6577 0.0121 -0.7532
vn 0.7107 0.0041 0.7035
vn 0.0673 -0.4653 0.8826
vn 0.9999 0.0137 -0.0037
vn 0.6678 0.6512 -0.3604
vn -0.7542 0.5536 -0.3533
vn -0.6316 -0.6474 0.4265
vn 0.7038 -0.5691 0.4252
vn 0.7539 -0.5025 -0.4233
vn 0.9039 -0.3392 0.2607
vn 0.3476 0.2411 -0.9061
vn 0.8938 0.4419 -0.0762
vn 0.4667 -0.7256 0.5057
vn 0.7937 -0.1244 0.5954
vn 0.0157 -0.9913 -0.1303
vn 0.5661 -0.7241 0.3939
vn 0.0077 0.5076 0.8615
vn -0.0349 0.9913 0.1267
vn -0.5615 0.7218 -0.4045
vn -0.5984 0.7617 0.2484
vn -0.0703 0.2842 -0.9562
vn -0.2259 0.8524 -0.4717
vn 0.6304 -0.2483 -0.7355
vn 0.7071 0.5390 -0.4576
vn -0.5346 0.8308 0.1546
vn -0.6372 0.2488 0.7294
vn 0.0657 -0.2749 0.9592
vn 0.5948 -0.7603 -0.2611
vn -0.0145 -0.4940 -0.8693
vn -0.8005 0.1059 -0.5899
vn 0.2147 -0.8549 0.4723
vn -0.8829 -0.4619 0.0844
vn -0.3457 -0.2505 0.9043
vn 0.3965 -0.1614 0.9037
vn -0.4954 0.7082 -0.5030
vn -0.9111 0.3280 -0.2495
vn -0.7492 0.5046 0.4290
vn -0.3856 0.1497 -0.9104
vn 0.2080 -0.4270 -0.8800
vn 0.4897 -0.7414 0.4588
vn -0.1578 -0.9288 -0.3352
vn -0.4854 0.7492 -0.4506
vn 0.2336 0.1752 -0.9564
vn -0.1944 0.4069 0.8925
vn -0.3188 -0.1912 0.9283
vn 0.0893 0.9412 0.3260
vn -0.8898 -0.3697 0.2676
vn 0.0478 0.4122 0.9099
vn -0.5282 0.1341 0.8384
vn -0.8696 -0.0621 -0.4898
vn -0.1189 -0.4336 -0.8932
vn 0.8606 0.3778 -0.3417
vn 0.8700 0.0901 0.4848
vn 0.4493 -0.1230 -0.8849
vn 0.3406 -0.1276 0.9315
vn -0.9367 0.1270 0.3263
vn -0.3756 -0.3707 0.8494
vn -0.9113 0.2572 -0.3215
vn -0.3445 0.1312 -0.9296
vn 0.9178 -0.1212 -0.3780
vn 0.9231 -0.2732 0.2707
vn 0.3856 0.3313 -0.8611
vn -0.4506 0.7814 -0.4317
vn -0.9216 -0.3010 0.2449
vn -0.9548 0.2737 0.1157
vn 0.4640 -0.7759 0.4275
vn 0.9139 0.3114 -0.2605
vn 0.2563 0.9590 -0.1207
vn -0.2846 -0.9495 0.1323
vn 0.9583 -0.2664 -0.1037
vn -0.7035 -0.5219 0.4823
vn 0.5363 -0.8347 -0.1252
vn 0.5206 -0.1946 -0.8314
vn -0.1744 0.1047 -0.9791
vn -0.7362 0.3657 -0.5694
vn -0.9652 0.1739 0.1955
vn -0.1660 0.0188 -0.9860
vn 0.6616 -0.7411 -0.1143
vn -0.0150 -0.7478 -0.6638
vn 0.3644 -0.6268 0.6887
vn -0.1282 -0.9688 0.2123
vn 0.4226 0.1424 0.8950
vn 0.1239 -0.4573 0.8807
vn -0.6892 -0.6658 -0.2858
vn -0.4149 -0.1656 -0.8947
vn -0.3972 0.5891 -0.7037
vn -0.6722 0.7324 0.1087
vn -0.5557 0.1987 0.8073
vn 0.1536 -0.0177 0.9880
vn -0.0113 0.7448 0.6672
vn 0.1174 0.9582 -0.2609
vn -0.1068 0.4436 -0.8898
vn -0.6764 -0.0913 -0.7308
vn -0.5606 -0.5863 0.5848
vn -0.9676 -0.2397 0.0795
vn 0.1472 -0.4105 0.8999
vn -0.5284 -0.3798 0.7593
vn 0.8211 -0.4480 0.3537
vn 0.1951 -0.6790 0.7078
vn -0.8277 0.2467 0.5040
vn -0.8276 0.4425 -0.3454
vn -0.1570 0.3829 -0.9104
vn 0.5346 0.5926 -0.6025
vn 0.7016 0.6733 0.2332
vn 0.7245 -0.3668 0.5835
vn 0.9548 -0.1666 -0.2461
vn 0.5466 0.1063 -0.8306
vn -0.8040 0.1756 -0.5682
vn -0.0093 0.6236 -0.7817
vn 0.1711 -0.1084 0.9793
vn -0.5834 -0.1166 0.8037
vn -1.0000 -0.0073 0.0063
vn -0.7329 0.5692 -0.3726
vn 0.6771 0.7248 -0.1273
vn -0.1894 0.9780 -0.0876
vn -0.8350 -0.2593 -0.4853
vn -0.6397 -0.7522 0.1581
vn 0.0454 -0.6152 0.7871
vn 0.8467 -0.1739 0.5029
vn 0.9988 0.0227 -0.0434
vn 0.7385 -0.5583 0.3782
vn 0.2552 -0.9581 0.1301
vn 0.0202 -0.7997 -0.6001
vn -0.5484 0.5680 -0.6137
vn 0.0391 0.7731 0.6331
vn 0.8480 0.2181 0.4830
vn 0.5687 -0.5313 0.6279
vn 0.5727 -0.8185 0.0459
vn 0.1339 0.1092 -0.9850
vn -0.5696 0.8219 -0.0075
vn -0.1400 -0.1126 0.9837
vn -0.2123 0.6823 -0.6996
vn 0.5061 0.3907 -0.7689
vn 0.9673 0.2328 -0.1007
vn 0.6877 0.1069 0.7181
vn 0.8276 -0.2459 -0.5046
vn 0.9152 -0.1461 -0.3755
vn 0.8744 -0.1835 0.4492
vn 0.4670 -0.8077 -0.3600
vn -0.1014 -0.3095 0.9455
vn -0.8540 -0.5061 -0.1205
vn 0.4098 0.1242 0.9037
vn 0.8777 -0.2945 0.3781
vn -0.4012 -0.0567 0.9142
vn 0.2239 -0.6246 0.7482
vn -0.9387 0.0492 0.3413
vn -0.5491 -0.5742 0.6073
vn -0.8172 0.5451 -0.1874
vn -0.2770 0.6378 -0.7186
vn 0.5441 0.6170 -0.5686
vn 0.9502 -0.0572 -0.3065
vn 0.7951 -0.5447 0.2668
vn 0.3933 0.0626 -0.9173
vn -0.9016 0.2863 -0.3241
vn -0.9086 0.1471 0.3910
vn -0.4223 -0.1226 -0.8981
vn -0.5383 -0.4019 0.7407
vn -0.0172 0.1210 0.9925
vn -0.9996 0.0183 -0.0235
vn -0.7418 -0.1216 0.6595
vn -0.6803 0.1446 -0.7186
vn -0.9985 0.0060 -0.0541
vn -0.6834 -0.5489 -0.4814
vn 0.5591 -0.7844 -0.2684
vn 0.5971 -0.1831 0.7810
vn 1.0000 -0.0090 0.0004
vn -0.0014 -0.1148 -0.9934
vn 0.7069 0.1250 -0.6962
vn 0.0027 0.5190 -0.8548
vn -0.6994 0.4815 -0.5283
vn -0.7126 -0.4847 0.5073
vn 0.0059 -0.5210 0.8535
vn 0.7121 -0.1426 0.6874
vn 0.9998 0.0182 -0.0068
vn 0.7268 -0.4356 0.5310
vn 0.7076 0.5107 -0.4883
vn 0.9184 -0.3955 -0.0057
vn 0.3989 -0.6163 0.6790
vn -0.0485 -0.0869 0.9950
vn -0.6282 0.3248 0.7070
vn -0.2496 -0.2061 0.9462
vn -0.2647 0.9563 0.1244
vn -0.0671 0.5400 0.8390
vn -0.4320 -0.7765 0.4588
vn 0.2631 -0.9528 -0.1513
vn 0.6270 -0.3189 -0.7107
vn 0.0520 0.0779 -0.9956
vn 0.5599 -0.4565 -0.6915
vn -0.7424 0.1016 -0.6622
vn -0.1978 -0.6718 -0.7138
vn 0.9268 -0.3529 0.1283
vn 0.7211 -0.0851 0.6876
vn -0.9175 0.3978 0.0006
vn -0.3743 0.6058 -0.7021
vn 0.2436 0.1898 -0.9511
vn 0.0678 -0.5418 -0.8377
vn -0.5208 -0.7773 -0.3529
vn -0.5117 -0.0492 0.8578
vn -0.9417 -0.2933 0.1648
vn -0.0444 0.6218 0.7820
vn -0.7374 0.5778 0.3499
vn 0.6532 0.5094 0.5602
vn -0.0698 0.7714 0.6325
vn -0.8119 0.3445 -0.4713
vn -0.6799 -0.4940 -0.5419
vn 0.0138 -0.6200 -0.7845
vn 0.5104 0.0169 -0.8598
vn 0.4381 0.7566 -0.4854
vn -0.5616 0.4508 0.6938
vn 0.1302 0.6700 0.7309
vn 0.5190 0.7542 0.4023
vn 0.8394 -0.5099 -0.1882
vn 0.8820 0.4199 -0.2139
vn -0.9339 0.3496 -0.0745
vn -0.8410 0.5184 0.1552
vn -0.3673 0.8802 0.3004
vn -0.5332 -0.7284 -0.4303
vn 0.3640 -0.8820 -0.2994
vn 0.6797 -0.3432 -0.6482
vn 0.1462 0.9393 -0.3105
vn 0.2320 0.3319 -0.9143
vn 0.4188 -0.8838 -0.2087
vn -0.1601 -0.9324 0.3240
vn -0.8867 -0.3978 0.2355
vn -0.6781 0.3606 0.6404
vn -0.4114 0.8894 0.1993
vn -0.3552 0.7295 -0.5845
vn -0.2528 -0.2868 0.9240
vn 0.3368 -0.7222 0.6042
vn 0.2717 -0.4893 -0.8287
vn 0.4933 -0.8570 -0.1493
vn -0.3016 -0.0403 -0.9526
vn 0.0133 -0.7498 -0.6615
vn 0.6894 -0.6144 -0.3836
vn 0.9349 0.2963 -0.1952
vn 0.5378 0.7671 0.3499
vn -0.5114 0.8532 0.1024
vn 0.8113 -0.3732 0.4500
vn 0.2892 0.0656 0.9550
vn -0.3025 0.5271 0.7941
vn 0.4248 0.1539 -0.8921
vn 0.9111 0.3280 -0.2495
vn -0.3476 0.2411 -0.9061
vn 0.4954 0.7082 -0.5030
vn 0.8829 -0.4619 0.0844
vn 0.8005 0.1059 -0.5899
vn 0.0349 0.9913 0.1267
vn -0.8938 0.4419 -0.0763
vn -0.9039 -0.3392 0.2607
vn -0.7864 -0.4595 -0.4129
vn -0.4324 -0.1481 0.8895
vn -0.5834 -0.6823 0.4406
vn -0.2222 -0.3594 -0.9063
vn 0.5544 0.6955 -0.4571
vn 0.7915 0.4729 0.3872
vn 0.3457 -0.2505 0.9043
vn -0.4667 -0.7256 0.5056
vn -0.0157 -0.9913 -0.1303
vn 0.0145 -0.4940 -0.8693
vn 0.5615 0.7219 -0.4045
vn -0.0077 0.5076 0.8615
vn -0.7928 -0.1246 0.5966
vn -0.5661 -0.7241 0.3939
vn -0.5948 -0.7603 -0.2611
vn 0.0703 0.2842 -0.9562
vn -0.6304 -0.2482 -0.7355
vn 0.2258 0.8523 -0.4717
vn 0.5984 0.7617 0.2484
vn -0.0657 -0.2749 0.9592
vn -0.2147 -0.8549 0.4723
vn 0.6372 0.2487 0.7294
vn 0.5346 0.8308 0.1546
vn -0.7071 0.5390 -0.4577
vn -0.5363 -0.8347 -0.1252
vn 0.7035 -0.5219 0.4823
vn 0.2846 -0.9495 0.1323
vn -0.9498 -0.2903 -0.1171
vn -0.4137 -0.8133 0.4092
vn -0.9059 0.2349 -0.3523
vn -0.2527 0.9587 -0.1307
vn 0.9468 0.2976 0.1225
vn 0.9292 -0.2177 0.2987
vn 0.4435 0.7988 -0.4065
vn -0.3177 0.2940 -0.9015
vn -0.9063 -0.3467 0.2417
vn -0.9100 0.0580 -0.4105
vn -0.3439 -0.0722 0.9362
vn 0.3797 -0.3182 0.8687
vn 0.9135 0.3053 -0.2688
vn 0.3558 0.0442 -0.9335
vn 0.9291 -0.0918 0.3582
vn 0.4829 -0.0783 0.8721
vn -0.8043 0.3983 0.4410
vn -0.0331 0.3892 0.9206
vn -0.4125 0.0444 -0.9099
vn -0.7185 0.5908 -0.3672
vn -0.0125 0.9453 0.3260
vn 0.2217 -0.2952 0.9294
vn 0.7203 -0.6333 0.2829
vn 0.7881 -0.4170 -0.4527
vn 0.1006 -0.4469 -0.8889
vn 0.0378 -0.9370 -0.3473
vn 0.2320 0.3965 0.8882
vn -0.1741 0.2676 -0.9477
vn 0.8040 0.1756 -0.5682
vn 0.1744 0.1047 -0.9791
vn 0.9652 0.1739 0.1955
vn 0.7362 0.3657 -0.5695
vn -0.8466 -0.1740 0.5029
vn -0.9988 0.0227 -0.0434
vn -0.0454 -0.6152 0.7871
vn -0.7385 -0.5583 0.3782
vn 0.6397 -0.7521 0.1583
vn -0.2552 -0.9581 0.1301
vn 0.5834 -0.1166 0.8037
vn 1.0000 -0.0073 0.0064
vn -0.1711 -0.1084 0.9793
vn 0.5557 0.1987 0.8073
vn 0.6722 0.7324 0.1087
vn 0.1659 0.0187 -0.9860
vn -0.5206 -0.1946 -0.8314
vn -0.6616 -0.7411 -0.1143
vn -0.7245 -0.3668 0.5835
vn -0.9548 -0.1666 -0.2461
vn -0.1536 -0.0177 0.9880
vn -0.5466 0.1063 -0.8306
vn 0.0093 0.6236 -0.7817
vn 0.7329 0.5692 -0.3726
vn 0.8350 -0.2593 -0.4853
vn -0.0202 -0.7997 -0.6001
vn -0.5687 -0.5313 0.6279
vn -0.8480 0.2181 0.4831
vn -0.6771 0.7248 -0.1273
vn 0.1894 0.9780 -0.0876
vn 0.5484 0.5680 -0.6137
vn -0.0391 0.7731 0.6331
vn 0.1400 -0.1126 0.9837
vn -0.5727 -0.8185 0.0459
vn 0.5696 0.8219 -0.0075
vn -0.1339 0.1092 -0.9850
vn -0.8276 -0.2459 -0.5046
vn -0.1951 -0.6790 0.7078
vn -0.8211 -0.4480 0.3536
vn -0.5061 0.3907 -0.7689
vn 0.2123 0.6823 -0.6996
vn 0.8278 0.2467 0.5040
vn 0.5284 -0.3798 0.7593
vn 0.8276 0.4425 -0.3454
vn 0.1570 0.3829 -0.9104
vn -0.9673 0.2328 -0.1007
vn -0.5345 0.5926 -0.6025
vn -0.6877 0.1069 0.7181
vn -0.1472 -0.4105 0.8999
vn 0.9676 -0.2397 0.0795
vn 0.6764 -0.0913 -0.7309
vn 0.5606 -0.5863 0.5848
vn -0.1239 -0.4573 0.8807
vn -0.7016 0.6733 0.2332
vn -0.4226 0.1424 0.8950
vn 0.1068 0.4436 -0.8898
vn -0.1174 0.9582 -0.2609
vn 0.0112 0.7448 0.6672
vn -0.3644 -0.6268 0.6887
vn 0.1282 -0.9688 0.2123
vn 0.6892 -0.6658 -0.2858
vn 0.4149 -0.1656 -0.8947
vn 0.0150 -0.7478 -0.6638
vn 0.3963 0.5893 -0.7040
vn -0.4670 -0.8077 -0.3600
vn -0.9147 -0.1442 -0.3775
vn 0.4082 -0.1280 -0.9039
vn -0.4104 0.0428 -0.9109
vn -0.8975 -0.2490 0.3640
vn -0.9456 -0.0375 -0.3232
vn -0.3014 -0.5971 0.7434
vn 0.3957 -0.0354 0.9177
vn -0.4101 0.1247 0.9035
vn 0.9106 0.1463 0.3866
vn 0.1015 -0.3095 0.9455
vn -0.8744 -0.1835 0.4492
vn 0.8540 -0.5061 -0.1205
vn 0.8990 0.2559 -0.3555
vn 0.2894 0.6016 -0.7445
vn 0.9406 0.0199 0.3390
vn 0.5059 -0.6150 0.6048
vn -0.8373 -0.5076 0.2030
vn 0.8513 0.4995 -0.1607
vn -0.5473 0.6037 -0.5796
vn -0.0059 -0.5210 0.8535
vn 0.7418 -0.1216 0.6595
vn 0.9985 0.0057 -0.0544
vn 0.6803 0.1446 -0.7186
vn -0.0028 0.5189 -0.8548
vn 0.6994 0.4815 -0.5283
vn -0.7076 0.5107 -0.4883
vn -0.9998 0.0182 -0.0068
vn -0.7268 -0.4356 0.5310
vn -0.7121 -0.1426 0.6874
vn 0.7126 -0.4847 0.5073
vn 0.6834 -0.5489 -0.4814
vn 0.0014 -0.1148 -0.9934
vn 0.9996 0.0183 -0.0235
vn -0.7069 0.1250 -0.6962
vn -1.0000 -0.0090 0.0004
vn 0.0172 0.1210 0.9925
vn -0.5971 -0.1831 0.7810
vn -0.5591 -0.7844 -0.2684
vn 0.5383 -0.4019 0.7407
vn 0.0485 -0.0869 0.9950
vn -0.3989 -0.6163 0.6790
vn -0.9184 -0.3955 -0.0057
vn -0.6270 -0.3190 -0.7107
vn -0.2631 -0.9528 -0.1512
vn -0.2436 0.1898 -0.9511
vn -0.0678 -0.5418 -0.8377
vn 0.4320 -0.7765 0.4588
vn 0.2496 -0.2061 0.9462
vn 0.6282 0.3248 0.7070
vn 0.9175 0.3978 0.0006
vn 0.5616 0.4508 0.6938
vn 0.7424 0.1016 -0.6622
vn 0.9339 0.3496 -0.0745
vn -0.1302 0.6700 0.7309
vn -0.7211 -0.0851 0.6876
vn -0.0520 0.0780 -0.9956
vn 0.3743 0.6058 -0.7021
vn 0.2647 0.9563 0.1244
vn 0.0671 0.5400 0.8390
vn 0.5116 -0.0492 0.8578
vn 0.5208 -0.7773 -0.3529
vn 0.9417 -0.2933 0.1647
vn -0.0138 -0.6200 -0.7845
vn 0.6799 -0.4940 -0.5419
vn -0.6894 -0.6144 -0.3836
vn -0.0133 -0.7498 -0.6615
vn 0.8119 0.3445 -0.4713
vn 0.7374 0.5778 0.3499
vn 0.0445 0.6218 0.7819
vn -0.5378 0.7671 0.3499
vn -0.4381 0.7566 -0.4854
vn -0.5599 -0.4565 -0.6915
vn -0.9268 -0.3529 0.1283
vn -0.5190 0.7542 0.4023
vn 0.8409 0.5184 0.1552
vn 0.3673 0.8802 0.3005
vn 0.1978 -0.6718 -0.7138
vn 0.5332 -0.7284 -0.4303
vn 0.8867 -0.3978 0.2355
vn 0.6781 0.3606 0.6404
vn -0.1462 0.9393 -0.3105
vn -0.8820 0.4200 -0.2139
vn -0.8394 -0.5099 -0.1882
vn -0.3640 -0.8820 -0.2993
vn 0.1601 -0.9324 0.3240
vn 0.2528 -0.2868 0.9240
vn 0.4114 0.8894 0.1993
vn 0.3025 0.5271 0.7941
vn 0.3552 0.7295 -0.5845
vn 0.5114 0.8532 0.1024
vn -0.6797 -0.3432 -0.6482
vn 0.3016 -0.0403 -0.9526
vn 0.0698 0.7714 0.6325
vn -0.6532 0.5094 0.5602
vn -0.9349 0.2963 -0.1952
vn -0.5104 0.0169 -0.8598
vn -0.8113 -0.3732 0.4500
vn -0.2892 0.0656 0.9550
vn -0.3368 -0.7222 0.6042
vn -0.4188 -0.8838 -0.2087
vn -0.2320 0.3319 -0.9143
vn -0.4933 -0.8570 -0.1493
vn -0.2716 -0.4893 -0.8287
vn -0.4176 0.1794 0.8908
vn -0.9050 0.3320 0.2661
vn 0.3398 0.2408 0.9092
vn -0.4979 0.7009 0.5107
vn -0.8933 -0.4443 -0.0679
vn -0.8056 0.1176 0.5807
vn -0.0494 0.9919 -0.1168
vn -0.5684 0.7305 0.3785
vn -0.0065 0.5346 -0.8451
vn -0.6018 0.7575 -0.2530
vn 0.0489 -0.2663 -0.9626
vn -0.6462 0.2395 -0.7246
vn 0.2068 -0.8583 -0.4696
vn 0.6005 -0.7587 0.2527
vn 0.5704 -0.7049 -0.4216
vn 0.7948 -0.0943 -0.5995
vn 0.8965 0.4362 0.0770
vn 0.4565 -0.7314 -0.5067
vn 0.9013 -0.3383 -0.2706
vn -0.3533 -0.2482 -0.9020
vn 0.4280 -0.1827 -0.8851
vn -0.7426 0.5021 -0.4432
vn -0.1719 0.3746 -0.9111
vn 0.4916 -0.7560 -0.4322
vn 0.7479 -0.4992 0.4375
vn 0.1874 -0.3998 0.8972
vn -0.1777 -0.9263 0.3323
vn 0.2262 0.2205 0.9488
vn -0.2897 -0.2051 -0.9349
vn 0.1005 0.9362 -0.3368
vn -0.4904 0.7610 0.4248
vn 0.0133 -0.9923 0.1235
vn -0.0351 -0.4882 0.8720
vn -0.0748 0.3051 0.9494
vn -0.2293 0.8525 0.4697
vn 0.6319 -0.2533 0.7325
vn 0.5266 -0.8412 0.1229
vn -0.7035 -0.5219 -0.4823
vn -0.2839 -0.9492 -0.1354
vn -0.9550 0.2729 -0.1166
vn -0.5392 0.8273 -0.1576
vn 0.7046 0.5350 0.4661
vn 0.9579 -0.2667 0.1061
vn 0.2471 0.9615 0.1201
vn -0.4580 0.7794 0.4275
vn -0.9194 -0.3035 -0.2500
vn -0.9107 0.2566 0.3236
vn 0.4506 -0.7808 -0.4329
vn -0.4034 -0.3738 -0.8352
vn -0.9487 0.1130 -0.2954
vn -0.3385 0.1001 0.9356
vn 0.3712 0.3431 0.8628
vn 0.9055 0.3308 0.2659
vn 0.9143 -0.2864 -0.2865
vn 0.9172 -0.1324 0.3758
vn 0.3183 -0.1319 -0.9388
vn -0.5174 0.1499 -0.8425
vn -0.8662 -0.0769 0.4937
vn -0.8894 -0.3521 -0.2917
vn -0.1323 -0.4066 0.9040
vn 0.4578 -0.1383 0.8782
vn 0.8772 0.1020 -0.4692
vn 0.0941 0.4180 -0.9035
vn 0.8620 0.4014 0.3096
vn -0.8205 0.1716 0.5453
vn -0.1936 0.1156 0.9742
vn -0.9652 0.1739 -0.1955
vn -0.7313 0.3609 0.5787
vn -0.5751 -0.1277 -0.8081
vn -0.9997 -0.0166 -0.0181
vn 0.0489 -0.6192 -0.7837
vn -0.6278 -0.7603 -0.1669
vn -0.7388 0.5645 0.3681
vn -0.0436 0.6203 0.7831
vn 0.5320 0.1087 0.8397
vn 0.9575 -0.1573 0.2416
vn 0.5022 -0.1887 0.8439
vn -0.1665 0.0196 0.9859
vn -0.6768 0.7328 -0.0701
vn -0.5441 0.1990 -0.8150
vn 0.1925 -0.1060 -0.9755
vn 0.8344 -0.1843 -0.5194
vn 0.9996 0.0050 0.0275
vn 0.7341 -0.5613 -0.3821
vn 0.6675 0.7343 0.1234
vn 0.7481 -0.3774 -0.5458
vn 0.1617 -0.0319 -0.9863
vn 0.6503 -0.7426 0.1600
vn -0.0235 -0.7301 0.6830
vn -0.3927 0.5819 0.7122
vn -0.4336 -0.1657 0.8858
vn 0.3848 -0.6343 -0.6706
vn -0.1256 -0.9718 -0.1993
vn -0.0048 0.7496 -0.6619
vn 0.1174 0.9643 0.2372
vn 0.4300 0.1197 -0.8948
vn -0.1200 0.4297 0.8950
vn 0.7002 0.6579 -0.2773
vn 0.5409 0.5970 0.5925
vn -0.6837 -0.0954 0.7236
vn -0.6863 -0.6777 0.2640
vn 0.0913 -0.4682 -0.8789
vn 0.6651 0.0932 -0.7410
vn -0.5876 -0.5785 -0.5658
vn 0.9643 0.2388 0.1147
vn 0.1216 -0.4119 -0.9031
vn 0.8263 -0.4442 -0.3463
vn -0.5599 -0.3625 -0.7451
vn -0.9741 -0.2172 -0.0636
vn -0.8108 0.4537 0.3697
vn -0.1472 0.3979 0.9055
vn 0.5393 0.3666 0.7581
vn -0.1885 0.6823 0.7064
vn 0.8380 -0.2676 0.4755
vn 0.1397 0.0935 0.9858
vn -0.5727 0.8197 -0.0118
vn -0.8331 0.2715 -0.4819
vn 0.1767 -0.6722 -0.7189
vn 0.5696 -0.8194 -0.0639
vn -0.1485 -0.0942 -0.9844
vn 0.0140 -0.8053 0.5928
vn 0.5634 -0.5409 -0.6245
vn 0.2447 -0.9619 -0.1220
vn 0.8480 0.2070 -0.4879
vn 0.0391 0.7731 -0.6331
vn -0.1904 0.9777 0.0883
vn -0.5574 0.5728 0.6010
vn -0.8357 -0.2523 0.4878
vn -0.0817 -0.2957 -0.9518
vn -0.9012 0.1461 -0.4079
vn 0.4404 0.1127 -0.8907
vn -0.3538 -0.0721 -0.9325
vn 0.8853 -0.2936 -0.3606
vn 0.9132 -0.1468 0.3802
vn 0.8712 -0.1743 -0.4590
vn 0.4781 -0.7998 0.3629
vn -0.8497 -0.5119 0.1265
vn -0.3913 -0.1272 0.9114
vn -0.8891 0.2883 0.3555
vn -0.9356 0.0409 -0.3507
vn 0.2510 -0.6275 -0.7370
vn -0.5310 -0.5911 -0.6071
vn 0.7848 -0.5575 -0.2707
vn 0.9498 -0.0643 0.3061
vn 0.5351 0.6185 0.5755
vn -0.2720 0.6351 0.7229
vn -0.8260 0.5343 0.1797
vn 0.4052 0.0587 0.9123
vn -0.0095 -0.5164 -0.8563
vn -0.7298 -0.1207 -0.6729
vn -0.9993 0.0021 0.0367
vn -0.6931 0.1485 0.7054
vn -0.0105 0.5228 0.8524
vn -0.7128 0.4698 0.5207
vn 0.6934 0.5155 0.5034
vn 0.9999 0.0123 -0.0064
vn 0.7004 -0.4581 -0.5473
vn 0.7022 -0.1410 -0.6978
vn -0.7143 -0.4846 -0.5049
vn -0.6978 -0.5504 0.4584
vn -0.0013 -0.1236 0.9923
vn -0.9998 0.0178 0.0016
vn 0.7175 0.1289 0.6845
vn 0.9997 -0.0119 -0.0211
vn 0.0016 0.1160 -0.9932
vn 0.6163 -0.1776 -0.7672
vn 0.5829 -0.7775 0.2362
vn -0.5062 -0.4044 -0.7617
vn 0.3989 -0.6163 -0.6790
vn 0.9177 -0.3971 -0.0134
vn -0.0485 -0.0869 -0.9950
vn 0.7211 -0.0851 -0.6876
vn -0.5726 0.4486 -0.6862
vn 0.1174 0.6716 -0.7316
vn -0.9336 0.3488 0.0820
vn -0.8386 0.5209 -0.1591
vn -0.5343 -0.7277 0.4302
vn -0.1729 -0.6729 0.7192
vn -0.7490 0.1038 0.6544
vn -0.9179 0.3962 -0.0203
vn -0.6282 0.3248 -0.7070
vn -0.2496 -0.2061 -0.9462
vn 0.2631 -0.9528 0.1513
vn -0.4320 -0.7765 -0.4588
vn 0.6398 -0.3191 0.6992
vn 0.0550 0.0765 0.9956
vn 0.5762 -0.4601 0.6755
vn 0.9294 -0.3406 -0.1421
vn 0.5175 0.7544 -0.4038
vn 0.8533 -0.4900 0.1783
vn 0.3778 -0.8731 0.3081
vn -0.8807 -0.4155 -0.2276
vn -0.1526 -0.9392 -0.3074
vn -0.6892 0.3340 -0.6429
vn -0.2401 -0.3176 -0.9173
vn -0.4164 0.8852 -0.2076
vn -0.2988 0.5209 -0.7996
vn -0.3725 0.8788 -0.2984
vn 0.1223 0.9467 0.2978
vn 0.8710 0.4397 0.2192
vn 0.6836 -0.3251 0.6534
vn 0.4201 -0.8874 0.1900
vn 0.3454 -0.7382 -0.5794
vn 0.2953 0.0544 -0.9539
vn -0.5144 0.8538 -0.0799
vn -0.3516 0.7176 0.6012
vn 0.2382 0.3238 0.9157
vn 0.2906 -0.5309 0.7961
vn 0.4942 -0.8593 0.1320
vn 0.8159 -0.3792 -0.4365
vn -0.0535 0.7713 -0.6342
vn -0.2935 -0.0593 0.9541
vn -0.8100 0.3712 0.4539
vn 0.0166 -0.7502 0.6610
vn 0.7126 -0.5996 0.3643
vn 0.6740 0.4884 -0.5542
vn 0.9352 0.3066 0.1773
vn -0.0409 0.6116 -0.7901
vn -0.7295 0.5842 -0.3558
vn -0.6787 -0.4949 0.5426
vn 0.0359 -0.6095 0.7919
vn -0.9398 -0.3086 -0.1464
vn -0.5179 -0.0655 -0.8529
vn 0.5378 0.7671 -0.3499
vn -0.0671 0.5400 -0.8390
vn 0.4381 0.7566 0.4854
vn -0.2647 0.9563 -0.1244
vn -0.3789 0.6155 0.6911
vn 0.2436 0.1899 0.9511
vn 0.0678 -0.5418 0.8377
vn 0.5136 0.0351 0.8573
vn -0.5259 -0.7725 0.3559
vn -0.8965 0.4362 0.0770
vn -0.7948 -0.0943 -0.5995
vn 0.0495 0.9919 -0.1168
vn 0.0065 0.5346 -0.8451
vn 0.5684 0.7305 0.3784
vn 0.6018 0.7575 -0.2530
vn 0.4980 0.7009 0.5107
vn -0.3398 0.2408 0.9092
vn 0.9050 0.3320 0.2661
vn 0.4176 0.1794 0.8908
vn 0.8065 0.1175 0.5795
vn 0.8933 -0.4443 -0.0679
vn 0.3533 -0.2482 -0.9020
vn 0.7426 0.5021 -0.4432
vn -0.4280 -0.1827 -0.8851
vn 0.1719 0.3746 -0.9111
vn 0.4904 0.7610 0.4248
vn -0.1874 -0.3998 0.8973
vn -0.7479 -0.4992 0.4375
vn -0.4916 -0.7560 -0.4322
vn 0.1777 -0.9263 0.3322
vn 0.2897 -0.2051 -0.9349
vn -0.9013 -0.3382 -0.2706
vn -0.4565 -0.7314 -0.5067
vn -0.0133 -0.9923 0.1235
vn 0.0351 -0.4882 0.8720
vn 0.0748 0.3051 0.9494
vn 0.2293 0.8525 0.4697
vn 0.6462 0.2395 -0.7246
vn -0.0489 -0.2663 -0.9626
vn -0.5704 -0.7049 -0.4216
vn -0.6005 -0.7587 0.2527
vn -0.6319 -0.2533 0.7325
vn -0.2069 -0.8583 -0.4696
vn 0.7035 -0.5219 -0.4823
vn 0.5392 0.8273 -0.1576
vn -0.5265 -0.8412 0.1229
vn -0.7046 0.5350 0.4661
vn -0.2471 0.9615 0.1201
vn 0.9550 0.2729 -0.1166
vn 0.4580 0.7794 0.4275
vn -0.9055 0.3308 0.2659
vn -0.9579 -0.2667 0.1065
vn 0.2839 -0.9492 -0.1354
vn 0.9194 -0.3036 -0.2501
vn -0.4506 -0.7808 -0.4329
vn -0.9142 -0.2864 -0.2866
vn -0.3712 0.3431 0.8628
vn -0.9172 -0.1324 0.3758
vn 0.3385 0.1001 0.9356
vn 0.9107 0.2566 0.3236
vn 0.4034 -0.3738 -0.8352
vn -0.3183 -0.1319 -0.9388
vn 0.9487 0.1131 -0.2954
vn 0.8662 -0.0769 0.4937
vn -0.4578 -0.1383 0.8782
vn 0.1323 -0.4066 0.9040
vn -0.8772 0.1020 -0.4692
vn -0.8620 0.4014 0.3096
vn -0.2262 0.2205 0.9488
vn 0.8894 -0.3521 -0.2917
vn 0.5174 0.1499 -0.8425
vn -0.0941 0.4180 -0.9035
vn -0.1005 0.9362 -0.3368
vn -0.5022 -0.1887 0.8439
vn 0.1936 0.1156 0.9742
vn 0.7313 0.3609 0.5787
vn 0.9652 0.1739 -0.1955
vn 0.1665 0.0196 0.9859
vn -0.6503 -0.7426 0.1600
vn 0.0236 -0.7301 0.6830
vn -0.3848 -0.6343 -0.6706
vn 0.1256 -0.9718 -0.1993
vn -0.4301 0.1197 -0.8948
vn -0.0913 -0.4682 -0.8789
vn 0.6863 -0.6777 0.2640
vn 0.4336 -0.1657 0.8858
vn 0.3927 0.5819 0.7122
vn 0.6768 0.7328 -0.0701
vn 0.5441 0.1990 -0.8150
vn -0.1617 -0.0318 -0.9863
vn 0.0048 0.7496 -0.6619
vn -0.1174 0.9643 0.2372
vn 0.1200 0.4297 0.8950
vn 0.6837 -0.0954 0.7235
vn 0.5876 -0.5785 -0.5658
vn 0.9741 -0.2172 -0.0636
vn -0.1216 -0.4119 -0.9031
vn 0.5599 -0.3625 -0.7451
vn -0.8263 -0.4442 -0.3463
vn -0.1767 -0.6722 -0.7189
vn 0.8331 0.2715 -0.4819
vn 0.8108 0.4537 0.3697
vn 0.1472 0.3979 0.9055
vn -0.5409 0.5970 0.5925
vn -0.7002 0.6579 -0.2773
vn -0.7481 -0.3774 -0.5458
vn -0.9575 -0.1573 0.2416
vn -0.5320 0.1087 0.8397
vn 0.8205 0.1716 0.5453
vn 0.0436 0.6203 0.7831
vn -0.1925 -0.1060 -0.9755
vn 0.5751 -0.1277 -0.8081
vn 0.9997 -0.0166 -0.0181
vn 0.7387 0.5646 0.3681
vn -0.6675 0.7343 0.1234
vn 0.1904 0.9777 0.0883
vn 0.8357 -0.2523 0.4878
vn 0.6278 -0.7603 -0.1669
vn -0.0489 -0.6192 -0.7837
vn -0.8344 -0.1843 -0.5194
vn -0.9996 0.0050 0.0275
vn -0.7341 -0.5613 -0.3821
vn -0.2447 -0.9619 -0.1220
vn -0.0140 -0.8053 0.5928
vn 0.5574 0.5729 0.6010
vn -0.0391 0.7731 -0.6331
vn -0.8480 0.2070 -0.4879
vn -0.5635 -0.5409 -0.6245
vn -0.5696 -0.8194 -0.0639
vn -0.1397 0.0935 0.9858
vn 0.5726 0.8197 -0.0118
vn 0.1485 -0.0942 -0.9844
vn 0.1885 0.6823 0.7064
vn -0.5393 0.3666 0.7581
vn -0.9643 0.2388 0.1147
vn -0.6651 0.0932 -0.7410
vn -0.8380 -0.2676 0.4755
vn -0.9132 -0.1468 0.3803
vn -0.8712 -0.1743 -0.4590
vn -0.4781 -0.7998 0.3629
vn 0.0817 -0.2957 -0.9518
vn 0.8497 -0.5119 0.1265
vn -0.4404 0.1127 -0.8907
vn -0.8853 -0.2936 -0.3606
vn 0.3538 -0.0721 -0.9325
vn -0.2510 -0.6275 -0.7370
vn 0.9356 0.0409 -0.3507
vn 0.5310 -0.5911 -0.6071
vn 0.8260 0.5343 0.1797
vn 0.2720 0.6351 0.7229
vn -0.5351 0.6184 0.5755
vn -0.9498 -0.0643 0.3062
vn -0.7848 -0.5575 -0.2707
vn -0.4052 0.0588 0.9123
vn 0.8891 0.2883 0.3555
vn 0.9012 0.1461 -0.4079
vn 0.3913 -0.1272 0.9114
vn -0.6182 -0.1777 -0.7657
vn -0.9997 -0.0119 -0.0211
vn -0.0016 0.1160 -0.9932
vn -0.7022 -0.1410 -0.6978
vn 0.7298 -0.1207 -0.6729
vn 0.0095 -0.5164 -0.8563
vn 0.9993 0.0021 0.0367
vn 0.7143 -0.4846 -0.5049
vn 0.5062 -0.4044 -0.7617
vn -0.5829 -0.7775 0.2362
vn 0.0013 -0.1236 0.9923
vn 0.6978 -0.5504 0.4584
vn 0.9998 0.0178 0.0016
vn 0.6931 0.1485 0.7054
vn -0.7175 0.1289 0.6845
vn 0.0105 0.5228 0.8524
vn 0.7128 0.4698 0.5207
vn -0.9999 0.0123 -0.0064
vn -0.7004 -0.4581 -0.5473
vn -0.6934 0.5155 0.5034
vn -0.9177 -0.3971 -0.0134
vn -0.3989 -0.6163 -0.6790
vn 0.0485 -0.0869 -0.9950
vn 0.6282 0.3248 -0.7070
vn 0.2496 -0.2061 -0.9462
vn 0.2647 0.9563 -0.1244
vn 0.0671 0.5400 -0.8390
vn 0.4320 -0.7765 -0.4588
vn -0.2631 -0.9528 0.1513
vn -0.6398 -0.3191 0.6992
vn -0.0550 0.0765 0.9956
vn -0.5762 -0.4601 0.6755
vn 0.7490 0.1039 0.6544
vn 0.1729 -0.6729 0.7192
vn -0.9294 -0.3406 -0.1422
vn -0.7211 -0.0851 -0.6876
vn 0.9179 0.3962 -0.0203
vn 0.3789 0.6155 0.6911
vn -0.2436 0.1899 0.9511
vn -0.0678 -0.5418 0.8377
vn 0.5259 -0.7725 0.3559
vn 0.5179 -0.0655 -0.8529
vn 0.9399 -0.3086 -0.1464
vn 0.0409 0.6116 -0.7901
vn 0.7295 0.5842 -0.3557
vn -0.6740 0.4884 -0.5542
vn 0.0535 0.7713 -0.6342
vn 0.8100 0.3712 0.4539
vn 0.6787 -0.4949 0.5426
vn -0.0359 -0.6095 0.7919
vn -0.5136 0.0351 0.8573
vn -0.4381 0.7566 0.4854
vn 0.5726 0.4486 -0.6862
vn -0.1174 0.6716 -0.7315
vn -0.5175 0.7544 -0.4038
vn -0.8533 -0.4900 0.1783
vn -0.8710 0.4397 0.2192
vn 0.9336 0.3488 0.0820
vn 0.8386 0.5209 -0.1591
vn 0.3725 0.8788 -0.2984
vn 0.5343 -0.7277 0.4302
vn -0.3779 -0.8731 0.3081
vn -0.6836 -0.3251 0.6534
vn -0.1223 0.9467 0.2978
vn -0.2382 0.3238 0.9157
vn 0.8807 -0.4155 -0.2276
vn 0.6893 0.3340 -0.6429
vn 0.4164 0.8852 -0.2076
vn 0.2401 -0.3176 -0.9173
vn 0.2988 0.5209 -0.7996
vn -0.3454 -0.7382 -0.5794
vn -0.2953 0.0544 -0.9539
vn 0.5144 0.8538 -0.0799
vn 0.3516 0.7176 0.6012
vn 0.1526 -0.9392 -0.3075
vn 0.2935 -0.0592 0.9541
vn -0.4201 -0.8874 0.1900
vn -0.2906 -0.5308 0.7961
vn -0.4942 -0.8593 0.1320
vn -0.0166 -0.7502 0.6610
vn -0.7126 -0.5996 0.3643
vn -0.9352 0.3066 0.1774
vn -0.5378 0.7671 -0.3499
vn -0.8159 -0.3792 -0.4365
vn 0.8355 -0.5036 0.2196
vn -0.0853 -0.1515 0.9848
vn -0.5849 -0.6308 0.5099
vn -0.9923 -0.0917 -0.0837
vn -0.7524 -0.0079 0.6587
vn -0.5957 -0.1369 -0.7915
vn 0.0788 0.1680 -0.9826
vn 0.7397 0.0249 -0.6725
vn 0.1001 -0.6970 -0.7100
vn 0.9969 0.0201 -0.0761
vn 0.6900 -0.6888 -0.2223
vn 0.7680 0.6353 0.0810
vn -0.0064 0.7128 0.7014
vn 0.6524 0.1517 0.7426
vn 0.9924 0.1071 0.0606
vn -0.2124 -0.3704 -0.9042
vn 0.7081 -0.0211 -0.7058
vn -0.6880 0.6997 0.1923
vn -0.9978 -0.0587 0.0311
vn -0.6823 -0.7201 -0.1263
vn 0.5288 -0.4375 -0.7274
vn -0.6108 -0.5159 -0.6006
vn -0.0217 -0.0154 -0.9996
vn -0.9996 0.0271 0.0001
vn -0.6679 -0.0857 -0.7393
vn -0.7166 -0.0212 0.6972
vn -0.9912 -0.0989 -0.0878
vn 0.1295 -0.4831 -0.8659
vn 0.7072 0.0339 -0.7062
vn 0.9996 -0.0211 0.0180
vn 0.6635 0.0975 0.7418
vn 0.9904 0.1060 0.0889
vn -0.1069 0.4994 0.8597
vn -0.7412 -0.3052 0.5979
vn 0.0053 0.0251 0.9997
vn 0.5108 -0.7096 0.4854
vn 0.7807 -0.5351 -0.3226
vn 0.6458 0.5957 0.4776
vn -0.7726 0.5624 0.2946
vn -0.6174 -0.5933 -0.5166
vn -0.2688 -0.7638 -0.5869
vn 0.8692 0.0417 -0.4928
vn 0.4085 -0.2844 -0.8673
vn 0.8971 0.3098 0.3149
vn 0.2698 0.7727 0.5746
vn 0.6631 0.7274 -0.1765
vn 0.5715 -0.5963 -0.5637
vn 0.8367 0.1573 -0.5246
vn 0.1581 -0.9865 -0.0415
vn -0.6276 -0.7647 0.1464
vn -0.8851 -0.0762 0.4591
vn -0.8855 -0.3424 -0.3140
vn -0.4363 0.2477 0.8650
vn -0.5867 0.5765 0.5688
vn -0.8351 -0.1845 0.5183
vn -0.3624 -0.7824 0.5065
vn 0.7956 -0.5395 -0.2756
vn 0.4462 -0.7989 0.4033
vn 0.7688 0.1851 -0.6121
vn 0.9461 -0.3157 -0.0726
vn 0.0816 0.4964 -0.8643
vn 0.6946 0.0679 -0.7162
vn 0.6792 -0.3143 0.6632
vn -0.1281 -0.4822 0.8666
vn -0.7755 -0.1430 0.6150
vn -0.8102 0.5176 0.2750
vn -0.1598 0.9861 0.0464
vn 0.3337 0.7968 -0.5038
vn -0.4760 0.8066 -0.3504
vn -0.9476 0.3054 0.0936
vn -0.7148 -0.0843 0.6943
vn 0.0332 -0.0491 0.9982
vn 0.9969 -0.0395 -0.0674
vn 0.7754 0.1629 0.6101
vn -0.9978 0.0269 0.0599
vn -0.6695 0.0874 0.7376
vn -0.7450 -0.1717 -0.6446
vn -0.9749 -0.1797 0.1317
vn -0.0385 -0.4338 -0.9002
vn -0.6005 -0.7699 -0.2159
vn -0.6782 0.3451 0.6488
vn 0.0906 0.4428 0.8920
vn 0.5952 0.7737 0.2170
vn -0.3389 0.9342 0.1116
vn 0.7865 0.3568 -0.5041
vn -0.7961 -0.3158 0.5163
vn 0.3473 -0.9318 -0.1056
vn 0.7011 -0.3126 -0.6409
vn 0.9714 0.1671 -0.1689
vn 0.6336 -0.0961 -0.7676
vn -0.0786 0.0329 -0.9964
vn -0.7118 0.2857 -0.6417
vn -0.8266 0.5625 0.0168
vn -0.7676 0.1242 -0.6288
vn -0.5189 0.4273 0.7404
vn -0.9277 0.2812 0.2455
vn 0.2941 0.1926 0.9362
vn 0.7680 -0.1471 0.6234
vn 0.3175 0.3430 0.8840
vn 0.8321 -0.5526 -0.0482
vn 0.8041 -0.1355 0.5789
vn -0.0999 0.9282 0.3585
vn 0.5201 -0.4358 -0.7346
vn 0.9209 -0.3196 -0.2233
vn -0.3105 -0.2320 -0.9218
vn -0.2874 -0.3508 -0.8913
vn -0.7820 0.1378 -0.6079
vn 0.1304 -0.9067 -0.4012
vn 0.4254 -0.7930 0.4361
vn 0.7343 0.5622 0.3804
vn 0.8032 -0.1846 0.5664
vn -0.7138 -0.5773 -0.3965
vn -0.4901 -0.7450 0.4525
vn -0.4239 0.7764 -0.4664
vn 0.4817 0.7483 -0.4561
vn -0.8090 0.1763 -0.5607
vn 0.9852 0.1494 -0.0835
vn -0.1479 0.3942 -0.9071
vn 0.6358 0.1335 -0.7602
vn 0.7884 -0.0953 0.6077
vn 0.1388 -0.4069 0.9029
vn -0.9826 -0.1682 0.0787
vn -0.7766 0.1007 -0.6219
vn -0.6229 -0.1247 0.7723
vn 0.1075 0.0078 0.9942
vn -0.0446 0.0028 -0.9990
vn 0.9949 -0.0443 -0.0909
vn 0.6481 -0.1912 -0.7372
vn 0.7758 -0.0278 0.6303
vn 0.9666 -0.2539 -0.0343
vn 0.1617 0.3707 0.9146
vn -0.6135 0.1855 0.7676
vn -0.9938 0.0620 0.0920
vn -0.7498 0.0167 -0.6614
vn -0.1285 -0.3922 -0.9109
vn -0.9588 0.2738 0.0762
vn -0.8739 -0.3035 -0.3796
vn 0.5336 -0.7861 -0.3120
vn 0.8570 0.3182 0.4053
vn -0.4748 0.8082 0.3484
vn 0.3739 0.9208 -0.1110
vn 0.9148 -0.3158 0.2518
vn 0.9443 0.3275 -0.0326
vn 0.2352 -0.4325 0.8704
vn -0.3390 -0.9326 0.1238
vn -0.9025 0.3579 -0.2397
vn -0.2085 0.4379 -0.8745
vn -0.9370 -0.3448 0.0554
vn -0.6222 0.0103 0.7828
vn 0.7110 0.2763 0.6466
vn -0.0604 0.3683 0.9277
vn 0.9951 0.0548 0.0825
vn 0.6550 -0.0056 -0.7556
vn -0.7282 -0.2817 -0.6248
vn -0.9992 -0.0191 -0.0341
vn 0.0733 -0.3559 -0.9317
vn -0.1567 -0.0501 -0.9864
vn -0.9847 0.0138 0.1739
vn -0.7378 0.3237 -0.5924
vn -0.6235 -0.1008 0.7753
vn -0.9127 0.3183 0.2563
vn 0.0653 0.6696 -0.7398
vn 0.6547 0.0811 -0.7515
vn 0.9900 -0.0143 -0.1406
vn 0.1499 0.0516 0.9873
vn 0.7132 -0.3408 0.6126
vn 0.9129 -0.3286 -0.2423
vn -0.0640 -0.6774 0.7328
vn 0.9060 -0.4155 0.0810
vn 0.6514 -0.3294 -0.6835
vn 0.2596 -0.7324 0.6295
vn -0.0227 -0.9313 -0.3636
vn 0.2574 0.4327 -0.8640
vn 0.8480 0.3330 -0.4124
vn -0.5457 0.5103 -0.6647
vn 0.0620 0.8099 -0.5832
vn -0.8938 -0.2131 -0.3945
vn -0.5212 0.3134 -0.7938
vn 0.3088 0.9394 0.1490
vn 0.8731 0.1973 0.4458
vn 0.5225 -0.5138 0.6804
vn -0.2719 -0.4235 0.8641
vn -0.6530 0.3046 0.6934
vn -0.3062 -0.3257 0.8945
vn -0.8506 -0.5257 -0.0086
vn -0.0335 0.0120 -0.9994
vn 0.3217 0.3263 -0.8888
vn -0.2949 0.7426 -0.6013
vn -0.9155 0.4005 -0.0384
vn -0.8328 -0.3465 0.4317
vn -0.0853 -0.7915 0.6052
vn -0.3054 -0.9420 -0.1395
vn 0.5267 -0.3140 0.7899
vn 0.2536 0.5201 0.8156
vn 0.2907 -0.8503 0.4388
vn 0.1233 -0.2232 0.9669
vn 0.2772 -0.9238 -0.2642
vn 0.0182 -0.8793 0.4760
vn -0.5678 0.4081 0.7148
vn -0.2880 0.9170 0.2758
vn -0.0542 0.8720 -0.4865
vn -0.4052 0.9083 0.1044
vn 0.8368 0.3684 -0.4050
vn 0.4222 0.9065 0.0010
vn 0.8933 -0.4493 -0.0110
vn 0.9695 0.2446 0.0157
vn -0.2784 0.9502 -0.1403
vn -0.9090 0.4145 0.0439
vn -0.8341 -0.3952 0.3848
vn 0.3900 -0.9173 -0.0802
vn 0.5335 -0.4389 -0.7230
vn -0.1308 0.2459 -0.9604
vn -0.2866 0.8536 -0.4351
vn -0.2559 -0.4967 -0.8293
vn 0.0581 0.9230 0.3803
vn 0.8288 0.5592 -0.0214
vn -0.7518 0.0981 -0.6520
vn -0.6657 -0.2776 0.6927
vn -0.9814 -0.0332 0.1889
vn -0.1521 0.5980 -0.7870
vn 0.6632 0.2650 -0.6999
vn 0.7294 -0.1152 0.6743
vn -0.0084 0.0029 1.0000
vn -0.8379 0.5026 -0.2131
vn 0.1441 -0.6051 0.7830
vn -0.5549 -0.7275 0.4035
vn 0.9878 0.0049 -0.1554
vn 0.5683 0.7296 -0.3805
vn 0.8067 -0.5369 0.2472
vn 0.2320 -0.9575 0.1711
vn -0.9647 -0.2632 0.0102
vn -0.4335 -0.9008 0.0239
vn 0.3930 0.2198 0.8929
vn 0.5471 0.3214 0.7729
vn 0.8191 0.4588 0.3443
vn 0.8375 0.5015 0.2170
vn 0.6740 0.4569 0.5805
vn 0.8179 0.5720 0.0621
vn 0.7773 0.6078 0.1625
vn 0.7947 0.6013 -0.0827
vn 0.8169 0.5701 -0.0874
vn 0.8383 0.5449 -0.0151
vn 0.8606 0.5077 0.0406
vn 0.6360 0.7707 -0.0382
vn 0.4548 0.7981 0.3952
vn 0.1868 0.3522 0.9171
vn 0.4170 0.0694 0.9062
vn 0.3485 0.1176 0.9299
vn -0.1392 0.1704 0.9755
vn -0.2085 0.4813 0.8514
vn 0.0569 0.0842 0.9948
vn 0.2570 0.1958 0.9464
vn 0.4253 0.3550 0.8325
vn 0.7357 0.6425 0.2145
vn 0.7648 0.6391 -0.0817
vn 0.7550 0.6500 -0.0866
vn 0.7900 0.6050 -0.0996
vn 0.8180 0.5672 -0.0960
vn 0.8331 0.5461 -0.0876
vn 0.8453 0.5318 -0.0513
vn 0.5544 0.8255 -0.1054
vn -0.3611 0.9316 -0.0416
vn -0.5116 0.7628 0.3954
vn -0.4767 0.2330 0.8476
vn -0.3182 0.1278 0.9394
vn -0.1779 0.2102 0.9613
vn 0.5771 0.1663 0.7996
vn 0.8159 0.0270 0.5775
vn 0.4061 0.0260 0.9135
vn 0.7026 0.0335 0.7108
vn 0.8546 -0.0100 0.5192
vn 0.7597 0.0417 0.6489
vn 0.5252 0.0765 0.8475
vn 0.6361 0.0706 0.7684
vn 0.1266 0.0334 0.9914
vn -0.1441 0.0749 0.9867
vn 0.3822 0.2655 0.8851
vn -0.1431 0.0077 0.9897
vn -0.0770 0.0453 0.9960
vn 0.2224 0.1143 0.9682
vn 0.0835 0.0620 0.9946
vn 0.3594 0.3744 0.8548
vn 0.0055 0.0511 0.9987
vn 0.0052 0.0166 0.9998
vn 0.0126 -0.0117 0.9999
vn 0.1106 0.0470 0.9928
vn -0.0024 0.0231 0.9997
vn 0.4606 0.0888 0.8832
vn 0.5486 0.0857 0.8317
vn 0.4341 0.0971 0.8956
vn 0.4908 0.0945 0.8661
vn 0.1695 0.0701 0.9830
vn 0.4181 0.1023 0.9026
vn 0.4491 0.1000 0.8878
vn 0.4013 0.1105 0.9093
vn 0.4165 0.1089 0.9026
vn 0.3747 0.1283 0.9182
vn 0.4022 0.1450 0.9040
vn 0.3716 0.1771 0.9114
vn 0.4277 0.2679 0.8633
vn 0.3854 0.2929 0.8750
vn 0.4936 0.4838 0.7227
vn 0.4448 0.5830 0.6799
vn 0.3175 0.7151 0.6227
vn 0.1929 0.9588 0.2085
vn 0.1529 -0.2146 0.9647
vn 0.2487 0.0870 0.9647
vn 0.1995 -0.8902 0.4095
vn 0.2288 -0.9731 -0.0285
vn -0.0354 -0.9945 -0.0982
vn -0.0344 -0.9167 -0.3981
vn 0.0428 -0.8488 0.5269
vn -0.2977 -0.4500 0.8419
vn 0.3731 -0.3664 0.8524
vn -0.3951 -0.8520 0.3434
vn -0.0802 -0.7324 0.6762
vn -0.1886 -0.8777 0.4405
vn 0.0166 -0.9769 0.2132
vn 0.0722 -0.9773 0.1994
vn -0.0319 -0.9984 -0.0468
vn 0.1326 -0.8843 0.4476
vn 0.1230 0.9106 0.3945
vn 0.0629 0.9821 0.1777
vn 0.2502 0.5205 0.8164
vn 0.1884 0.1627 0.9685
vn 0.1881 0.1666 0.9679
vn 0.1643 0.0990 0.9814
vn 0.1855 0.0888 0.9786
vn -0.0026 0.0340 0.9994
vn -0.0160 0.0249 0.9996
vn 0.2744 0.3146 0.9087
vn 0.3143 0.3741 0.8725
vn 0.6924 0.6697 0.2685
vn -0.0042 0.0605 0.9982
vn -0.0329 0.0176 0.9993
vn 0.0052 0.0523 0.9986
vn 0.0200 0.0802 0.9966
vn 0.0620 0.0295 0.9976
vn 0.1147 0.0874 0.9896
vn 0.1457 0.4017 0.9041
vn 0.0873 0.9029 0.4208
vn 0.0160 0.9971 -0.0744
vn -0.0640 0.9102 0.4092
vn -0.2619 -0.8490 0.4589
vn 0.0500 -0.9970 0.0590
vn -0.0250 -0.9801 0.1969
vn -0.0157 -0.8622 0.5063
vn -0.0062 -0.9916 0.1289
vn 0.0157 -0.9932 -0.1153
vn 0.1337 -0.9542 0.2676
vn 0.0828 -0.9966 -0.0047
vn 0.3588 -0.8049 0.4726
vn 0.0027 -0.9967 0.0814
vn 0.0413 -0.9989 0.0222
vn 0.5762 -0.6985 0.4244
vn -0.2451 -0.8089 0.5345
vn -0.0779 -0.9638 0.2551
vn -0.2733 -0.5008 0.8213
vn -0.0278 -0.9921 0.1220
vn -0.4730 -0.7107 0.5208
vn -0.2350 -0.5098 0.8276
vn -0.1609 0.3497 0.9229
vn 0.2277 0.5316 0.8158
vn 0.0038 0.9996 -0.0263
vn -0.0009 0.9705 -0.2412
vn 0.0866 0.9357 -0.3421
vn 0.0492 0.9937 -0.1010
vn 0.0390 0.9472 0.3184
vn -0.0091 0.9542 0.2990
vn 0.0761 0.6932 0.7167
vn 0.0652 0.2906 0.9546
vn 0.0189 0.0629 0.9978
vn 0.0129 0.0430 0.9990
vn -0.0025 0.0212 0.9998
vn 0.3051 0.3607 0.8813
vn 0.6535 0.6962 0.2969
vn 0.2730 0.3222 0.9064
vn 0.6173 0.7253 0.3049
vn 0.5651 0.7170 0.4081
vn 0.6428 0.7657 -0.0226
vn 0.6859 0.7268 -0.0353
vn 0.7291 0.6812 -0.0659
vn 0.7119 0.6995 -0.0625
vn 0.2306 0.2385 0.9434
vn 0.6743 0.7375 -0.0374
vn 0.6346 0.7725 -0.0219
vn 0.6196 0.7848 -0.0124
vn 0.7853 0.5446 0.2945
vn 0.9071 0.1981 0.3713
vn 0.0674 0.0753 0.9949
vn 0.0424 0.1071 0.9933
vn 0.0140 0.1502 0.9886
vn -0.0233 0.1111 0.9935
vn -0.0252 0.5119 0.8587
vn -0.0357 0.9835 0.1775
vn 0.1349 0.9211 0.3653
vn 0.1757 -0.7035 0.6886
vn 0.0455 -0.9953 0.0856
vn -0.0597 -0.9955 0.0739
vn 0.2396 -0.9132 -0.3296
vn 0.1716 -0.9843 -0.0422
vn -0.1734 -0.7066 0.6861
vn 0.2263 -0.7307 -0.6441
vn -0.0316 -0.9923 -0.1196
vn -0.0664 -0.9978 -0.0075
vn 0.1867 -0.8770 -0.4427
vn -0.1235 -0.9248 0.3599
vn 0.0445 -0.7116 0.7012
vn 0.0162 0.0065 0.9998
vn -0.0105 0.8284 0.5601
vn 0.0814 0.9032 0.4214
vn 0.1010 0.8329 0.5441
vn 0.1502 -0.6281 0.7635
vn 0.1760 -0.4063 0.8966
vn 0.2838 -0.0860 0.9550
vn 0.1267 -0.8866 0.4449
vn -0.2473 -0.0341 -0.9683
vn -0.1677 0.6888 0.7053
vn -0.0803 0.1919 0.9781
vn 0.1824 0.1368 0.9737
vn 0.0575 0.1617 0.9852
vn 0.9469 0.1686 0.2739
vn 0.5068 0.0629 0.8598
vn 0.1962 -0.0045 0.9805
vn 0.5854 0.3405 0.7357
vn 0.7707 -0.2364 0.5917
vn 0.8832 -0.0995 -0.4583
vn 0.8511 -0.0887 -0.5175
vn 0.0973 0.6780 0.7285
vn 0.3617 0.6522 0.6662
vn 0.6434 0.5160 0.5655
vn 0.7366 0.2890 0.6115
vn 0.8834 0.1969 0.4252
vn 0.1101 0.9886 0.1026
vn 0.4061 0.9088 0.0961
vn -0.1826 0.9832 0.0070
vn 0.5651 0.8247 -0.0226
vn 0.9906 0.0373 0.1315
vn 0.7438 0.5108 -0.4311
vn 0.8122 0.2606 -0.5220
vn 0.7316 -0.0608 -0.6791
vn 0.9517 0.0073 -0.3069
vn 0.9919 0.0979 0.0814
vn 0.8006 0.5962 -0.0603
vn 0.3967 0.9003 -0.1789
vn 0.1334 0.9892 -0.0601
vn 0.0094 0.9989 -0.0453
vn 0.7079 -0.3771 0.5972
vn 0.5164 0.6574 0.5487
vn 0.3731 -0.0416 0.9269
vn -0.1393 -0.9897 -0.0323
vn 0.0521 -0.9770 0.2068
vn -0.0907 -0.9930 0.0758
vn 0.4302 -0.6275 0.6490
vn 0.3674 -0.5729 0.7327
vn 0.2120 -0.8732 0.4388
vn 0.4465 -0.1789 0.8767
vn 0.6964 0.4973 0.5175
vn -0.1700 0.9761 -0.1355
vn 0.6911 0.3886 0.6095
vn 0.3272 0.8375 0.4376
vn 0.3366 0.0929 0.9371
vn 0.2353 0.0579 0.9702
vn 0.0704 0.8617 0.5025
vn 0.0390 0.9677 0.2490
vn 0.0164 0.9954 0.0939
vn -0.0325 0.9985 -0.0433
vn 0.7828 0.4528 0.4268
vn 0.2522 0.9597 0.1243
vn 0.7388 -0.6590 0.1408
vn -0.0948 0.9955 0.0033
vn 0.1869 0.8932 0.4091
vn 0.2822 0.9413 0.1849
vn 0.3826 0.6083 0.6954
vn 0.0177 0.9944 0.1044
vn 0.7691 -0.6379 0.0396
vn -0.0756 0.9966 0.0330
vn -0.0288 0.9995 0.0130
vn 0.5776 -0.5574 0.5965
vn 0.5762 0.7759 0.2568
vn -0.0704 -0.9952 0.0679
vn 0.1278 -0.9913 -0.0321
vn 0.7462 -0.6617 -0.0731
vn 0.5730 -0.8194 0.0164
vn 0.9879 -0.1546 0.0157
vn 0.7210 -0.6862 0.0965
vn 0.0735 -0.9965 0.0408
vn 0.5563 -0.8290 0.0567
vn -0.2717 -0.9624 0.0021
vn -0.3274 -0.9449 -0.0040
vn -0.1301 -0.9915 -0.0002
vn 0.0224 -0.9997 0.0120
vn -0.1290 -0.9916 -0.0132
vn 0.4583 -0.8670 0.1956
vn 0.4277 0.8475 0.3145
vn 0.9195 -0.1140 0.3762
vn 0.3903 -0.9189 0.0569
vn 0.0184 -0.9997 -0.0137
vn 0.4272 -0.9012 0.0725
vn 0.9249 0.3311 0.1871
vn 0.4039 0.8048 0.4349
vn 0.2075 0.8226 0.5293
vn 0.1219 0.8137 0.5684
vn 0.3712 0.5129 0.7741
vn 0.5462 0.0365 0.8368
vn 0.2498 0.9448 0.2118
vn 0.0199 0.9993 -0.0320
vn 0.1191 0.9906 -0.0676
vn 0.1831 0.9826 -0.0326
vn 0.9886 -0.1389 0.0580
vn 0.4574 0.8877 0.0527
vn 0.4341 -0.9008 -0.0109
vn -0.1629 0.9805 -0.1098
vn 0.2143 0.9753 -0.0540
vn 0.0549 0.9984 -0.0126
vn -0.0160 0.9955 -0.0937
vn 0.5873 0.8093 0.0077
vn 0.9703 0.1472 0.1920
vn 0.9656 0.1169 0.2321
vn 0.9931 0.0966 -0.0670
vn 0.9378 0.3471 0.0091
vn 0.5680 0.8008 0.1899
vn 0.0701 0.9963 0.0497
vn -0.0767 0.9971 -0.0021
vn 0.0341 0.9994 0.0070
vn -0.1849 0.9730 0.1383
vn 0.0166 0.9980 0.0609
vn 0.0622 0.9928 0.1021
vn 0.2577 0.8996 0.3526
vn 0.0492 0.9914 0.1214
vn -0.0333 0.9993 0.0189
vn 0.3090 0.9483 0.0719
vn 0.5889 0.7996 0.1179
vn 0.8017 0.5586 0.2127
vn 0.9323 0.3607 -0.0262
vn 0.9928 0.0889 -0.0797
vn 0.9958 0.0911 0.0002
vn 0.9607 0.0114 -0.2772
vn 0.9931 0.0811 -0.0852
vn 0.8948 0.4456 0.0257
vn 0.8319 0.5549 -0.0091
vn 0.6104 0.7920 -0.0088
vn 0.7862 0.6146 0.0637
vn 0.9392 0.3386 0.0576
vn 0.9911 0.1322 0.0122
vn 0.9879 0.1546 0.0087
vn 0.8191 0.5737 -0.0020
vn 0.9992 0.0392 0.0016
vn 0.9993 0.0343 0.0148
vn 0.9985 0.0237 -0.0488
vn 0.9861 0.0957 0.1355
vn 0.8565 0.5147 -0.0394
vn 0.1631 0.9743 -0.1554
vn -0.3867 0.9022 0.1910
vn -0.2208 0.9702 0.1000
vn -0.2986 0.9460 -0.1264
vn -0.0600 0.9966 -0.0572
vn 0.5653 0.8249 -0.0020
vn 0.9309 0.3575 0.0744
vn 0.9903 0.1312 0.0461
vn 0.9978 0.0636 0.0195
vn 0.9826 0.1860 0.0014
vn 0.8060 0.5920 -0.0017
vn 0.6032 0.7975 -0.0115
vn 0.6326 0.7742 -0.0210
vn 0.6602 0.7506 -0.0276
vn 0.6941 0.7184 -0.0463
vn 0.7442 0.6649 -0.0636
vn 0.7886 0.6107 -0.0712
vn 0.6269 0.7791 -0.0103
vn 0.6534 0.7569 -0.0155
vn 0.6832 0.7298 -0.0236
vn 0.7364 0.6759 -0.0313
vn 0.5946 0.8040 0.0030
vn 0.7571 0.6532 0.0092
vn 0.9796 0.1979 0.0338
vn 0.9960 0.0884 0.0165
vn 0.9866 0.1513 0.0613
vn 0.9543 0.2855 0.0879
vn 0.5058 0.8593 0.0761
vn -0.0740 0.9972 0.0094
vn 0.1391 0.9885 -0.0589
vn 0.4182 0.9034 0.0944
vn 0.9165 -0.3948 0.0646
vn -0.0401 -0.9990 0.0187
vn 0.0065 -0.9997 -0.0215
vn 0.2785 -0.9598 0.0336
vn 0.8678 -0.4935 0.0580
vn 0.1531 -0.9882 -0.0065
vn -0.0451 -0.9979 0.0474
vn -0.0311 -0.9992 0.0236
vn -0.2391 -0.9703 -0.0370
vn -0.1305 -0.9908 -0.0350
vn 0.7731 -0.6324 0.0496
vn 0.5233 -0.8472 0.0910
vn 0.9912 0.0275 0.1297
vn 0.7110 -0.6969 0.0943
vn -0.2260 -0.9721 -0.0631
vn -0.0916 -0.9958 -0.0079
vn 0.0895 -0.9958 0.0212
vn 0.1829 -0.9830 0.0138
vn 0.9401 -0.3350 0.0637
vn 0.7351 -0.6772 -0.0330
vn 0.3207 0.9472 -0.0039
vn -0.0317 -0.9993 -0.0172
vn 0.5720 -0.8202 0.0076
vn 0.9925 -0.0532 0.1096
vn 0.2999 0.9539 0.0147
vn -0.0531 -0.9984 -0.0207
vn 0.9573 -0.2793 0.0745
vn 0.2277 0.9726 0.0470
vn -0.0069 0.9988 0.0476
vn 0.7509 0.6604 0.0069
vn 0.9686 0.2476 0.0227
vn 0.9896 0.1388 0.0387
vn 0.9953 0.0962 0.0055
vn 0.9966 0.0822 0.0092
vn 0.8898 0.4562 0.0118
vn 0.6400 0.7677 -0.0327
vn 0.5921 0.8058 -0.0054
vn 0.6151 0.7884 0.0014
vn 0.6482 0.7614 -0.0055
vn 0.6898 0.7240 -0.0064
vn 0.7400 0.6725 -0.0078
vn 0.7892 0.6132 -0.0336
vn 0.8260 0.5604 -0.0606
vn 0.8381 0.5391 -0.0836
vn 0.8440 0.5297 -0.0845
vn 0.5631 0.8191 -0.1093
vn -0.4195 0.9062 -0.0528
vn -0.8580 0.4986 0.1238
vn -0.8103 0.4489 0.3767
vn -0.8214 0.5022 0.2704
vn -0.5030 0.3096 0.8069
vn -0.8438 0.5343 0.0495
vn -0.8518 0.5236 0.0147
vn -0.3961 0.9150 -0.0764
vn 0.4586 0.8802 -0.1225
vn 0.6965 0.7125 -0.0850
vn 0.8493 0.5232 -0.0703
vn 0.8495 0.5260 -0.0421
vn 0.8353 0.5494 -0.0214
vn 0.7927 0.6096 0.0002
vn 0.7437 0.6680 0.0272
vn 0.6828 0.7303 0.0204
vn 0.6487 0.7610 0.0130
vn 0.6163 0.7875 0.0064
vn 0.5985 0.8011 -0.0039
vn 0.6557 0.7550 0.0028
vn 0.6014 0.7989 0.0114
vn 0.6250 0.7805 0.0165
vn 0.6575 0.7531 0.0233
vn 0.6416 0.7666 0.0267
vn 0.6150 0.7884 0.0166
vn 0.6932 0.7192 0.0468
vn 0.7132 0.6975 0.0700
vn 0.7585 0.6441 0.0987
vn 0.7484 0.6601 0.0641
vn 0.6729 0.7388 0.0382
vn 0.6613 0.7489 0.0438
vn 0.6975 0.7128 0.0731
vn 0.7410 0.6646 0.0957
vn 0.7697 0.6285 0.1122
vn 0.7597 0.6425 0.0999
vn 0.7244 0.6852 0.0758
vn 0.8007 0.5856 0.1264
vn 0.8001 0.5905 0.1056
vn 0.7999 0.5958 0.0714
vn 0.8068 0.5894 0.0415
vn 0.8410 0.5410 0.0098
vn 0.8613 0.5080 -0.0068
vn 0.8612 0.5075 -0.0263
vn 0.5454 0.8376 -0.0317
vn 0.8743 0.4853 0.0053
vn 0.8677 0.4969 0.0155
vn 0.8483 0.5278 0.0430
vn 0.8410 0.5368 0.0676
vn 0.8348 0.5424 0.0946
vn 0.8273 0.5487 0.1206
vn 0.8242 0.5542 0.1161
vn 0.8051 0.5832 0.1080
vn 0.7857 0.6106 0.0990
vn 0.7717 0.6273 0.1045
vn 0.7954 0.5989 0.0931
vn 0.8103 0.5793 0.0884
vn 0.8213 0.5658 0.0733
vn 0.8158 0.5779 0.0218
vn 0.7935 0.6084 0.0139
vn 0.8253 0.5615 0.0600
vn 0.8358 0.5401 0.0985
vn 0.8464 0.5220 0.1055
vn 0.8570 0.5092 0.0795
vn 0.8647 0.4986 0.0600
vn 0.8708 0.4898 0.0421
vn 0.8811 0.4725 0.0202
vn 0.5941 0.8044 -0.0025
vn -0.4008 0.9153 -0.0407
vn -0.4148 0.9097 -0.0219
vn 0.5098 0.8602 0.0145
vn -0.2818 0.9593 0.0190
vn 0.5934 0.8038 0.0418
vn 0.8802 0.4728 0.0420
vn 0.8756 0.4800 0.0541
vn 0.8675 0.4928 0.0670
vn 0.8543 0.5119 0.0901
vn 0.8385 0.5394 0.0768
vn 0.8244 0.5644 0.0427
vn 0.8171 0.5764 0.0088
vn 0.8108 0.5853 0.0077
vn 0.8200 0.5723 -0.0092
vn 0.7919 0.5816 -0.1859
vn 0.8006 0.5947 -0.0733
vn 0.7897 0.6089 -0.0745
vn 0.8181 0.5741 -0.0320
vn 0.7906 0.5991 -0.1265
vn 0.7524 0.5804 -0.3117
vn 0.5687 0.4539 -0.6860
vn 0.7229 0.5905 -0.3586
vn 0.7599 0.6491 -0.0349
vn 0.7329 0.6680 0.1287
vn 0.6791 0.7325 0.0483
vn 0.6274 0.7784 0.0215
vn 0.6937 0.7202 -0.0027
vn 0.9204 0.3907 -0.0126
vn 0.9967 0.0788 -0.0183
vn 0.9906 0.1346 -0.0241
vn 0.9762 0.2150 -0.0277
vn 0.9682 0.2074 -0.1401
vn 0.7361 0.6756 0.0427
vn 0.1617 0.9619 0.2203
vn -0.0001 0.9983 0.0585
vn 0.9546 0.2831 0.0922
vn 0.0053 -0.9986 0.0519
vn -0.0259 -0.9983 0.0523
vn 0.9218 -0.3876 0.0081
vn 0.5710 0.8188 -0.0589
vn 0.8572 0.5066 -0.0925
vn 0.2168 0.9754 -0.0409
vn 0.4322 0.8992 -0.0672
vn 0.2139 -0.9753 0.0548
vn -0.2799 -0.9537 0.1100
vn -0.0023 -0.9998 0.0191
vn 0.4937 -0.8691 0.0293
vn 0.9805 0.1873 -0.0596
vn 0.3112 0.9488 0.0539
vn 0.0025 0.9943 -0.1070
vn 0.0056 0.9998 -0.0212
vn -0.0201 0.9889 -0.1471
vn 0.2804 0.9591 0.0392
vn 0.3886 0.9207 -0.0356
vn 0.6663 -0.7452 -0.0287
vn -0.1853 -0.9819 0.0400
vn 0.5449 -0.8301 -0.1185
vn 0.9014 0.4075 -0.1464
vn 0.3997 0.9163 -0.0257
vn 0.8364 -0.5476 0.0215
vn 0.9396 0.3396 0.0434
vn 0.1177 -0.9929 -0.0171
vn -0.3284 -0.9444 0.0178
vn -0.2029 -0.9791 0.0123
vn 0.2837 -0.9584 0.0306
vn 0.5707 -0.8212 0.0008
vn 0.4158 0.9094 -0.0056
vn 0.9384 -0.3105 -0.1518
vn 0.5178 0.8504 -0.0934
vn 0.9821 0.0881 -0.1663
vn 0.1300 -0.9913 -0.0209
vn 0.6264 -0.7680 -0.1331
vn 0.9121 0.3664 -0.1838
vn 0.8504 0.4365 -0.2938
vn 0.4479 0.8863 -0.1180
vn 0.3299 0.9331 -0.1429
vn 0.4579 0.8612 -0.2207
vn 0.3807 0.9099 -0.1648
vn 0.2378 0.9649 -0.1116
vn 0.3258 0.9318 -0.1602
vn 0.2396 0.9550 -0.1751
vn -0.1683 -0.9857 0.0020
vn -0.1421 -0.9898 -0.0000
vn 0.4314 0.8757 -0.2170
vn 0.1641 0.9657 -0.2014
vn 0.0668 0.9957 -0.0634
vn -0.1211 0.9913 -0.0523
vn 0.1273 0.9685 -0.2142
vn 0.0536 0.9770 -0.2062
vn 0.3319 -0.9166 -0.2229
vn 0.1495 -0.9506 -0.2719
vn 0.7901 0.2867 -0.5418
vn 0.4005 0.5121 -0.7598
vn 0.3186 0.5390 -0.7797
vn 0.5776 0.1611 -0.8003
vn 0.4816 0.8655 -0.1380
vn 0.0496 0.9987 -0.0104
vn -0.2029 0.9762 0.0761
vn -0.0438 0.9890 -0.1413
vn 0.2913 0.6442 -0.7072
vn 0.1477 0.9198 -0.3636
vn 0.0737 0.9919 -0.1035
vn 0.1031 0.9124 -0.3961
vn 0.0671 0.9120 -0.4046
vn 0.0282 -0.9030 -0.4286
vn 0.0795 -0.8053 -0.5875
vn 0.0057 -0.9980 -0.0623
vn -0.0562 -0.6456 -0.7616
vn 0.2866 -0.5544 -0.7813
vn 0.0835 0.8709 -0.4843
vn 0.0282 0.9969 -0.0738
vn -0.0506 0.9409 0.3350
vn -0.0479 0.9739 0.2220
vn -0.0842 0.9774 0.1939
vn -0.0456 0.9970 0.0620
vn -0.0860 0.9710 0.2232
vn -0.2345 0.9572 0.1698
vn -0.0840 0.9922 0.0918
vn 0.0147 0.9587 -0.2841
vn -0.1193 0.9880 0.0985
vn 0.0866 0.9899 0.1120
vn 0.1022 0.9779 0.1822
vn -0.1071 0.5522 -0.8268
vn -0.0149 0.0103 -0.9998
vn 0.3135 0.5157 -0.7974
vn 0.4510 0.4302 -0.7820
vn 0.1408 0.8969 -0.4192
vn 0.0487 0.9570 -0.2858
vn -0.0196 0.8922 -0.4513
vn 0.0217 0.9452 -0.3258
vn 0.0306 0.9620 -0.2715
vn 0.0221 0.9788 -0.2037
vn 0.2141 0.8236 -0.5251
vn 0.0850 0.9962 0.0169
vn -0.0719 0.9868 0.1449
vn -0.0509 0.9939 0.0978
vn 0.0211 0.9963 -0.0838
vn -0.0698 0.9100 0.4087
vn -0.1058 0.9266 -0.3609
vn -0.1312 0.9529 -0.2735
vn -0.0105 0.9208 -0.3899
vn -0.1472 -0.6494 -0.7461
vn -0.0466 -0.2325 -0.9715
vn 0.0557 0.5390 -0.8405
vn 0.0488 0.9944 -0.0939
vn -0.0246 0.9849 0.1711
vn 0.0254 0.9889 -0.1466
vn 0.0182 0.9991 0.0375
vn -0.0249 0.8039 -0.5943
vn -0.0254 0.8759 -0.4818
vn -0.1607 0.9870 -0.0023
vn -0.1817 0.9814 -0.0619
vn 0.1603 0.9798 0.1195
vn 0.0669 0.9912 0.1139
vn 0.0018 0.9996 0.0291
vn 0.0216 0.9984 -0.0524
vn -0.1654 0.9835 -0.0730
vn -0.4094 0.9088 0.0800
vn -0.2234 0.9593 -0.1725
vn -0.3778 0.9221 -0.0837
vn -0.2462 0.9691 -0.0178
vn -0.2697 0.9588 0.0892
vn -0.1651 0.7509 -0.6394
vn 0.0955 0.7163 -0.6912
vn -0.1922 0.9411 -0.2782
vn -0.1801 0.9386 0.2942
vn -0.2336 0.9722 0.0178
vn -0.4066 0.9135 -0.0161
vn 0.3302 0.9434 -0.0303
vn 0.4343 0.9003 0.0300
vn -0.0401 -0.9200 -0.3899
vn 0.1113 0.9607 -0.2544
vn -0.5360 0.8387 -0.0963
vn 0.1255 0.8339 -0.5374
vn 0.4322 0.0076 -0.9017
vn -0.1188 0.4274 -0.8962
vn -0.1920 0.2380 -0.9521
vn -0.3347 0.8123 -0.4776
vn -0.3334 0.3279 -0.8839
vn -0.3204 0.6970 -0.6415
vn -0.0101 -0.0347 -0.9993
vn -0.3585 0.8926 -0.2734
vn -0.4191 0.5945 -0.6862
vn -0.1123 0.3024 -0.9465
vn -0.1574 0.8316 -0.5327
vn -0.0152 0.0018 -0.9999
vn 0.4566 -0.0902 -0.8851
vn -0.2628 0.0474 -0.9637
vn -0.1803 0.2161 -0.9596
vn 0.5682 -0.0998 -0.8168
vn 0.7269 -0.4296 -0.5357
vn 0.6877 0.1276 -0.7147
vn 0.7636 -0.5516 -0.3358
vn 0.9593 0.0976 -0.2649
vn 0.8912 -0.4481 0.0699
vn 0.9371 -0.1422 -0.3188
vn 0.9104 0.3781 0.1678
vn 0.9511 0.0979 0.2930
vn 0.7625 0.2087 -0.6125
vn -0.3704 0.1474 -0.9171
vn -0.0929 0.0185 -0.9955
vn 0.4360 0.1275 -0.8908
vn 0.9731 0.1049 0.2051
vn 0.9888 0.1491 0.0080
vn 0.9421 0.3347 -0.0221
vn 0.9887 0.1490 -0.0173
vn 0.9961 0.0867 0.0130
vn 0.9576 0.2843 0.0471
vn 0.8871 0.3216 -0.3312
vn 0.7967 0.6039 0.0241
vn 0.5789 0.5384 -0.6124
vn 0.6493 0.7585 0.0555
vn 0.6178 0.7018 -0.3548
vn 0.2949 0.2598 -0.9195
vn 0.2937 0.1461 -0.9447
vn 0.2632 0.0786 -0.9615
vn 0.3920 -0.0523 -0.9185
vn 0.7029 -0.0261 -0.7108
vn 0.6188 -0.1323 -0.7743
vn -0.0161 -0.0619 -0.9980
vn -0.5155 0.0370 -0.8561
vn -0.4018 -0.0005 -0.9157
vn 0.4405 -0.1030 -0.8918
vn 0.0017 0.0023 -1.0000
vn 0.7648 0.6443 -0.0025
vn -0.3139 0.0168 -0.9493
vn -0.3019 0.0755 -0.9503
vn -0.0454 0.3036 -0.9517
vn -0.0129 0.9095 -0.4155
vn 0.0643 0.9979 -0.0040
vn 0.0509 0.7949 -0.6046
vn 0.0970 0.2830 -0.9542
vn 0.2128 0.7459 -0.6311
vn 0.1323 0.9890 -0.0657
vn 0.1300 0.9915 0.0002
vn 0.0251 0.8087 -0.5877
vn -0.2826 0.9390 0.1963
vn -0.0029 0.9764 0.2160
vn -0.0347 0.6757 0.7363
vn -0.0475 0.5811 -0.8124
vn 0.3504 0.7620 -0.5446
vn -0.0507 0.8817 -0.4691
vn 0.0184 0.9922 0.1231
vn 0.0014 0.9987 -0.0510
vn -0.0310 0.9995 -0.0008
vn -0.0025 0.9589 0.2838
vn 0.0843 0.9876 0.1321
vn 0.1275 0.7226 -0.6794
vn 0.1431 -0.6310 -0.7625
vn 0.0071 -0.5472 -0.8370
vn 0.0774 -0.9970 -0.0002
vn 0.1423 -0.9898 -0.0098
vn 0.1421 -0.9762 -0.1641
vn 0.1386 -0.9764 -0.1655
vn 0.0963 -0.5828 -0.8069
vn -0.0693 -0.6149 -0.7856
vn -0.1031 -0.0750 -0.9918
vn -0.0674 -0.3768 -0.9238
vn 0.0778 -0.4033 -0.9117
vn 0.0459 -0.9780 -0.2037
vn 0.0080 -0.9999 0.0082
vn 0.0761 -0.9048 -0.4190
vn 0.0691 -0.9845 -0.1609
vn 0.0504 -0.9987 -0.0050
vn 0.1111 -0.8719 -0.4769
vn 0.2286 0.2369 -0.9443
vn 0.1459 0.5017 -0.8526
vn 0.0439 0.9838 -0.1739
vn 0.1405 0.9404 -0.3096
vn 0.2419 0.1510 -0.9585
vn 0.0669 0.9964 0.0521
vn -0.0258 0.5511 -0.8341
vn -0.1806 0.8079 -0.5609
vn -0.2947 -0.3302 -0.8967
vn -0.3971 -0.3593 -0.8445
vn -0.3067 -0.7880 -0.5338
vn -0.2641 -0.7962 -0.5444
vn -0.3944 0.5463 -0.7389
vn -0.2521 -0.7378 -0.6261
vn -0.0865 -0.9750 -0.2046
vn -0.4305 -0.3711 -0.8228
vn -0.3462 -0.5030 -0.7919
vn 0.0980 -0.3962 -0.9129
vn -0.4553 0.4669 -0.7581
vn 0.0821 0.9809 0.1766
vn -0.0564 0.9922 -0.1111
vn -0.3859 0.4692 -0.7943
vn -0.1562 0.9212 -0.3563
vn 0.0945 0.9483 0.3029
vn 0.0452 0.8969 -0.4398
vn 0.0670 -0.9861 -0.1522
vn -0.2277 0.3829 -0.8953
vn -0.1111 0.9470 -0.3013
vn 0.1399 0.9840 -0.1103
vn 0.1920 0.9085 0.3710
vn -0.0147 0.9891 -0.1463
vn 0.0685 0.9560 0.2851
vn -0.0250 0.9711 0.2373
vn -0.3162 0.7088 -0.6305
vn 0.0938 0.9274 0.3620
vn 0.0772 0.8562 0.5109
vn 0.0291 0.9783 0.2050
vn 0.0211 0.9610 -0.2757
vn -0.1478 0.6782 -0.7199
vn -0.1409 0.6478 -0.7487
vn -0.1992 0.2141 -0.9563
vn -0.0407 0.4751 -0.8790
vn 0.1193 -0.6097 -0.7836
vn 0.2575 -0.2798 -0.9249
vn 0.1217 0.6814 -0.7217
vn 0.2048 0.9114 -0.3570
vn 0.0019 0.7569 -0.6535
vn -0.1402 0.9817 0.1289
vn -0.2174 0.9571 -0.1918
vn -0.1058 0.5896 -0.8008
vn 0.2091 0.9748 -0.0778
vn 0.0359 0.9869 0.1573
vn -0.1674 0.8819 0.4407
vn -0.1230 0.7126 0.6908
vn -0.1107 0.8989 0.4240
vn 0.1152 0.8830 0.4550
vn 0.0040 0.9989 -0.0467
vn -0.1043 0.9483 -0.2997
vn 0.1031 0.9924 0.0668
vn 0.1185 0.9821 -0.1465
vn -0.0902 0.9182 -0.3858
vn 0.0517 0.9892 0.1372
vn -0.0955 0.9929 0.0705
vn 0.0081 0.9880 0.1545
vn -0.0628 0.9871 -0.1475
vn -0.1798 0.9836 -0.0128
vn 0.3541 0.7802 -0.5157
vn -0.3196 0.9466 -0.0429
vn 0.2769 0.6310 0.7247
vn -0.1851 0.9791 -0.0844
vn -0.3101 0.5008 -0.8081
vn -0.2165 0.9165 -0.3363
vn -0.5629 0.6181 -0.5488
vn -0.1811 0.1532 -0.9715
vn -0.7475 0.3261 -0.5787
vn -0.7302 -0.0565 -0.6808
vn -0.6925 -0.7151 -0.0953
vn -0.0086 -0.9991 -0.0409
vn -0.1609 -0.9661 -0.2017
vn 0.1095 -0.9935 -0.0319
vn -0.3507 -0.8979 -0.2662
vn -0.3578 -0.9291 -0.0931
vn 0.1125 -0.9936 -0.0060
vn 0.0460 -0.9989 0.0009
vn -0.6372 -0.7663 -0.0827
vn -0.3191 -0.9474 0.0255
vn -0.9952 -0.0167 -0.0966
vn -0.6894 -0.7222 -0.0564
vn -0.8190 0.5691 -0.0735
vn -0.9721 0.2248 -0.0668
vn -0.5774 0.8164 0.0131
vn -0.7110 -0.7015 0.0498
vn -0.9910 -0.1276 0.0395
vn -0.5188 -0.8549 -0.0002
vn -0.9240 -0.3820 0.0169
vn -0.2900 -0.9570 -0.0106
vn -0.2927 -0.9559 0.0256
vn -0.0264 -0.9994 -0.0205
vn -0.8333 0.5476 -0.0753
vn -0.9296 -0.3666 -0.0365
vn -0.7530 0.6577 -0.0204
vn -0.9140 -0.4038 0.0398
vn -0.7780 0.6237 0.0754
vn -0.7289 -0.6804 0.0761
vn -0.9850 -0.1149 0.1289
vn -0.3238 -0.9451 0.0437
vn -0.5912 -0.8003 0.0995
vn 0.0496 -0.9988 0.0059
vn -0.4214 -0.9067 0.0202
vn -0.0337 -0.9990 -0.0283
vn -0.4756 -0.8476 -0.2354
vn -0.3006 -0.8517 -0.4293
vn -0.5040 -0.8139 -0.2889
vn -0.1236 -0.9916 0.0390
vn 0.1771 -0.9766 0.1222
vn 0.1473 -0.9890 -0.0154
vn 0.1068 -0.9941 -0.0186
vn 0.0918 -0.9956 -0.0181
vn 0.0314 -0.9994 0.0142
vn -0.0077 -0.9999 0.0116
vn 0.1009 -0.9948 -0.0159
vn 0.1558 -0.9877 -0.0129
vn 0.0678 -0.9977 0.0025
vn -0.8676 -0.4678 -0.1689
vn -0.4677 0.8570 0.2165
vn -0.1222 -0.9924 -0.0114
vn -0.1861 -0.9825 -0.0096
vn -0.1997 -0.9799 0.0003
vn -0.2633 -0.9647 -0.0008
vn -0.7471 -0.6647 0.0076
vn -0.9610 -0.2759 -0.0174
vn -0.4929 -0.8700 -0.0090
vn -0.3986 0.9171 0.0057
vn -0.9638 0.2578 -0.0688
vn 0.0168 0.9995 -0.0253
vn -0.4580 0.8885 -0.0288
vn -0.9999 0.0115 -0.0048
vn -0.7767 -0.6299 -0.0008
vn -0.3528 -0.9357 -0.0095
vn -0.3526 -0.9355 0.0247
vn -0.3947 -0.9155 0.0774
vn -0.5978 -0.6938 0.4016
vn -0.8071 -0.3211 0.4955
vn -0.3554 0.8183 0.4518
vn -0.0473 0.9936 0.1030
vn -0.0006 0.9998 -0.0195
vn -0.0327 0.9972 -0.0667
vn -0.0617 0.9974 0.0369
vn -0.0306 0.9937 -0.1076
vn -0.2202 0.7367 0.6394
vn -0.3567 0.3969 0.8457
vn -0.1843 -0.6954 0.6946
vn -0.3701 -0.5563 0.7441
vn 0.2000 0.9746 -0.1004
vn 0.1780 0.9386 -0.2954
vn -0.0149 0.9992 -0.0381
vn -0.2223 0.9367 0.2706
vn -0.4527 0.4830 0.7495
vn -0.4912 -0.5675 0.6608
vn -0.5634 -0.0860 0.8217
vn -0.4333 0.8362 0.3363
vn -0.1867 0.8770 0.4427
vn 0.1169 0.9626 -0.2443
vn -0.3139 0.9470 0.0686
vn -0.8034 0.1526 0.5756
vn -0.4420 0.8745 0.1997
vn 0.0642 0.9851 -0.1598
vn -0.0615 0.9931 -0.1003
vn 0.0355 0.9903 0.1344
vn -0.1682 0.8235 0.5418
vn -0.2145 0.8224 0.5269
vn -0.0716 0.9913 0.1100
vn 0.1307 0.9896 -0.0608
vn 0.2492 0.9660 -0.0682
vn -0.3123 0.7804 -0.5417
vn -0.1315 0.8428 -0.5220
vn -0.4075 0.4639 -0.7866
vn 0.2371 0.8927 -0.3833
vn 0.1928 0.9698 0.1495
vn 0.0741 0.9162 0.3937
vn -0.8866 0.1325 -0.4432
vn -0.2879 0.3059 -0.9075
vn -0.2050 -0.8365 -0.5082
vn -0.0616 -0.7676 -0.6380
vn -0.2952 -0.6821 -0.6690
vn -0.2348 -0.7801 -0.5799
vn -0.0044 -0.9984 -0.0570
vn 0.0344 -0.9561 0.2909
vn 0.0067 -0.9667 0.2559
vn -0.0809 -0.9961 0.0349
vn -0.0767 -0.9841 -0.1601
vn -0.1850 -0.9751 -0.1221
vn -0.1753 -0.2914 -0.9404
vn 0.0079 0.6812 -0.7321
vn 0.1150 0.9880 -0.1028
vn 0.1199 0.9923 0.0313
vn 0.0749 0.9529 0.2941
vn -0.0383 0.9866 0.1588
vn -0.1710 0.8638 0.4739
vn -0.2219 0.8167 0.5326
vn -0.3263 0.9432 -0.0634
vn -0.0782 -0.6712 -0.7372
vn -0.4324 0.8390 0.3305
vn -0.4680 0.3234 -0.8224
vn -0.3889 0.5797 0.7160
vn -0.5756 0.8107 -0.1070
vn -0.7430 0.4843 0.4620
vn -0.8351 0.5409 0.0999
vn -0.9166 0.3675 0.1573
vn -0.9237 0.3550 0.1441
vn -0.9489 0.2810 0.1438
vn -0.9412 0.2553 0.2212
vn -0.9552 0.2618 0.1378
vn -0.7925 0.3539 -0.4967
vn -0.8922 0.3187 -0.3201
vn -0.9676 0.2245 -0.1158
vn -0.6546 0.2125 -0.7255
vn -0.9204 0.1401 -0.3651
vn -0.9251 0.1821 -0.3333
vn -0.9866 0.1583 0.0394
vn -0.9666 0.1323 -0.2195
vn -0.9632 0.0574 -0.2625
vn -0.2801 0.0895 -0.9558
vn -0.8903 0.3248 -0.3193
vn 0.4330 -0.4097 -0.8029
vn -0.7631 0.4554 -0.4585
vn 0.1468 -0.2430 -0.9589
vn -0.0662 0.0296 -0.9974
vn 0.2118 -0.7130 -0.6684
vn 0.3007 -0.7516 -0.5871
vn 0.5081 -0.7223 -0.4691
vn 0.1300 -0.5237 -0.8419
vn -0.8928 0.4387 -0.1024
vn -0.3830 0.2921 0.8763
vn -0.5520 0.2333 0.8005
vn -0.5872 0.2306 0.7759
vn -0.9739 0.1320 0.1849
vn -0.9784 0.0530 -0.1998
vn -0.9626 0.1121 0.2468
vn -0.9923 0.0495 -0.1136
vn -0.9344 0.0944 0.3436
vn -0.9985 0.0544 0.0087
vn -0.9699 0.0564 0.2368
vn -0.8919 0.1579 0.4238
vn -0.7692 0.1566 0.6195
vn -0.5599 0.0996 0.8226
vn -0.6415 0.0836 0.7626
vn -0.2715 0.1532 0.9502
vn -0.3214 0.1289 0.9381
vn -0.4865 0.1833 0.8542
vn -0.1338 0.1417 0.9808
vn -0.0923 0.1110 0.9895
vn -0.1218 0.1170 0.9856
vn -0.0236 0.1676 0.9856
vn -0.0389 0.1292 0.9908
vn -0.2265 0.0715 0.9714
vn -0.1205 0.1499 0.9813
vn -0.1551 0.1402 0.9779
vn -0.0748 0.1139 0.9907
vn -0.0464 0.0908 0.9948
vn -0.4090 0.3996 0.8204
vn -0.4380 0.4587 0.7731
vn -0.6539 0.4837 0.5817
vn -0.8165 0.5678 0.1041
vn -0.7763 0.6170 0.1292
vn -0.7376 0.6664 0.1086
vn -0.7550 0.6552 -0.0252
vn -0.7927 0.6092 -0.0224
vn -0.8220 0.5686 -0.0316
vn -0.8431 0.5362 -0.0412
vn -0.8512 0.5234 -0.0382
vn -0.3954 0.9129 -0.1013
vn -0.3815 0.9182 -0.1064
vn -0.5194 0.8524 -0.0603
vn -0.8489 0.5246 -0.0643
vn -0.8407 0.5371 -0.0690
vn -0.8194 0.5688 -0.0715
vn -0.7889 0.6111 -0.0654
vn -0.7507 0.6585 -0.0533
vn -0.7183 0.6946 -0.0394
vn -0.7230 0.6901 -0.0317
vn -0.7095 0.6905 0.1407
vn -0.3226 0.3615 0.8748
vn -0.0241 0.0639 0.9977
vn -0.8541 0.5171 -0.0558
vn -0.3872 0.4271 0.8171
vn -0.6649 0.7139 0.2197
vn -0.6914 0.7218 -0.0311
vn -0.6853 0.7276 -0.0311
vn -0.6795 0.7333 -0.0234
vn -0.7114 0.7019 -0.0349
vn -0.7394 0.6715 -0.0484
vn -0.7814 0.6206 -0.0650
vn -0.8191 0.5693 -0.0697
vn -0.8456 0.5301 -0.0630
vn -0.8499 0.5244 -0.0518
vn -0.8594 0.5090 -0.0488
vn -0.8508 0.5245 -0.0334
vn -0.8612 0.5072 -0.0333
vn -0.8541 0.5201 -0.0027
vn -0.8609 0.5087 -0.0036
vn -0.4161 0.9084 0.0399
vn 0.5796 0.8126 0.0613
vn 0.6451 0.7601 0.0782
vn 0.5347 0.8380 0.1087
vn 0.5114 0.8508 0.1210
vn 0.5072 0.8562 0.0987
vn 0.5126 0.8524 0.1033
vn 0.5265 0.8416 0.1208
vn -0.4249 0.8853 0.1888
vn -0.4283 0.8865 0.1752
vn -0.4360 0.8857 0.1597
vn -0.4499 0.8850 0.1197
vn -0.3487 0.9348 0.0679
vn -0.8593 0.5112 0.0133
vn -0.8463 0.5322 0.0232
vn -0.8237 0.5670 0.0022
vn -0.8186 0.5736 -0.0307
vn -0.8196 0.5703 -0.0544
vn -0.7727 0.6328 -0.0487
vn -0.7655 0.6430 -0.0234
vn -0.7716 0.6360 0.0101
vn -0.8121 0.5823 0.0371
vn -0.8368 0.5444 0.0586
vn -0.8490 0.5266 0.0429
vn -0.8374 0.5387 0.0922
vn -0.8320 0.5408 0.1238
vn -0.8346 0.5358 0.1283
vn -0.8387 0.5321 0.1156
vn -0.4199 0.8871 0.1918
vn 0.5645 0.8121 0.1480
vn 0.8420 0.5337 -0.0783
vn 0.7368 0.5195 -0.4327
vn 0.8855 0.4637 -0.0300
vn 0.6176 0.7847 -0.0541
vn -0.3963 0.9146 0.0807
vn -0.0993 0.7637 -0.6379
vn 0.3781 0.5456 -0.7479
vn 0.6261 0.4295 -0.6508
vn -0.5277 0.8351 0.1555
vn -0.8396 0.5400 0.0590
vn -0.8276 0.5549 -0.0846
vn -0.6476 0.4698 -0.5999
vn -0.7045 0.4881 -0.5152
vn -0.8301 0.5563 -0.0380
vn -0.8302 0.5518 0.0795
vn -0.8250 0.5531 0.1162
vn -0.8225 0.5554 0.1226
vn -0.8272 0.5522 0.1039
vn -0.8070 0.5858 0.0743
vn -0.7597 0.6488 0.0436
vn -0.7197 0.6941 0.0155
vn -0.7194 0.6946 -0.0106
vn -0.7276 0.6853 -0.0311
vn -0.7011 0.7128 -0.0189
vn -0.6712 0.7412 -0.0123
vn -0.6956 0.7184 -0.0064
vn -0.6980 0.7160 0.0151
vn -0.7189 0.6943 0.0338
vn -0.7657 0.6388 0.0745
vn -0.8043 0.5835 0.1128
vn -0.8071 0.5781 0.1200
vn -0.7747 0.6235 0.1052
vn -0.7287 0.6823 0.0584
vn -0.7018 0.7118 0.0278
vn -0.8111 0.5767 0.0978
vn -0.7846 0.6109 0.1054
vn -0.7443 0.6627 0.0832
vn -0.7076 0.7053 0.0416
vn -0.8135 0.5814 0.0157
vn -0.7898 0.6079 0.0816
vn -0.7577 0.6469 0.0861
vn -0.7209 0.6904 0.0598
vn -0.7682 0.5709 -0.2898
vn -0.7863 0.6178 0.0024
vn -0.7609 0.6432 0.0854
vn -0.7329 0.6768 0.0700
vn -0.3428 0.2705 -0.8996
vn -0.6659 0.5548 -0.4988
vn -0.7575 0.6504 0.0560
vn -0.7331 0.6727 0.1002
vn -0.4883 0.2284 -0.8423
vn -0.3834 0.1283 -0.9146
vn -0.1680 0.1421 -0.9755
vn -0.6020 0.5414 -0.5869
vn -0.7364 0.6760 0.0292
vn -0.2799 0.3751 -0.8837
vn 0.1441 0.3413 -0.9288
vn 0.2447 0.2657 -0.9325
vn 0.4029 0.2164 -0.8893
vn 0.5060 0.2802 -0.8157
vn -0.1876 0.2555 -0.9484
vn -0.4378 0.1360 -0.8887
vn -0.4047 0.1556 -0.9011
vn -0.0617 0.0582 -0.9964
vn 0.4671 -0.0035 -0.8842
vn 0.7764 0.1027 -0.6218
vn 0.7260 0.1139 -0.6782
vn 0.5000 0.1773 -0.8477
vn 0.2446 0.2174 -0.9449
vn 0.2324 0.2502 -0.9399
vn 0.1408 0.3271 -0.9344
vn 0.3522 0.3305 -0.8756
vn 0.1183 0.0509 -0.9917
vn 0.2953 0.2441 -0.9237
vn 0.5540 0.4910 -0.6724
vn 0.5179 0.5055 -0.6901
vn 0.7296 0.6838 -0.0065
vn 0.6843 0.7173 0.1311
vn 0.6414 0.7664 0.0359
vn 0.7235 0.6903 0.0012
vn 0.9391 0.3431 -0.0177
vn 0.9971 0.0747 -0.0150
vn 0.2379 0.2025 -0.9499
vn -0.0492 0.1500 -0.9875
vn 0.9536 0.3002 -0.0216
vn 0.6783 0.7091 -0.1926
vn 0.3263 0.3474 -0.8791
vn -0.0328 0.0473 -0.9983
vn 0.0429 0.0854 -0.9954
vn 0.1408 -0.0756 -0.9871
vn 0.2709 -0.0262 -0.9622
vn 0.2502 0.3501 -0.9027
vn 0.0306 -0.2812 -0.9592
vn 0.0298 0.1327 -0.9907
vn -0.1090 -0.2173 -0.9700
vn -0.1240 0.3305 -0.9356
vn -0.1073 0.8505 -0.5149
vn -0.0995 0.9822 -0.1591
vn -0.0412 0.9345 -0.3535
vn -0.0390 0.9940 -0.1019
vn -0.0948 0.2163 -0.9717
vn -0.0958 -0.1096 -0.9894
vn -0.1599 0.0544 -0.9856
vn 0.2297 0.1465 -0.9622
vn 0.0284 0.0197 -0.9994
vn 0.0217 0.0179 -0.9996
vn 0.4408 0.4555 -0.7735
vn 0.0587 0.0679 -0.9960
vn 0.0179 0.0309 -0.9994
vn 0.2643 0.0537 -0.9629
vn 0.1604 0.0150 -0.9869
vn 0.2926 0.0408 -0.9554
vn 0.0522 -0.0088 -0.9986
vn 0.1486 0.1283 -0.9805
vn 0.1650 0.1605 -0.9731
vn 0.0342 0.0309 -0.9989
vn 0.2693 0.0991 -0.9579
vn -0.1081 0.0424 -0.9932
vn -0.3909 -0.0219 -0.9202
vn -0.2835 0.0155 -0.9589
vn -0.2145 0.0442 -0.9757
vn -0.0498 0.5052 -0.8616
vn -0.0220 0.9581 -0.2857
vn 0.0049 0.9996 0.0281
vn -0.0097 0.9787 0.2049
vn 0.0273 0.9973 0.0685
vn -0.0610 0.9964 0.0591
vn -0.0871 0.9024 -0.4219
vn -0.0862 0.9954 -0.0410
vn -0.0342 0.9887 0.1462
vn -0.0047 0.9990 0.0443
vn -0.0167 0.9996 -0.0239
vn -0.0081 0.9222 -0.3867
vn -0.0129 0.9999 -0.0018
vn 0.0001 0.9979 -0.0644
vn -0.0633 0.9935 0.0946
vn 0.0625 0.9824 -0.1759
vn 0.0027 -0.6224 -0.7827
vn 0.0121 0.4715 -0.8818
vn -0.0618 0.9449 -0.3215
vn 0.2057 0.9756 0.0772
vn 0.2456 0.9321 0.2661
vn 0.0772 0.9662 0.2459
vn 0.3874 0.9182 0.0833
vn 0.3291 0.9336 -0.1414
vn 0.0945 0.9921 -0.0820
vn 0.0880 0.9789 -0.1847
vn 0.0729 0.8780 -0.4731
vn 0.0597 0.5643 -0.8234
vn 0.0333 0.2602 -0.9650
vn 0.3193 0.3709 -0.8720
vn 0.3189 0.7059 -0.6325
vn 0.2444 0.9548 -0.1693
vn 0.1122 0.9830 0.1451
vn 0.3725 0.8666 -0.3320
vn 0.3451 0.2096 -0.9148
vn 0.0872 0.8763 -0.4737
vn -0.1329 0.9893 0.0606
vn -0.0532 0.9984 -0.0214
vn -0.0734 0.9783 -0.1937
vn -0.1886 0.9784 0.0851
vn -0.0502 0.9413 -0.3339
vn -0.2851 0.5167 -0.8073
vn 0.3509 0.1154 -0.9293
vn 0.3713 0.1054 -0.9225
vn 0.2885 -0.0299 -0.9570
vn 0.3823 -0.0439 -0.9230
vn -0.3864 0.0002 -0.9223
vn 0.4074 -0.0412 -0.9123
vn -0.3494 -0.0025 -0.9370
vn -0.1120 0.0636 -0.9917
vn 0.1538 -0.0565 -0.9865
vn 0.2605 0.0087 -0.9654
vn 0.2110 0.0410 -0.9766
vn -0.1657 0.1453 -0.9754
vn -0.1667 0.0139 -0.9859
vn -0.1865 0.0658 -0.9803
vn -0.2015 0.0568 -0.9778
vn 0.1565 0.0364 -0.9870
vn 0.4391 -0.0373 -0.8977
vn -0.2703 -0.0008 -0.9628
vn -0.1304 0.0761 -0.9885
vn 0.3121 0.0888 -0.9459
vn -0.0001 0.0467 -0.9989
vn 0.0242 -0.0199 -0.9995
vn 0.3318 0.0203 -0.9431
vn 0.1218 0.0562 -0.9910
vn -0.2565 0.0702 -0.9640
vn -0.0895 0.1762 -0.9803
vn -0.3212 0.0627 -0.9449
vn -0.0130 0.0099 -0.9999
vn 0.4891 -0.0260 -0.8719
vn 0.1190 0.0234 -0.9926
vn -0.2072 0.0421 -0.9774
vn -0.0180 0.0068 -0.9998
vn 0.0038 -0.0084 -1.0000
vn -0.0082 -0.0100 -0.9999
vn 0.0983 -0.0009 -0.9952
vn -0.0136 0.1055 -0.9943
vn 0.0151 0.1381 -0.9903
vn -0.0932 0.6142 -0.7836
vn -0.1520 0.9483 -0.2787
vn -0.0623 0.9931 -0.0991
vn -0.0192 0.9932 -0.1145
vn -0.1271 0.8850 0.4479
vn -0.0899 0.9947 -0.0509
vn 0.0256 0.8318 -0.5544
vn -0.0350 0.9965 0.0757
vn -0.1110 0.9936 0.0224
vn 0.0554 0.9861 0.1564
vn -0.0497 0.9946 -0.0910
vn -0.0883 0.9824 -0.1645
vn 0.0685 0.9754 -0.2098
vn 0.1437 0.9735 0.1777
vn 0.3381 0.3983 0.8527
vn 0.2554 0.8709 0.4200
vn 0.2039 0.9576 0.2036
vn 0.0050 0.9758 0.2187
vn 0.0540 0.9978 0.0397
vn -0.0219 0.9863 0.1635
vn -0.0463 0.9950 0.0889
vn 0.0004 0.9974 -0.0715
vn 0.0611 0.9977 0.0279
vn -0.0531 0.9945 -0.0903
vn 0.1700 0.9742 0.1483
vn 0.0337 0.9975 0.0626
vn -0.0185 0.9787 -0.2043
vn 0.0018 0.9856 0.1692
vn 0.1357 0.8792 0.4567
vn 0.1630 0.9830 0.0848
vn 0.1772 0.9733 -0.1456
vn 0.0293 0.9842 -0.1746
vn -0.0034 0.7345 -0.6786
vn 0.3023 0.2485 -0.9203
vn 0.4889 0.0636 -0.8700
vn 0.1935 0.0924 -0.9767
vn 0.4956 0.1673 -0.8523
vn -0.1287 0.2459 -0.9607
vn 0.2573 0.1733 -0.9507
vn 0.0956 0.2111 -0.9728
vn 0.4667 0.5753 -0.6718
vn 0.0798 0.2568 -0.9632
vn 0.0172 0.3052 -0.9521
vn -0.2154 0.1955 -0.9568
vn -0.5658 0.1987 -0.8002
vn -0.9149 -0.2386 -0.3256
vn -0.4565 0.2563 -0.8520
vn 0.1818 0.4526 -0.8730
vn 0.3007 0.9511 0.0703
vn -0.2203 0.1525 -0.9634
vn 0.1090 0.9658 -0.2352
vn 0.2282 0.9716 0.0626
vn -0.0724 0.6572 -0.7503
vn -0.1249 0.4162 -0.9006
vn -0.2083 0.1653 -0.9640
vn -0.0624 0.2843 -0.9567
vn 0.4634 0.8332 -0.3017
vn -0.4055 0.7517 -0.5202
vn -0.5941 -0.0836 -0.8000
vn -0.1003 -0.1223 -0.9874
vn -0.2925 0.5241 -0.7998
vn 0.1628 -0.4356 -0.8853
vn 0.2707 0.7269 -0.6312
vn -0.1257 0.9116 -0.3914
vn 0.0642 0.8636 -0.5001
vn 0.2349 0.2745 0.9325
vn -0.1057 0.9879 0.1137
vn 0.1282 0.9866 -0.1006
vn -0.1845 0.9525 0.2424
vn -0.2206 0.6764 0.7027
vn 0.1749 0.1878 -0.9665
vn 0.0763 0.9753 -0.2074
vn 0.4899 0.4307 -0.7579
vn 0.1615 0.8561 0.4909
vn 0.0710 0.9639 0.2566
vn -0.6068 0.3026 0.7350
vn -0.3889 -0.6481 0.6548
vn -0.4766 0.3535 0.8049
vn 0.1239 0.9893 0.0768
vn 0.0354 0.9940 -0.1032
vn -0.0685 0.9974 -0.0234
vn 0.0776 0.9914 -0.1052
vn -0.1890 0.9818 0.0158
vn -0.1505 0.8946 0.4208
vn 0.1064 0.9887 0.1058
vn -0.0971 0.9878 -0.1221
vn -0.4604 0.1800 -0.8693
vn -0.0835 0.8985 -0.4310
vn 0.2263 0.8840 0.4090
vn 0.0803 0.9750 0.2072
vn 0.1644 0.9669 0.1950
vn -0.2740 0.7239 -0.6332
vn -0.0014 -0.9419 -0.3358
vn -0.1889 -0.9008 -0.3911
vn -0.1835 -0.9733 -0.1382
vn 0.0592 -0.9592 0.2763
vn -0.0761 -0.9739 -0.2138
vn 0.1009 -0.9142 -0.3925
vn 0.1831 -0.9047 -0.3847
vn 0.3067 -0.8715 -0.3827
vn 0.4705 -0.8448 -0.2549
vn -0.3177 0.1199 -0.9406
vn 0.2425 -0.9144 -0.3241
vn 0.0581 -0.9660 -0.2521
vn 0.1236 -0.9893 -0.0778
vn 0.1670 -0.9859 -0.0111
vn -0.1772 -0.9512 -0.2526
vn -0.0180 -0.9513 -0.3076
vn 0.1952 -0.9697 -0.1472
vn -0.3678 -0.7726 -0.5174
vn -0.6935 0.6242 -0.3598
vn -0.4325 0.8937 -0.1197
vn -0.5017 0.8614 0.0794
vn -0.2400 0.9641 0.1140
vn -0.6289 0.7773 0.0171
vn -0.6825 0.7177 0.1384
vn -0.6909 0.6216 0.3691
vn -0.4807 0.4276 0.7655
vn -0.5794 0.7947 0.1810
vn -0.4369 0.8928 0.1097
vn -0.4438 0.7704 0.4579
vn -0.2107 0.9774 0.0169
vn -0.1318 0.9781 -0.1609
vn -0.0569 0.9982 -0.0167
vn -0.2142 0.8549 0.4726
vn -0.2885 0.3504 0.8911
vn -0.5014 0.4944 0.7101
vn -0.1991 0.1866 0.9621
vn -0.1465 0.1325 0.9803
vn -0.1553 0.1453 0.9771
vn -0.0217 0.0551 0.9982
vn -0.1422 0.8045 0.5767
vn -0.1978 0.2301 0.9528
vn -0.0642 0.0841 0.9944
vn -0.0534 0.0675 0.9963
vn -0.0735 0.1022 0.9920
vn -0.0230 0.3746 0.9269
vn -0.0702 0.8274 0.5572
vn -0.0540 0.9985 -0.0133
vn 0.0292 0.9689 0.2457
vn 0.2117 0.5247 0.8246
vn 0.0798 0.9967 0.0139
vn 0.0578 0.9920 0.1123
vn -0.0113 0.9651 -0.2617
vn -0.0570 0.9420 -0.3306
vn 0.0350 0.9993 0.0152
vn 0.1233 0.9544 0.2718
vn 0.0381 0.9840 0.1738
vn -0.0715 0.2830 0.9565
vn 0.2202 0.8004 0.5576
vn 0.3467 0.9348 -0.0770
vn -0.0336 0.2859 0.9577
vn -0.1433 0.4429 0.8851
vn -0.3270 0.3587 0.8743
vn -0.2915 0.0798 0.9532
vn -0.3211 0.2553 0.9120
vn -0.3081 0.3555 0.8824
vn -0.3618 0.4058 0.8393
vn -0.6229 0.7369 0.2625
vn -0.6341 0.7728 -0.0276
vn -0.6231 0.7819 -0.0221
vn -0.6125 0.7903 -0.0151
vn -0.5680 0.7478 0.3436
vn -0.8147 0.3851 0.4335
vn -0.8762 0.4819 -0.0105
vn -0.5937 0.8046 -0.0106
vn -0.8849 0.4658 -0.0063
vn -0.5794 0.8150 -0.0083
vn -0.8839 0.4676 0.0009
vn -0.5992 0.8006 -0.0027
vn -0.6584 0.7527 -0.0028
vn -0.6702 0.7421 0.0092
vn -0.6817 0.7313 0.0222
vn -0.6803 0.7323 0.0306
vn -0.6917 0.7209 0.0429
vn -0.7027 0.7090 0.0602
vn -0.6966 0.7067 0.1236
vn -0.6975 0.6934 -0.1809
vn -0.4913 0.4797 -0.7270
vn -0.1341 0.1016 -0.9857
vn -0.2403 0.0916 -0.9664
vn 0.0680 0.0318 -0.9972
vn 0.5634 -0.0211 -0.8259
vn 0.5628 -0.0113 -0.8265
vn -0.2090 0.0458 -0.9768
vn -0.0565 0.0420 -0.9975
vn -0.2301 0.2434 -0.9422
vn -0.2829 0.3002 -0.9110
vn -0.6265 0.6974 -0.3480
vn -0.2045 0.2087 -0.9564
vn -0.0497 0.1825 -0.9819
vn -0.5058 0.4257 -0.7503
vn -0.8527 0.1619 -0.4967
vn -0.8148 0.5222 -0.2520
vn -0.9907 0.1217 -0.0605
vn -0.9087 0.4173 0.0064
vn -0.9844 0.0374 -0.1720
vn -0.5451 0.6485 -0.5313
vn -0.6186 0.7845 -0.0433
vn -0.6502 0.7532 0.0994
vn -0.6504 0.7569 0.0636
vn -0.6026 0.7975 0.0305
vn -0.8796 0.4756 0.0087
vn -0.9956 0.0870 0.0351
vn -0.9974 0.0181 0.0694
vn -0.9974 0.0709 0.0083
vn -0.8713 0.4885 -0.0468
vn -0.8438 0.4706 -0.2581
vn -0.8813 0.2436 -0.4048
vn -0.5375 -0.6710 -0.5108
vn -0.5708 -0.3402 -0.7473
vn -0.9478 0.1081 -0.3001
vn -0.0146 0.9949 0.0995
vn -0.7408 -0.2537 -0.6220
vn -0.7692 -0.2629 -0.5825
vn -0.3591 0.9086 -0.2131
vn -0.3047 0.8734 -0.3800
vn 0.0171 0.9999 -0.0011
vn 0.0132 0.9995 -0.0297
vn -0.0612 0.9981 0.0054
vn -0.1839 0.9782 -0.0959
vn -0.2536 0.9666 -0.0369
vn -0.7199 0.6680 -0.1887
vn -0.0039 0.9940 0.1096
vn -0.8276 0.1503 -0.5409
vn -0.4902 -0.8585 -0.1503
vn -0.9446 -0.3087 -0.1112
vn -0.6173 0.7794 -0.1071
vn -0.0739 0.9949 -0.0688
vn -0.4014 0.9157 -0.0203
vn -0.6792 0.7293 0.0825
vn 0.0793 0.9966 0.0228
vn -0.4636 0.8854 0.0345
vn 0.0164 0.9999 0.0052
vn -0.9365 0.3413 0.0799
vn -0.9946 0.0767 0.0695
vn -0.9505 0.3099 -0.0245
vn -0.9910 0.1331 0.0135
vn -0.4783 0.8780 0.0180
vn -0.9961 0.0614 0.0629
vn -0.9987 0.0515 0.0045
vn -0.8721 0.4894 0.0005
vn -0.5863 0.8100 0.0102
vn -0.6314 0.7749 0.0296
vn -0.6298 0.7764 0.0238
vn -0.6184 0.7857 0.0165
vn -0.6038 0.7971 0.0010
vn -0.5923 0.8057 -0.0035
vn -0.5647 0.8253 0.0018
vn -0.5679 0.8231 0.0022
vn -0.7708 0.6371 -0.0011
vn -0.8730 0.4877 0.0058
vn -0.5613 0.8276 -0.0034
vn -0.5648 0.8252 0.0067
vn -0.8553 0.5181 -0.0027
vn -0.9958 0.0909 0.0103
vn -0.9970 0.0777 0.0041
vn -0.9973 0.0624 0.0390
vn -0.9983 0.0428 -0.0403
vn -0.9954 0.0827 -0.0485
vn -0.8066 0.1401 0.5743
vn -0.9268 0.0567 0.3712
vn -0.9664 0.1495 -0.2093
vn -0.8930 0.0010 -0.4501
vn -0.9979 0.0633 -0.0139
vn -0.9840 0.1274 0.1245
vn -0.9914 0.0874 0.0975
vn -0.9897 0.1429 0.0024
vn -0.9923 0.1211 -0.0267
vn -0.9961 0.0843 -0.0254
vn -0.8611 0.5084 -0.0003
vn -0.5768 0.8169 0.0101
vn -0.9981 0.0599 -0.0144
vn -0.9917 0.1268 -0.0235
vn -0.8624 -0.0718 -0.5010
vn -0.9664 0.1448 0.2126
vn -0.9933 0.1072 -0.0441
vn -0.9624 0.2603 -0.0778
vn -0.7087 0.7041 -0.0459
vn -0.6214 0.7834 -0.0139
vn -0.0132 0.9999 0.0103
vn -0.0389 0.9988 0.0314
vn -0.8377 0.5428 -0.0602
vn -0.6712 -0.7372 -0.0779
vn -0.0803 -0.9965 -0.0247
vn 0.0278 -0.9994 -0.0187
vn 0.0884 -0.9959 -0.0196
vn 0.0774 -0.9967 0.0258
vn -0.4901 -0.8709 -0.0379
vn -0.9939 0.1030 -0.0391
vn -0.9408 -0.3388 -0.0082
vn -0.2595 -0.9657 0.0014
vn -0.2660 -0.9640 -0.0006
vn 0.1489 -0.9885 0.0243
vn 0.0850 -0.9963 0.0093
vn -0.7217 0.6921 -0.0070
vn -0.0172 0.9997 -0.0153
vn 0.0180 0.9998 -0.0043
vn -0.0470 0.9989 0.0051
vn -0.0859 0.9953 -0.0447
vn -0.0501 0.9979 -0.0421
vn -0.5097 0.8603 0.0060
vn -0.9996 -0.0289 -0.0080
vn -0.7908 -0.6107 0.0413
vn -0.0758 0.9971 0.0041
vn -0.0295 0.9995 0.0136
vn -0.4325 0.9014 0.0202
vn -0.5524 0.8336 0.0060
vn -0.6729 0.7395 -0.0192
vn -0.0830 0.9965 0.0077
vn -0.0509 0.9987 0.0060
vn -0.0355 0.9994 -0.0007
vn -0.1072 0.9934 -0.0419
vn -0.5112 0.8585 -0.0402
vn -0.6611 0.7494 0.0371
vn -0.9271 0.3624 0.0952
vn -0.9575 0.2814 0.0635
vn -0.0896 0.9958 0.0181
vn -0.6593 0.7518 -0.0109
vn 0.0153 0.9998 -0.0092
vn -0.9905 0.1039 0.0896
vn -0.4056 0.9129 0.0468
vn -0.8899 -0.4448 0.1011
vn -0.0107 0.9997 0.0197
vn -0.4260 0.8966 0.1210
vn -0.8240 0.5592 0.0914
vn -0.6449 0.7093 -0.2846
vn -0.7779 -0.1950 -0.5974
vn -0.9463 -0.2650 -0.1852
vn -0.9398 -0.3168 -0.1278
vn -0.7864 -0.0132 0.6176
vn -0.4365 0.5433 0.7172
vn 0.3762 0.8684 0.3232
vn 0.2812 0.9480 0.1489
vn 0.0255 0.9688 0.2464
vn -0.9008 -0.2464 0.3576
vn -0.9597 -0.2696 0.0797
vn -0.8847 0.3925 -0.2517
vn -0.3069 0.9465 0.0998
vn -0.1375 0.9905 0.0069
vn -0.0740 0.9969 -0.0276
vn 0.0502 0.9987 -0.0063
vn -0.7815 0.6098 0.1320
vn -0.8718 0.4645 0.1557
vn -0.3289 0.9414 0.0748
vn -0.0785 0.9804 0.1805
vn -0.2907 0.8673 0.4041
vn -0.7417 0.1724 0.6482
vn -0.5997 -0.4076 0.6887
vn -0.4645 -0.6377 0.6145
vn -0.3006 -0.7424 0.5988
vn -0.2594 -0.7432 0.6168
vn -0.4832 -0.6171 0.6210
vn -0.1928 -0.8237 0.5332
vn -0.0280 0.9973 -0.0681
vn -0.0519 0.9966 -0.0647
vn -0.1437 -0.9075 0.3947
vn -0.0662 -0.8445 0.5314
vn -0.2145 0.6213 0.7536
vn -0.6884 0.3505 0.6351
vn -0.6945 0.2948 0.6563
vn -0.7833 -0.1474 0.6039
vn -0.8114 -0.4078 0.4186
vn -0.7822 0.3099 0.5405
vn -0.6837 -0.5154 0.5166
vn -0.4440 -0.2279 0.8666
vn -0.4986 0.5593 0.6623
vn -0.4904 0.8392 0.2351
vn -0.1836 0.9626 -0.1993
vn 0.2973 0.9420 -0.1560
vn 0.3351 0.9410 -0.0475
vn -0.8426 0.5072 0.1812
vn -0.1532 0.9655 -0.2104
vn 0.2537 0.9527 -0.1675
vn -0.4304 0.8910 0.1443
vn -0.1516 0.9845 0.0884
vn 0.1037 0.9941 -0.0320
vn 0.5705 0.8198 0.0495
vn 0.7145 0.6864 0.1352
vn 0.2539 0.8246 0.5056
vn 0.6915 0.5358 0.4846
vn 0.9723 0.2097 0.1034
vn 0.9617 0.2710 0.0423
vn 0.2252 0.9530 0.2027
vn 0.4864 0.8501 0.2020
vn 0.4445 0.8948 0.0409
vn 0.1771 0.9825 -0.0586
vn 0.5210 0.8518 0.0544
vn 0.8525 0.5227 -0.0075
vn 0.3147 0.9424 -0.1134
vn 0.3422 0.9234 -0.1738
vn 0.9042 0.3313 -0.2698
vn 0.7658 0.6430 -0.0121
vn 0.1863 0.9720 0.1434
vn 0.0803 0.9947 0.0638
vn 0.0042 0.9921 -0.1253
vn 0.2204 0.9706 -0.0965
vn 0.0459 0.9971 -0.0607
vn 0.1478 0.9885 -0.0326
vn -0.0412 0.9982 0.0431
vn 0.0506 0.9987 -0.0000
vn 0.1774 0.9841 0.0001
vn 0.7851 0.6148 -0.0750
vn 0.1843 0.9821 -0.0401
vn 0.9579 0.2860 -0.0255
vn 0.8581 0.5135 0.0066
vn 0.8948 0.4450 -0.0365
vn 0.6135 0.7897 0.0018
vn 0.8058 0.5920 0.0148
vn 0.7252 0.6880 0.0287
vn 0.2725 0.9610 -0.0468
vn 0.0231 0.9994 -0.0276
vn 0.9412 0.3370 -0.0256
vn 0.2021 -0.9794 0.0037
vn -0.1845 -0.9828 0.0104
vn 0.0350 -0.9994 -0.0019
vn 0.6071 -0.7946 0.0042
vn 0.8257 0.5613 -0.0563
vn 0.0797 0.9967 -0.0149
vn 0.0918 0.9955 -0.0216
vn -0.0167 0.9994 -0.0296
vn 0.1600 0.9871 0.0072
vn 0.6734 0.7392 -0.0067
vn 0.5354 0.8437 0.0375
vn 0.0832 0.9965 -0.0078
vn 0.2528 0.9673 -0.0193
vn 0.8597 -0.5094 -0.0382
vn 0.1067 -0.9942 -0.0154
vn 0.1918 -0.9814 -0.0111
vn 0.9997 0.0114 -0.0218
vn 0.8478 0.5301 -0.0177
vn 0.1100 0.9939 -0.0081
vn 0.3106 0.9505 -0.0056
vn 0.8084 0.5733 -0.1336
vn 0.4660 -0.8834 -0.0488
vn 0.9832 0.0085 -0.1825
vn 0.8922 0.3445 -0.2920
vn 0.5288 -0.8410 -0.1144
vn 0.2078 -0.9780 -0.0177
vn -0.1399 -0.9899 0.0234
vn -0.0799 -0.9968 0.0068
vn 0.6407 -0.6933 -0.3299
vn 0.8096 0.2795 -0.5161
vn 0.1597 0.9869 -0.0242
vn -0.0949 0.9697 0.2250
vn 0.8945 0.4429 0.0605
vn 0.1995 0.8964 -0.3959
vt 0.058994 0.018438
vt 0.057911 0.063398
vt 0.047921 0.018201
vt 0.049005 0.063636
vt 0.038175 0.017845
vt 0.040100 0.063754
vt 0.029750 0.017608
vt 0.031435 0.063873
vt 0.022049 0.017370
vt 0.022651 0.063992
vt 0.013866 0.017133
vt 0.013986 0.064110
vt 0.022771 0.104681
vt 0.014106 0.104444
vt 0.031435 0.104800
vt 0.040220 0.104800
vt 0.048885 0.104800
vt 0.057549 0.104800
vt 0.066094 0.104800
vt 0.067057 0.063161
vt 0.070186 0.018794
vt 0.076322 0.062924
vt 0.079812 0.019150
vt 0.085709 0.062924
vt 0.087635 0.019387
vt 0.094976 0.063636
vt 0.095576 0.019624
vt 0.104001 0.064703
vt 0.105686 0.019862
vt 0.112785 0.065652
vt 0.117359 0.020217
vt 0.121330 0.066601
vt 0.129032 0.020573
vt 0.117359 0.106579
vt 0.108815 0.106223
vt 0.100270 0.105749
vt 0.091726 0.105393
vt 0.083181 0.105037
vt 0.074638 0.104919
vt 0.072953 0.145846
vt 0.081377 0.145964
vt 0.089922 0.146320
vt 0.098345 0.146557
vt 0.106648 0.146913
vt 0.115072 0.147269
vt 0.111462 0.189145
vt 0.103399 0.189145
vt 0.095456 0.189027
vt 0.087393 0.189027
vt 0.079211 0.188908
vt 0.071028 0.188789
vt 0.064530 0.145846
vt 0.055985 0.145846
vt 0.047561 0.145846
vt 0.039258 0.145846
vt 0.030834 0.145727
vt 0.022409 0.145608
vt 0.014106 0.145371
vt 0.023011 0.187366
vt 0.015068 0.187366
vt 0.108815 0.233157
vt 0.030954 0.187603
vt 0.038896 0.187722
vt 0.046839 0.187959
vt 0.054902 0.188315
vt 0.062965 0.188552
vt 0.069704 0.233038
vt 0.077405 0.233157
vt 0.085228 0.233157
vt 0.093049 0.233157
vt 0.100872 0.233157
vt 0.107731 0.281201
vt 0.099668 0.280964
vt 0.105084 0.331500
vt 0.091847 0.280845
vt 0.083904 0.280727
vt 0.076082 0.280490
vt 0.068139 0.280371
vt 0.061881 0.232801
vt 0.054060 0.232563
vt 0.046117 0.232207
vt 0.038175 0.231852
vt 0.030112 0.231614
vt 0.022049 0.231614
vt 0.013986 0.231614
vt 0.020725 0.279659
vt 0.012783 0.279659
vt 0.028668 0.279778
vt 0.036610 0.279896
vt 0.044552 0.280015
vt 0.052375 0.280134
vt 0.060318 0.280252
vt 0.066334 0.331025
vt 0.074156 0.331263
vt 0.081979 0.331263
vt 0.089800 0.331263
vt 0.097383 0.331381
vt 0.099910 0.375749
vt 0.092689 0.375393
vt 0.098585 0.420353
vt 0.085588 0.375155
vt 0.078609 0.375037
vt 0.071749 0.374918
vt 0.064890 0.374681
vt 0.058632 0.330670
vt 0.050810 0.330314
vt 0.043229 0.329958
vt 0.035647 0.329721
vt 0.028065 0.329602
vt 0.020484 0.329602
vt 0.012903 0.329721
vt 0.021447 0.374562
vt 0.013986 0.374562
vt 0.028908 0.374444
vt 0.036369 0.374562
vt 0.043710 0.374562
vt 0.050930 0.374562
vt 0.057911 0.374681
vt 0.063807 0.417981
vt 0.070786 0.418099
vt 0.077647 0.418574
vt 0.084626 0.419048
vt 0.091606 0.419760
vt 0.098225 0.463415
vt 0.091485 0.463178
vt 0.093772 0.506834
vt 0.084506 0.463059
vt 0.077405 0.462822
vt 0.070064 0.462704
vt 0.062723 0.462585
vt 0.056827 0.418218
vt 0.049848 0.418574
vt 0.042867 0.419167
vt 0.035888 0.419641
vt 0.028788 0.419879
vt 0.021687 0.419879
vt 0.014588 0.419641
vt 0.021327 0.462466
vt 0.014708 0.462466
vt 0.027945 0.462348
vt 0.034684 0.462348
vt 0.041423 0.462348
vt 0.048403 0.462348
vt 0.055504 0.462348
vt 0.061881 0.506715
vt 0.068139 0.506834
vt 0.074397 0.506834
vt 0.080654 0.506834
vt 0.087153 0.506834
vt 0.094013 0.554522
vt 0.087635 0.554641
vt 0.090522 0.617159
vt 0.081136 0.554641
vt 0.074518 0.554760
vt 0.067899 0.554760
vt 0.061160 0.554641
vt 0.055624 0.506596
vt 0.049246 0.506478
vt 0.042867 0.506359
vt 0.036129 0.506122
vt 0.029390 0.506003
vt 0.022651 0.506003
vt 0.015911 0.506122
vt 0.022289 0.554167
vt 0.015911 0.554285
vt 0.028668 0.554167
vt 0.034926 0.554048
vt 0.041303 0.554167
vt 0.047801 0.554285
vt 0.054420 0.554522
vt 0.060558 0.617277
vt 0.066455 0.617277
vt 0.072351 0.617277
vt 0.078369 0.617277
vt 0.084386 0.617277
vt 0.089680 0.693081
vt 0.083784 0.692844
vt 0.087755 0.776003
vt 0.078007 0.692607
vt 0.071991 0.692488
vt 0.066094 0.692369
vt 0.060196 0.692369
vt 0.054662 0.617277
vt 0.048644 0.617159
vt 0.042507 0.617040
vt 0.036369 0.616921
vt 0.030112 0.616803
vt 0.023854 0.616921
vt 0.017717 0.617040
vt 0.024936 0.693081
vt 0.019040 0.693081
vt 0.030834 0.692963
vt 0.036610 0.692844
vt 0.042507 0.692725
vt 0.048403 0.692488
vt 0.054300 0.692369
vt 0.059836 0.775647
vt 0.065492 0.775647
vt 0.071028 0.775766
vt 0.076683 0.775766
vt 0.082219 0.775884
vt 0.090642 0.857026
vt 0.084506 0.857026
vt 0.091847 0.929509
vt 0.078489 0.856908
vt 0.072351 0.856908
vt 0.066334 0.856908
vt 0.060196 0.856908
vt 0.054300 0.775647
vt 0.048644 0.775647
vt 0.043109 0.775647
vt 0.037573 0.775647
vt 0.031917 0.775766
vt 0.026381 0.775766
vt 0.020845 0.775884
vt 0.023493 0.856908
vt 0.017235 0.857026
vt 0.029510 0.856789
vt 0.035647 0.856789
vt 0.041785 0.856789
vt 0.047922 0.856789
vt 0.054060 0.856789
vt 0.059956 0.929034
vt 0.066214 0.928441
vt 0.072591 0.928441
vt 0.078970 0.928441
vt 0.085348 0.928916
vt 0.093772 0.988823
vt 0.088115 0.988705
vt 0.082339 0.988467
vt 0.075720 0.988230
vt 0.068139 0.987993
vt 0.060438 0.987874
vt 0.053819 0.929627
vt 0.047561 0.929865
vt 0.041303 0.929983
vt 0.034926 0.930102
vt 0.028547 0.929865
vt 0.022049 0.929509
vt 0.015550 0.929153
vt 0.019160 0.986569
vt 0.012903 0.986451
vt 0.026501 0.986807
vt 0.034083 0.987044
vt 0.041063 0.987281
vt 0.047321 0.987400
vt 0.053458 0.987637
vt 0.803911 0.066289
vt 0.790385 0.057732
vt 0.819877 0.067023
vt 0.816497 0.051865
vt 0.813115 0.036950
vt 0.842419 0.045998
vt 0.842982 0.030106
vt 0.835658 0.015924
vt 0.809546 0.021792
vt 0.806166 0.006879
vt 0.783623 0.027659
vt 0.792077 0.014214
vt 0.833966 0.059443
vt 0.783061 0.043796
vt 0.822132 0.007367
vt 0.114832 0.984197
vt 0.124218 0.984197
vt 0.120368 0.935440
vt 0.128911 0.935678
vt 0.133605 0.984197
vt 0.137577 0.935915
vt 0.142269 0.984197
vt 0.122533 0.893564
vt 0.131078 0.893564
vt 0.125422 0.851688
vt 0.133605 0.851688
vt 0.126625 0.808507
vt 0.139742 0.893683
vt 0.146240 0.936152
vt 0.150452 0.984197
vt 0.154906 0.936508
vt 0.158997 0.984197
vt 0.163569 0.936745
vt 0.168865 0.984197
vt 0.172234 0.937101
vt 0.179816 0.984197
vt 0.181020 0.937576
vt 0.190766 0.984197
vt 0.189924 0.937931
vt 0.200394 0.984197
vt 0.199071 0.938287
vt 0.208697 0.984197
vt 0.208096 0.938287
vt 0.217242 0.984197
vt 0.217122 0.937813
vt 0.228073 0.984197
vt 0.225906 0.937101
vt 0.216158 0.895106
vt 0.224703 0.894988
vt 0.216400 0.853349
vt 0.224703 0.853349
vt 0.217603 0.809812
vt 0.225786 0.810049
vt 0.218085 0.763665
vt 0.226268 0.763903
vt 0.219529 0.714316
vt 0.227711 0.714316
vt 0.220130 0.662356
vt 0.228073 0.662475
vt 0.219649 0.614905
vt 0.227350 0.615023
vt 0.219529 0.570419
vt 0.226990 0.570300
vt 0.220491 0.526170
vt 0.227832 0.526289
vt 0.219769 0.481091
vt 0.226748 0.481210
vt 0.220130 0.433995
vt 0.226990 0.433995
vt 0.219889 0.370648
vt 0.226268 0.370410
vt 0.220732 0.297335
vt 0.226869 0.297335
vt 0.221935 0.218447
vt 0.227952 0.218565
vt 0.224463 0.142049
vt 0.230600 0.142168
vt 0.226508 0.075143
vt 0.232284 0.075854
vt 0.228073 0.019506
vt 0.234209 0.019506
vt 0.221694 0.019506
vt 0.220612 0.074787
vt 0.215316 0.019506
vt 0.218325 0.142049
vt 0.216038 0.218328
vt 0.214595 0.297453
vt 0.213511 0.370766
vt 0.213391 0.433995
vt 0.212789 0.480854
vt 0.213151 0.526052
vt 0.212188 0.570537
vt 0.211946 0.614786
vt 0.212188 0.662119
vt 0.211346 0.714197
vt 0.209901 0.763428
vt 0.209419 0.809575
vt 0.208217 0.853349
vt 0.207735 0.895225
vt 0.199311 0.895344
vt 0.199913 0.853349
vt 0.201116 0.809338
vt 0.201838 0.763191
vt 0.203283 0.714078
vt 0.204125 0.662000
vt 0.204365 0.614667
vt 0.204847 0.570537
vt 0.205690 0.526052
vt 0.205930 0.480735
vt 0.206652 0.433995
vt 0.207133 0.370885
vt 0.208457 0.297453
vt 0.210142 0.218328
vt 0.212188 0.141931
vt 0.214715 0.074905
vt 0.209299 0.019506
vt 0.208817 0.075261
vt 0.203523 0.019506
vt 0.206050 0.141931
vt 0.204245 0.218209
vt 0.202199 0.297335
vt 0.200756 0.370885
vt 0.199913 0.433877
vt 0.199071 0.480735
vt 0.198229 0.526170
vt 0.197506 0.570537
vt 0.196784 0.614549
vt 0.196062 0.661882
vt 0.195099 0.713960
vt 0.193775 0.762954
vt 0.192693 0.809100
vt 0.191488 0.853349
vt 0.190888 0.895344
vt 0.182463 0.895106
vt 0.183185 0.853112
vt 0.184389 0.808982
vt 0.185712 0.762835
vt 0.186916 0.713841
vt 0.187999 0.661882
vt 0.189203 0.614549
vt 0.190165 0.570419
vt 0.190766 0.526170
vt 0.192090 0.480854
vt 0.193053 0.433758
vt 0.194377 0.370648
vt 0.196062 0.297216
vt 0.198229 0.218209
vt 0.199913 0.142049
vt 0.203041 0.075973
vt 0.197747 0.019506
vt 0.197145 0.076804
vt 0.191850 0.019506
vt 0.193895 0.142049
vt 0.192331 0.218209
vt 0.189804 0.297098
vt 0.187999 0.370292
vt 0.186194 0.433521
vt 0.185111 0.480972
vt 0.183427 0.526170
vt 0.182704 0.570300
vt 0.181500 0.614549
vt 0.180056 0.661882
vt 0.178733 0.713723
vt 0.177529 0.762835
vt 0.176086 0.808982
vt 0.174762 0.852874
vt 0.174039 0.894988
vt 0.165496 0.894632
vt 0.166458 0.852637
vt 0.167661 0.808982
vt 0.169346 0.762835
vt 0.170550 0.713604
vt 0.171994 0.661882
vt 0.173799 0.614549
vt 0.175364 0.569944
vt 0.176086 0.526170
vt 0.178131 0.481091
vt 0.179335 0.433402
vt 0.181620 0.369936
vt 0.183667 0.296979
vt 0.186314 0.218209
vt 0.187999 0.142049
vt 0.191008 0.077515
vt 0.185712 0.019506
vt 0.184750 0.077871
vt 0.179695 0.019506
vt 0.182102 0.142049
vt 0.180418 0.218091
vt 0.177649 0.296742
vt 0.175243 0.369580
vt 0.172475 0.433284
vt 0.171030 0.481091
vt 0.168985 0.526052
vt 0.167781 0.569707
vt 0.166096 0.614549
vt 0.164051 0.661882
vt 0.162367 0.713485
vt 0.161162 0.762835
vt 0.159478 0.808982
vt 0.158155 0.852281
vt 0.156951 0.894276
vt 0.148407 0.893920
vt 0.141788 0.851807
vt 0.149972 0.852044
vt 0.151174 0.808982
vt 0.152859 0.762835
vt 0.154183 0.713248
vt 0.156108 0.661763
vt 0.158275 0.614430
vt 0.160320 0.569470
vt 0.161885 0.525814
vt 0.163931 0.480972
vt 0.165616 0.433046
vt 0.168745 0.369343
vt 0.171632 0.296504
vt 0.174401 0.218091
vt 0.176086 0.141931
vt 0.178371 0.077634
vt 0.173919 0.019506
vt 0.172114 0.076922
vt 0.168503 0.019506
vt 0.170188 0.141694
vt 0.168383 0.217972
vt 0.165616 0.296386
vt 0.162246 0.369105
vt 0.158877 0.432928
vt 0.156831 0.480854
vt 0.154785 0.525577
vt 0.152739 0.569232
vt 0.150574 0.614193
vt 0.148167 0.661644
vt 0.146000 0.713129
vt 0.144676 0.762835
vt 0.142991 0.808982
vt 0.134808 0.808744
vt 0.128069 0.762360
vt 0.136372 0.762598
vt 0.137817 0.713011
vt 0.140224 0.661407
vt 0.142751 0.613956
vt 0.145278 0.568995
vt 0.147685 0.525221
vt 0.149730 0.480498
vt 0.152017 0.432809
vt 0.155748 0.369105
vt 0.159599 0.296267
vt 0.162367 0.217735
vt 0.164292 0.141456
vt 0.166096 0.075854
vt 0.163089 0.019506
vt 0.160200 0.074668
vt 0.158275 0.141100
vt 0.156350 0.217497
vt 0.153581 0.296149
vt 0.149369 0.369105
vt 0.145278 0.432691
vt 0.142631 0.480023
vt 0.140584 0.524984
vt 0.137817 0.568877
vt 0.135049 0.613600
vt 0.132281 0.661051
vt 0.129634 0.712774
vt 0.733301 0.102980
vt 0.749247 0.112990
vt 0.724484 0.086134
vt 0.754686 0.095655
vt 0.760126 0.078076
vt 0.784887 0.104933
vt 0.795017 0.089063
vt 0.795768 0.070019
vt 0.765566 0.060741
vt 0.771007 0.043163
vt 0.735365 0.051220
vt 0.752060 0.042430
vt 0.768192 0.113723
vt 0.725235 0.067333
vt 0.786951 0.053416
vt 0.382590 0.985146
vt 0.389209 0.929627
vt 0.391736 0.985146
vt 0.397512 0.930102
vt 0.401003 0.985146
vt 0.405695 0.930458
vt 0.409547 0.985146
vt 0.413879 0.930814
vt 0.417730 0.985146
vt 0.422182 0.931051
vt 0.426274 0.985146
vt 0.430485 0.931170
vt 0.435781 0.985146
vt 0.438790 0.931288
vt 0.446251 0.985146
vt 0.447093 0.931288
vt 0.456720 0.985146
vt 0.455637 0.931407
vt 0.466107 0.985146
vt 0.464182 0.931644
vt 0.474290 0.985146
vt 0.472726 0.931644
vt 0.482714 0.985146
vt 0.481269 0.931407
vt 0.492944 0.985146
vt 0.489453 0.931170
vt 0.481149 0.889056
vt 0.489333 0.889056
vt 0.390293 0.887751
vt 0.398475 0.887870
vt 0.391496 0.845638
vt 0.473086 0.888938
vt 0.465024 0.888938
vt 0.456841 0.888819
vt 0.448658 0.888700
vt 0.440355 0.888582
vt 0.432050 0.888463
vt 0.423626 0.888226
vt 0.415203 0.888107
vt 0.406779 0.887989
vt 0.399799 0.845401
vt 0.393421 0.801745
vt 0.401604 0.801627
vt 0.394263 0.756073
vt 0.407982 0.845282
vt 0.416286 0.845282
vt 0.424709 0.845401
vt 0.433014 0.845638
vt 0.441317 0.846113
vt 0.449500 0.846587
vt 0.457684 0.846943
vt 0.465745 0.847299
vt 0.473929 0.847417
vt 0.482112 0.847299
vt 0.490175 0.847180
vt 0.483196 0.803169
vt 0.491499 0.803050
vt 0.475013 0.803169
vt 0.466709 0.803050
vt 0.458406 0.802813
vt 0.450101 0.802576
vt 0.441918 0.802101
vt 0.433856 0.801864
vt 0.425793 0.801627
vt 0.417730 0.801508
vt 0.409667 0.801508
vt 0.402446 0.756310
vt 0.394505 0.706961
vt 0.402688 0.707317
vt 0.397512 0.655120
vt 0.410509 0.756666
vt 0.418572 0.756785
vt 0.426635 0.757022
vt 0.434819 0.756904
vt 0.442882 0.756785
vt 0.451065 0.756666
vt 0.459248 0.756548
vt 0.467552 0.756548
vt 0.475855 0.756666
vt 0.484158 0.756904
vt 0.492342 0.757141
vt 0.484760 0.707791
vt 0.492944 0.707910
vt 0.476697 0.707673
vt 0.468634 0.707673
vt 0.460571 0.707673
vt 0.452508 0.707791
vt 0.444325 0.708028
vt 0.436021 0.708147
vt 0.427718 0.708147
vt 0.419415 0.708028
vt 0.410991 0.707673
vt 0.405335 0.655357
vt 0.400521 0.607668
vt 0.408102 0.608143
vt 0.401966 0.563301
vt 0.413278 0.655594
vt 0.421099 0.655832
vt 0.429042 0.655950
vt 0.436984 0.656069
vt 0.444927 0.656069
vt 0.452750 0.656188
vt 0.460691 0.656188
vt 0.468634 0.656188
vt 0.476457 0.656188
vt 0.484399 0.656188
vt 0.492221 0.656069
vt 0.483676 0.608380
vt 0.491379 0.608499
vt 0.475975 0.608380
vt 0.468274 0.608380
vt 0.460571 0.608499
vt 0.452990 0.608736
vt 0.445409 0.608973
vt 0.437948 0.608973
vt 0.430485 0.608973
vt 0.423024 0.608855
vt 0.415563 0.608499
vt 0.409306 0.563657
vt 0.402446 0.519408
vt 0.409787 0.519408
vt 0.403770 0.473973
vt 0.416647 0.564131
vt 0.424108 0.564369
vt 0.431569 0.564606
vt 0.439030 0.564606
vt 0.446491 0.564487
vt 0.453952 0.564250
vt 0.461173 0.564131
vt 0.468394 0.564013
vt 0.475613 0.563894
vt 0.482834 0.563894
vt 0.490175 0.563894
vt 0.483556 0.520476
vt 0.490777 0.520120
vt 0.476215 0.520713
vt 0.468995 0.520595
vt 0.461775 0.520476
vt 0.454434 0.520239
vt 0.447093 0.520001
vt 0.439632 0.519764
vt 0.432171 0.519646
vt 0.424709 0.519527
vt 0.417248 0.519408
vt 0.410991 0.473736
vt 0.404853 0.426522
vt 0.412074 0.426640
vt 0.406900 0.364360
vt 0.418332 0.473618
vt 0.425673 0.473499
vt 0.432892 0.473618
vt 0.440233 0.473855
vt 0.447454 0.474329
vt 0.454795 0.474804
vt 0.462016 0.475160
vt 0.469356 0.475397
vt 0.476697 0.475397
vt 0.484038 0.475160
vt 0.491259 0.474685
vt 0.484639 0.427115
vt 0.491980 0.426996
vt 0.477299 0.427234
vt 0.469837 0.427234
vt 0.462376 0.427234
vt 0.455035 0.427234
vt 0.447816 0.427115
vt 0.440595 0.426996
vt 0.433494 0.426996
vt 0.426395 0.426878
vt 0.419295 0.426759
vt 0.413758 0.364479
vt 0.409186 0.291285
vt 0.415925 0.291403
vt 0.411833 0.214057
vt 0.420739 0.364597
vt 0.427838 0.364716
vt 0.434819 0.364835
vt 0.441918 0.364953
vt 0.448898 0.364953
vt 0.455757 0.364953
vt 0.462618 0.364953
vt 0.469356 0.364953
vt 0.476095 0.364835
vt 0.482834 0.364716
vt 0.489694 0.364716
vt 0.482594 0.291641
vt 0.489333 0.291522
vt 0.475855 0.291759
vt 0.468995 0.291759
vt 0.462256 0.291759
vt 0.455517 0.291759
vt 0.448898 0.291759
vt 0.442280 0.291759
vt 0.435661 0.291641
vt 0.429042 0.291641
vt 0.422544 0.291522
vt 0.418090 0.214295
vt 0.412796 0.138372
vt 0.418933 0.138372
vt 0.413156 0.072414
vt 0.424349 0.214532
vt 0.430607 0.214650
vt 0.436864 0.214650
vt 0.443242 0.214650
vt 0.449500 0.214650
vt 0.455637 0.214532
vt 0.461895 0.214413
vt 0.468152 0.214295
vt 0.474290 0.214176
vt 0.480547 0.214176
vt 0.486685 0.214176
vt 0.480547 0.138846
vt 0.486685 0.138609
vt 0.474531 0.138846
vt 0.468394 0.138965
vt 0.462256 0.138965
vt 0.455999 0.138846
vt 0.449861 0.138728
vt 0.443603 0.138491
vt 0.437346 0.138372
vt 0.431208 0.138372
vt 0.424951 0.138372
vt 0.419174 0.072533
vt 0.415203 0.017608
vt 0.420137 0.017608
vt 0.425191 0.072177
vt 0.431087 0.071821
vt 0.436984 0.071465
vt 0.442760 0.071347
vt 0.448537 0.071347
vt 0.454314 0.071465
vt 0.460211 0.071702
vt 0.465987 0.072058
vt 0.471883 0.072533
vt 0.477780 0.072770
vt 0.483796 0.072651
vt 0.479705 0.017608
vt 0.485603 0.017608
vt 0.473208 0.017608
vt 0.466829 0.017608
vt 0.460811 0.017608
vt 0.455397 0.017608
vt 0.449981 0.017608
vt 0.443964 0.017608
vt 0.437226 0.017608
vt 0.430847 0.017608
vt 0.425071 0.017608
vt 0.864072 0.065161
vt 0.850723 0.056716
vt 0.879828 0.065885
vt 0.876305 0.050926
vt 0.872970 0.036208
vt 0.902075 0.045135
vt 0.902631 0.029452
vt 0.895402 0.015458
vt 0.869632 0.021249
vt 0.866295 0.006529
vt 0.844050 0.027039
vt 0.852391 0.013768
vt 0.893732 0.058406
vt 0.843307 0.042723
vt 0.882053 0.007014
vt 0.307256 0.064466
vt 0.296186 0.020692
vt 0.299315 0.064703
vt 0.286798 0.020573
vt 0.306656 0.020929
vt 0.315319 0.064229
vt 0.317124 0.021167
vt 0.323503 0.063873
vt 0.326391 0.021404
vt 0.331686 0.063754
vt 0.333973 0.021522
vt 0.339869 0.064229
vt 0.341674 0.021641
vt 0.347932 0.064941
vt 0.351061 0.021878
vt 0.355754 0.065652
vt 0.361892 0.022116
vt 0.363336 0.066246
vt 0.372722 0.022234
vt 0.361410 0.105393
vt 0.353709 0.105274
vt 0.346007 0.105037
vt 0.338305 0.104919
vt 0.330603 0.104800
vt 0.322901 0.104800
vt 0.315079 0.104800
vt 0.307378 0.104681
vt 0.299675 0.104681
vt 0.291612 0.064941
vt 0.278857 0.020455
vt 0.283791 0.065178
vt 0.271276 0.020217
vt 0.276088 0.065296
vt 0.263333 0.020099
vt 0.268387 0.065534
vt 0.276450 0.104681
vt 0.268747 0.104681
vt 0.275968 0.144422
vt 0.268267 0.144185
vt 0.275367 0.184637
vt 0.267665 0.184519
vt 0.274765 0.228530
vt 0.266942 0.228649
vt 0.274283 0.276219
vt 0.266342 0.276219
vt 0.274645 0.326280
vt 0.266942 0.326399
vt 0.275246 0.372546
vt 0.267665 0.372546
vt 0.275968 0.416082
vt 0.268747 0.416320
vt 0.274885 0.459263
vt 0.267304 0.459382
vt 0.275126 0.503987
vt 0.267905 0.503987
vt 0.274645 0.550964
vt 0.267184 0.551082
vt 0.274885 0.614074
vt 0.267665 0.613837
vt 0.275607 0.687624
vt 0.268627 0.687624
vt 0.276330 0.768529
vt 0.269469 0.768766
vt 0.277894 0.848011
vt 0.271396 0.848129
vt 0.278857 0.919188
vt 0.272719 0.919663
vt 0.276088 0.982299
vt 0.270071 0.982180
vt 0.360568 0.144659
vt 0.283911 0.982417
vt 0.284993 0.918832
vt 0.292094 0.982536
vt 0.284513 0.848011
vt 0.283189 0.768529
vt 0.282587 0.687506
vt 0.282346 0.614074
vt 0.282226 0.550845
vt 0.282346 0.503868
vt 0.282587 0.459263
vt 0.283189 0.415964
vt 0.282828 0.372427
vt 0.282346 0.326280
vt 0.282226 0.276219
vt 0.282707 0.228530
vt 0.282948 0.184756
vt 0.283791 0.144541
vt 0.284151 0.104681
vt 0.291974 0.104681
vt 0.299555 0.144422
vt 0.291732 0.144541
vt 0.290650 0.184756
vt 0.290650 0.228649
vt 0.290048 0.276337
vt 0.290169 0.326280
vt 0.290409 0.372427
vt 0.290409 0.415964
vt 0.290289 0.459263
vt 0.289567 0.503868
vt 0.289807 0.550845
vt 0.289687 0.613956
vt 0.289567 0.687506
vt 0.290048 0.768529
vt 0.290890 0.847892
vt 0.291252 0.918595
vt 0.299315 0.982773
vt 0.297388 0.918832
vt 0.304729 0.982773
vt 0.297388 0.847892
vt 0.296908 0.768648
vt 0.296546 0.687506
vt 0.296908 0.613718
vt 0.297388 0.550845
vt 0.296908 0.503749
vt 0.297991 0.459263
vt 0.297750 0.416082
vt 0.297991 0.372427
vt 0.297870 0.326280
vt 0.297991 0.276337
vt 0.298593 0.228886
vt 0.298231 0.184756
vt 0.306054 0.184756
vt 0.307256 0.144303
vt 0.313875 0.184875
vt 0.314959 0.144185
vt 0.306414 0.229123
vt 0.314237 0.229360
vt 0.305813 0.276337
vt 0.305572 0.326280
vt 0.305452 0.372427
vt 0.305091 0.416320
vt 0.305452 0.459263
vt 0.304249 0.503631
vt 0.304729 0.550845
vt 0.304129 0.613481
vt 0.303527 0.687506
vt 0.303647 0.768766
vt 0.303887 0.847892
vt 0.303647 0.919188
vt 0.310025 0.982892
vt 0.309905 0.919663
vt 0.316644 0.983010
vt 0.310265 0.847892
vt 0.310385 0.769004
vt 0.310626 0.687506
vt 0.311469 0.613125
vt 0.312190 0.550964
vt 0.311710 0.503631
vt 0.312792 0.459263
vt 0.312432 0.416557
vt 0.313033 0.372427
vt 0.313274 0.326280
vt 0.313635 0.276337
vt 0.321458 0.276456
vt 0.320976 0.326280
vt 0.320495 0.372427
vt 0.319893 0.416676
vt 0.320133 0.459263
vt 0.319291 0.503631
vt 0.319411 0.550964
vt 0.318689 0.613007
vt 0.317847 0.687506
vt 0.317124 0.769122
vt 0.316764 0.847892
vt 0.316162 0.920018
vt 0.324585 0.983248
vt 0.322540 0.920256
vt 0.332408 0.983366
vt 0.323142 0.847892
vt 0.323864 0.769241
vt 0.325067 0.687624
vt 0.325910 0.612888
vt 0.326752 0.551082
vt 0.326872 0.503631
vt 0.327234 0.459382
vt 0.327354 0.416913
vt 0.328076 0.372546
vt 0.328677 0.326399
vt 0.329279 0.276456
vt 0.321938 0.229479
vt 0.321938 0.184875
vt 0.322540 0.144066
vt 0.330121 0.144066
vt 0.330001 0.184875
vt 0.329521 0.229598
vt 0.337102 0.276456
vt 0.336380 0.326399
vt 0.335537 0.372664
vt 0.334815 0.416913
vt 0.334455 0.459382
vt 0.334575 0.503749
vt 0.333973 0.551082
vt 0.333130 0.613007
vt 0.332168 0.687743
vt 0.330603 0.769241
vt 0.329521 0.847892
vt 0.329039 0.920137
vt 0.339147 0.983485
vt 0.335297 0.919781
vt 0.344443 0.983604
vt 0.336018 0.848011
vt 0.337222 0.769241
vt 0.339389 0.687743
vt 0.340351 0.613362
vt 0.341314 0.551201
vt 0.342156 0.503868
vt 0.341674 0.459382
vt 0.342276 0.416913
vt 0.343118 0.372664
vt 0.344081 0.326518
vt 0.344923 0.276575
vt 0.337222 0.229598
vt 0.338064 0.184993
vt 0.337703 0.144066
vt 0.345285 0.144303
vt 0.346127 0.184993
vt 0.344923 0.229479
vt 0.352866 0.276575
vt 0.351784 0.326636
vt 0.350579 0.372783
vt 0.349617 0.416794
vt 0.348895 0.459501
vt 0.349617 0.504105
vt 0.348654 0.551319
vt 0.347570 0.613718
vt 0.346488 0.687861
vt 0.343961 0.769122
vt 0.342396 0.848011
vt 0.341674 0.919425
vt 0.349857 0.983722
vt 0.347812 0.919188
vt 0.348775 0.848129
vt 0.350820 0.769122
vt 0.353588 0.687980
vt 0.354911 0.614074
vt 0.356115 0.551438
vt 0.357078 0.504224
vt 0.356356 0.459619
vt 0.357078 0.416794
vt 0.358161 0.372902
vt 0.359605 0.326755
vt 0.360688 0.276575
vt 0.352626 0.229360
vt 0.353949 0.184993
vt 0.352866 0.144422
vt 0.361892 0.184993
vt 0.360447 0.229123
vt 0.605996 0.227598
vt 0.621880 0.237568
vt 0.597213 0.211060
vt 0.627299 0.220302
vt 0.657384 0.229544
vt 0.632717 0.202790
vt 0.667473 0.213735
vt 0.668221 0.194765
vt 0.638136 0.185523
vt 0.643556 0.168255
vt 0.608052 0.176282
vt 0.624683 0.167526
vt 0.640754 0.238297
vt 0.597962 0.192090
vt 0.659438 0.178227
vt 0.808597 0.350836
vt 0.801376 0.314655
vt 0.801376 0.350836
vt 0.794156 0.314655
vt 0.808597 0.314773
vt 0.815698 0.350836
vt 0.815818 0.314773
vt 0.822918 0.350836
vt 0.823039 0.314773
vt 0.830138 0.350836
vt 0.830138 0.314773
vt 0.837479 0.350836
vt 0.837359 0.314773
vt 0.844700 0.350836
vt 0.844579 0.314773
vt 0.851920 0.350836
vt 0.851800 0.314655
vt 0.859021 0.350836
vt 0.859021 0.314655
vt 0.858899 0.385951
vt 0.851800 0.385951
vt 0.844579 0.385951
vt 0.837359 0.385832
vt 0.830138 0.385832
vt 0.822918 0.385832
vt 0.815818 0.385832
vt 0.808597 0.385832
vt 0.801376 0.385832
vt 0.794156 0.350836
vt 0.786936 0.314655
vt 0.786936 0.350836
vt 0.779716 0.314655
vt 0.779716 0.350836
vt 0.772495 0.314655
vt 0.772615 0.350836
vt 0.779836 0.385951
vt 0.772615 0.385951
vt 0.780076 0.421065
vt 0.772857 0.421065
vt 0.778993 0.457247
vt 0.771773 0.457247
vt 0.780198 0.495327
vt 0.772977 0.495327
vt 0.779234 0.536728
vt 0.772014 0.536728
vt 0.779595 0.576943
vt 0.772375 0.576943
vt 0.780318 0.612532
vt 0.773097 0.612532
vt 0.779956 0.646697
vt 0.772857 0.646697
vt 0.780198 0.680981
vt 0.773097 0.680981
vt 0.779716 0.718230
vt 0.772495 0.718230
vt 0.779234 0.758802
vt 0.772134 0.758920
vt 0.779355 0.800203
vt 0.772134 0.800203
vt 0.779956 0.838520
vt 0.772735 0.838402
vt 0.780198 0.874346
vt 0.773097 0.874346
vt 0.780198 0.909342
vt 0.772977 0.909342
vt 0.779595 0.944337
vt 0.772375 0.944337
vt 0.779836 0.980163
vt 0.772615 0.980163
vt 0.858659 0.421065
vt 0.787056 0.980045
vt 0.786695 0.944219
vt 0.794156 0.980045
vt 0.787417 0.909223
vt 0.787417 0.874465
vt 0.787056 0.838639
vt 0.786575 0.800322
vt 0.786454 0.758802
vt 0.786816 0.717993
vt 0.787417 0.680862
vt 0.787177 0.646697
vt 0.787537 0.612651
vt 0.786816 0.577181
vt 0.786454 0.536728
vt 0.787537 0.495327
vt 0.786214 0.457128
vt 0.787297 0.420946
vt 0.787056 0.385951
vt 0.794156 0.385832
vt 0.801618 0.420590
vt 0.794517 0.420828
vt 0.793555 0.457128
vt 0.794638 0.495445
vt 0.793795 0.536728
vt 0.794156 0.577418
vt 0.794638 0.612888
vt 0.794277 0.646697
vt 0.794517 0.680625
vt 0.794036 0.717756
vt 0.793675 0.758683
vt 0.793795 0.800440
vt 0.794156 0.838876
vt 0.794517 0.874584
vt 0.794517 0.909223
vt 0.793915 0.944100
vt 0.801376 0.980045
vt 0.801136 0.943982
vt 0.808477 0.980163
vt 0.801618 0.909105
vt 0.801618 0.874702
vt 0.801376 0.839113
vt 0.801016 0.800559
vt 0.801016 0.758446
vt 0.801136 0.717400
vt 0.801618 0.680506
vt 0.801497 0.646697
vt 0.801738 0.613125
vt 0.801376 0.577655
vt 0.801016 0.536847
vt 0.801858 0.495445
vt 0.800896 0.457128
vt 0.808357 0.457128
vt 0.808717 0.420590
vt 0.815818 0.457128
vt 0.815818 0.420472
vt 0.808837 0.495445
vt 0.815818 0.495445
vt 0.808357 0.536847
vt 0.808597 0.577892
vt 0.808837 0.613244
vt 0.808597 0.646816
vt 0.808597 0.680388
vt 0.808357 0.717163
vt 0.808357 0.758327
vt 0.808357 0.800678
vt 0.808477 0.839351
vt 0.808597 0.874821
vt 0.808717 0.908986
vt 0.808477 0.943982
vt 0.815698 0.980163
vt 0.815698 0.943863
vt 0.822797 0.980163
vt 0.815698 0.908986
vt 0.815698 0.874821
vt 0.815698 0.839351
vt 0.815698 0.800678
vt 0.815698 0.758327
vt 0.815698 0.717163
vt 0.815698 0.680388
vt 0.815698 0.646816
vt 0.815818 0.613244
vt 0.815818 0.578011
vt 0.815818 0.536847
vt 0.823159 0.536847
vt 0.823039 0.577892
vt 0.822797 0.613244
vt 0.822918 0.646816
vt 0.822677 0.680388
vt 0.822918 0.717163
vt 0.823039 0.758327
vt 0.823039 0.800678
vt 0.822797 0.839351
vt 0.822677 0.874821
vt 0.822677 0.908986
vt 0.822919 0.943982
vt 0.830018 0.980282
vt 0.830258 0.943982
vt 0.837118 0.980282
vt 0.829777 0.908986
vt 0.829777 0.874702
vt 0.830018 0.839113
vt 0.830380 0.800559
vt 0.830500 0.758446
vt 0.830258 0.717400
vt 0.829777 0.680506
vt 0.830018 0.646816
vt 0.829777 0.613125
vt 0.830138 0.577655
vt 0.830500 0.536847
vt 0.822797 0.495445
vt 0.823279 0.457128
vt 0.822918 0.420472
vt 0.829898 0.420590
vt 0.830740 0.457128
vt 0.829777 0.495445
vt 0.837720 0.536728
vt 0.837359 0.577418
vt 0.836757 0.612888
vt 0.837238 0.646816
vt 0.836878 0.680744
vt 0.837479 0.717756
vt 0.837841 0.758564
vt 0.837720 0.800440
vt 0.837238 0.838876
vt 0.836878 0.874584
vt 0.836878 0.909105
vt 0.837479 0.944100
vt 0.844339 0.980282
vt 0.844579 0.944219
vt 0.851558 0.980282
vt 0.843977 0.909223
vt 0.843977 0.874465
vt 0.844339 0.838639
vt 0.845061 0.800322
vt 0.845181 0.758683
vt 0.844700 0.717993
vt 0.844097 0.680862
vt 0.844339 0.646816
vt 0.843857 0.612651
vt 0.844459 0.577181
vt 0.844940 0.536728
vt 0.836757 0.495445
vt 0.837961 0.457128
vt 0.836998 0.420828
vt 0.844219 0.420946
vt 0.845302 0.457247
vt 0.843857 0.495327
vt 0.852040 0.536728
vt 0.851680 0.576943
vt 0.851078 0.612532
vt 0.851438 0.646697
vt 0.851318 0.680981
vt 0.851920 0.718230
vt 0.852402 0.758802
vt 0.852281 0.800203
vt 0.851558 0.838520
vt 0.851198 0.874346
vt 0.851198 0.909342
vt 0.851800 0.944337
vt 0.858659 0.980282
vt 0.858899 0.944337
vt 0.858299 0.909342
vt 0.858299 0.874346
vt 0.858779 0.838520
vt 0.859381 0.800203
vt 0.859622 0.758920
vt 0.859141 0.718230
vt 0.858539 0.680981
vt 0.858659 0.646697
vt 0.858299 0.612532
vt 0.858899 0.576943
vt 0.859261 0.536728
vt 0.851078 0.495327
vt 0.852402 0.457247
vt 0.851438 0.421065
vt 0.859622 0.457247
vt 0.858419 0.495327
vt 0.722164 0.209091
vt 0.748011 0.195441
vt 0.692760 0.208117
vt 0.728908 0.174721
vt 0.764867 0.141326
vt 0.709618 0.154002
vt 0.751194 0.115489
vt 0.726473 0.099887
vt 0.690325 0.133039
vt 0.671224 0.112319
vt 0.654366 0.166434
vt 0.655490 0.137184
vt 0.763743 0.170821
vt 0.668039 0.192273
vt 0.697069 0.098669
vt 0.830449 0.062616
vt 0.804428 0.076260
vt 0.859654 0.063590
vt 0.851231 0.090636
vt 0.884367 0.079185
vt 0.898032 0.105255
vt 0.842806 0.117682
vt 0.896908 0.134493
vt 0.834381 0.144728
vt 0.881370 0.159346
vt 0.826144 0.171774
vt 0.855349 0.172992
vt 0.788703 0.100868
vt 0.787580 0.130353
vt 0.801244 0.156179
vt 0.720268 0.314299
vt 0.720146 0.350362
vt 0.713047 0.314299
vt 0.712927 0.350362
vt 0.705826 0.314299
vt 0.705826 0.350362
vt 0.698726 0.314299
vt 0.698606 0.350243
vt 0.691505 0.314299
vt 0.691385 0.350243
vt 0.684406 0.314299
vt 0.684286 0.350243
vt 0.691024 0.384883
vt 0.683924 0.385002
vt 0.698125 0.385002
vt 0.705224 0.385239
vt 0.712445 0.385476
vt 0.719786 0.385713
vt 0.727127 0.385951
vt 0.727367 0.350362
vt 0.727367 0.314299
vt 0.734468 0.350362
vt 0.734588 0.314417
vt 0.741688 0.350362
vt 0.741688 0.314417
vt 0.748908 0.350362
vt 0.748908 0.314417
vt 0.756008 0.350362
vt 0.756008 0.314417
vt 0.763229 0.350362
vt 0.763229 0.314417
vt 0.770450 0.350243
vt 0.770330 0.314417
vt 0.770930 0.385120
vt 0.763710 0.385239
vt 0.756610 0.385476
vt 0.749269 0.385713
vt 0.741929 0.385832
vt 0.734588 0.385951
vt 0.734227 0.421065
vt 0.741086 0.421065
vt 0.748065 0.420828
vt 0.755046 0.420590
vt 0.762146 0.420472
vt 0.769366 0.420353
vt 0.769125 0.456298
vt 0.762025 0.456298
vt 0.754926 0.456060
vt 0.747945 0.455705
vt 0.741086 0.455349
vt 0.734227 0.455230
vt 0.727367 0.421065
vt 0.720388 0.420828
vt 0.713407 0.420709
vt 0.706307 0.420472
vt 0.699208 0.420234
vt 0.691987 0.420234
vt 0.684766 0.420234
vt 0.692227 0.456416
vt 0.685008 0.456416
vt 0.771292 0.494971
vt 0.699448 0.456298
vt 0.706548 0.456060
vt 0.713528 0.455705
vt 0.720508 0.455349
vt 0.727367 0.455230
vt 0.734708 0.493903
vt 0.742169 0.494022
vt 0.749630 0.494378
vt 0.756851 0.494615
vt 0.764071 0.494852
vt 0.771050 0.536135
vt 0.763951 0.536135
vt 0.769607 0.577418
vt 0.756730 0.536254
vt 0.749510 0.536610
vt 0.742169 0.536847
vt 0.734708 0.537084
vt 0.727127 0.493903
vt 0.719666 0.494140
vt 0.712205 0.494378
vt 0.704864 0.494733
vt 0.697643 0.494971
vt 0.690542 0.495089
vt 0.683323 0.495089
vt 0.690302 0.536135
vt 0.683202 0.536135
vt 0.697643 0.536372
vt 0.704864 0.536610
vt 0.712325 0.536965
vt 0.719786 0.537084
vt 0.727247 0.537203
vt 0.734227 0.578367
vt 0.741086 0.578130
vt 0.748065 0.577892
vt 0.755166 0.577537
vt 0.762387 0.577418
vt 0.769968 0.613600
vt 0.762867 0.613600
vt 0.769728 0.647765
vt 0.755768 0.613600
vt 0.748667 0.613718
vt 0.741567 0.613718
vt 0.734347 0.613718
vt 0.727247 0.578486
vt 0.720388 0.578486
vt 0.713407 0.578248
vt 0.706307 0.577892
vt 0.699208 0.577655
vt 0.692107 0.577418
vt 0.684886 0.577418
vt 0.691505 0.613600
vt 0.684406 0.613600
vt 0.698606 0.613600
vt 0.705826 0.613600
vt 0.712927 0.613600
vt 0.720146 0.613600
vt 0.727247 0.613600
vt 0.734106 0.646934
vt 0.741086 0.647172
vt 0.748187 0.647409
vt 0.755286 0.647646
vt 0.762507 0.647765
vt 0.770810 0.681218
vt 0.763589 0.681100
vt 0.770088 0.717281
vt 0.756490 0.680981
vt 0.749269 0.680744
vt 0.741929 0.680506
vt 0.734588 0.680269
vt 0.727127 0.646934
vt 0.720268 0.646934
vt 0.713287 0.647172
vt 0.706187 0.647409
vt 0.699087 0.647528
vt 0.691987 0.647765
vt 0.684766 0.647765
vt 0.690904 0.681218
vt 0.683684 0.681218
vt 0.698003 0.680981
vt 0.705224 0.680744
vt 0.712445 0.680506
vt 0.719786 0.680269
vt 0.727247 0.680269
vt 0.734227 0.716570
vt 0.741327 0.716688
vt 0.748427 0.716926
vt 0.755648 0.717163
vt 0.762867 0.717281
vt 0.771172 0.755243
vt 0.763951 0.755243
vt 0.771292 0.796526
vt 0.756730 0.755243
vt 0.749390 0.755005
vt 0.742169 0.754887
vt 0.734708 0.754768
vt 0.727247 0.716451
vt 0.720268 0.716570
vt 0.713167 0.716807
vt 0.706187 0.716926
vt 0.699087 0.717163
vt 0.691867 0.717400
vt 0.684646 0.717400
vt 0.690904 0.755361
vt 0.683684 0.755361
vt 0.698125 0.755243
vt 0.705344 0.755124
vt 0.712565 0.754887
vt 0.719906 0.754768
vt 0.727367 0.754650
vt 0.734828 0.797237
vt 0.742169 0.797119
vt 0.749510 0.796882
vt 0.756851 0.796644
vt 0.764071 0.796526
vt 0.770570 0.837453
vt 0.763349 0.837453
vt 0.770088 0.874346
vt 0.756128 0.837690
vt 0.749029 0.837927
vt 0.741808 0.838283
vt 0.734588 0.838520
vt 0.727367 0.797356
vt 0.720026 0.797237
vt 0.712685 0.797119
vt 0.705344 0.797000
vt 0.698125 0.796763
vt 0.690904 0.796644
vt 0.683684 0.796644
vt 0.691747 0.837571
vt 0.684526 0.837571
vt 0.698967 0.837809
vt 0.706067 0.838046
vt 0.713167 0.838402
vt 0.720268 0.838639
vt 0.727487 0.838639
vt 0.734468 0.874465
vt 0.741447 0.874465
vt 0.748427 0.874346
vt 0.755648 0.874346
vt 0.762867 0.874346
vt 0.771172 0.908867
vt 0.763951 0.908867
vt 0.771050 0.943982
vt 0.756851 0.908867
vt 0.749630 0.908749
vt 0.742289 0.908630
vt 0.734948 0.908511
vt 0.727487 0.874465
vt 0.720628 0.874465
vt 0.713769 0.874465
vt 0.706669 0.874465
vt 0.699568 0.874465
vt 0.692349 0.874465
vt 0.685128 0.874346
vt 0.691265 0.908986
vt 0.684044 0.908986
vt 0.698485 0.908867
vt 0.705706 0.908749
vt 0.712927 0.908630
vt 0.720268 0.908511
vt 0.727607 0.908511
vt 0.734948 0.943982
vt 0.742169 0.943982
vt 0.749390 0.943982
vt 0.756610 0.943982
vt 0.763831 0.943982
vt 0.771050 0.980163
vt 0.763831 0.980282
vt 0.756610 0.980282
vt 0.749390 0.980282
vt 0.742169 0.980282
vt 0.734948 0.980282
vt 0.727729 0.943982
vt 0.720388 0.943982
vt 0.713167 0.943982
vt 0.705946 0.943982
vt 0.698726 0.943982
vt 0.691505 0.944100
vt 0.684286 0.944100
vt 0.691626 0.980163
vt 0.684406 0.980282
vt 0.698846 0.980163
vt 0.706067 0.980163
vt 0.713287 0.980163
vt 0.720508 0.980163
vt 0.727729 0.980163
vt 0.941674 0.370235
vt 0.912475 0.369017
vt 0.967690 0.356593
vt 0.920899 0.341976
vt 0.887769 0.353427
vt 0.874104 0.327359
vt 0.929320 0.314935
vt 0.875228 0.298127
vt 0.937557 0.287896
vt 0.890763 0.273279
vt 0.945979 0.260855
vt 0.916779 0.259637
vt 0.983226 0.331745
vt 0.984536 0.302511
vt 0.970874 0.276446
vt 0.685941 0.087084
vt 0.670478 0.111573
vt 0.687245 0.057986
vt 0.659672 0.064049
vt 0.632285 0.070352
vt 0.648867 0.016525
vt 0.619804 0.015313
vt 0.593907 0.028891
vt 0.604714 0.076415
vt 0.577327 0.082720
vt 0.615518 0.124182
vt 0.590927 0.108664
vt 0.673644 0.032043
vt 0.644581 0.125153
vt 0.578445 0.053623
vt 0.532535 0.335296
vt 0.538432 0.335415
vt 0.538552 0.372071
vt 0.544810 0.371952
vt 0.544448 0.335415
vt 0.538432 0.298758
vt 0.532776 0.298877
vt 0.532415 0.372190
vt 0.537710 0.409676
vt 0.531211 0.409558
vt 0.544328 0.409676
vt 0.551067 0.409676
vt 0.550947 0.371952
vt 0.550587 0.335415
vt 0.543968 0.298521
vt 0.542042 0.246443
vt 0.536987 0.246562
vt 0.532054 0.246799
vt 0.547818 0.246206
vt 0.549503 0.298402
vt 0.554316 0.245968
vt 0.555280 0.298284
vt 0.560815 0.245850
vt 0.556723 0.335415
vt 0.557085 0.371952
vt 0.563222 0.372071
vt 0.564546 0.409795
vt 0.557807 0.409676
vt 0.562861 0.335296
vt 0.561057 0.298047
vt 0.566711 0.245613
vt 0.566833 0.297809
vt 0.572007 0.245375
vt 0.568998 0.335296
vt 0.569360 0.372190
vt 0.571165 0.409795
vt 0.572488 0.297572
vt 0.575016 0.335059
vt 0.575617 0.372308
vt 0.577663 0.409795
vt 0.577061 0.245257
vt 0.578386 0.297335
vt 0.582838 0.245019
vt 0.580913 0.334940
vt 0.581875 0.372427
vt 0.584042 0.409676
vt 0.584522 0.297098
vt 0.586689 0.334703
vt 0.588133 0.372308
vt 0.590299 0.409439
vt 0.588976 0.244782
vt 0.590901 0.296860
vt 0.594992 0.244664
vt 0.592465 0.334466
vt 0.594390 0.372071
vt 0.596437 0.409202
vt 0.597159 0.296623
vt 0.598242 0.334110
vt 0.600648 0.371597
vt 0.602694 0.408846
vt 0.600648 0.244426
vt 0.603296 0.296504
vt 0.604138 0.333873
vt 0.606785 0.371003
vt 0.608952 0.408372
vt 0.611599 0.447282
vt 0.604980 0.447756
vt 0.613524 0.487734
vt 0.598121 0.448112
vt 0.591261 0.448468
vt 0.584522 0.448705
vt 0.577783 0.448943
vt 0.571285 0.449061
vt 0.564786 0.449061
vt 0.558408 0.449061
vt 0.552151 0.449061
vt 0.545773 0.448943
vt 0.539274 0.448824
vt 0.532656 0.448705
vt 0.538672 0.488921
vt 0.531813 0.488921
vt 0.545532 0.489039
vt 0.552512 0.489039
vt 0.559371 0.489039
vt 0.566231 0.489158
vt 0.573090 0.489158
vt 0.579829 0.489158
vt 0.586569 0.489039
vt 0.593308 0.488921
vt 0.600046 0.488683
vt 0.606785 0.488209
vt 0.616293 0.530915
vt 0.609192 0.531034
vt 0.618579 0.571249
vt 0.602093 0.531153
vt 0.594992 0.531390
vt 0.588012 0.531746
vt 0.580913 0.531983
vt 0.574052 0.532339
vt 0.567073 0.532576
vt 0.560093 0.532695
vt 0.552993 0.532695
vt 0.546013 0.532695
vt 0.538914 0.532576
vt 0.531813 0.532339
vt 0.539635 0.572317
vt 0.532535 0.572435
vt 0.546735 0.572198
vt 0.553716 0.572080
vt 0.560695 0.572080
vt 0.567675 0.572080
vt 0.574654 0.572080
vt 0.581875 0.572080
vt 0.589096 0.572080
vt 0.596557 0.571961
vt 0.603898 0.571724
vt 0.611359 0.571486
vt 0.619302 0.607312
vt 0.612081 0.607668
vt 0.621347 0.641240
vt 0.604980 0.607906
vt 0.597880 0.608024
vt 0.590901 0.608143
vt 0.583800 0.608143
vt 0.576459 0.608143
vt 0.569118 0.608143
vt 0.561657 0.608143
vt 0.554196 0.608143
vt 0.546735 0.608261
vt 0.539274 0.608499
vt 0.531933 0.608736
vt 0.540719 0.642664
vt 0.533498 0.642782
vt 0.547939 0.642545
vt 0.555159 0.642545
vt 0.562259 0.642545
vt 0.569360 0.642427
vt 0.576579 0.642427
vt 0.583920 0.642308
vt 0.591381 0.642071
vt 0.598964 0.641952
vt 0.606425 0.641715
vt 0.614006 0.641478
vt 0.622069 0.675524
vt 0.614728 0.675643
vt 0.624236 0.713248
vt 0.607507 0.675761
vt 0.600287 0.675999
vt 0.593187 0.676236
vt 0.585847 0.676592
vt 0.578506 0.676948
vt 0.571045 0.677185
vt 0.563342 0.677304
vt 0.555761 0.677422
vt 0.548060 0.677304
vt 0.540477 0.677185
vt 0.533016 0.677066
vt 0.542283 0.715265
vt 0.534942 0.714909
vt 0.549624 0.715502
vt 0.556844 0.715739
vt 0.564064 0.715621
vt 0.571405 0.715383
vt 0.578746 0.715028
vt 0.586207 0.714434
vt 0.593788 0.713960
vt 0.601491 0.713485
vt 0.609192 0.713248
vt 0.616773 0.713248
vt 0.626041 0.754175
vt 0.618458 0.754531
vt 0.628086 0.795577
vt 0.610757 0.755005
vt 0.603055 0.755361
vt 0.595353 0.755599
vt 0.587651 0.755836
vt 0.579950 0.755955
vt 0.572488 0.755955
vt 0.565027 0.755836
vt 0.557686 0.755717
vt 0.550346 0.755599
vt 0.542884 0.755599
vt 0.535423 0.755599
vt 0.541801 0.797356
vt 0.533858 0.797119
vt 0.549744 0.797593
vt 0.557927 0.797831
vt 0.566111 0.797949
vt 0.574174 0.797949
vt 0.582115 0.797712
vt 0.589938 0.797356
vt 0.597639 0.797000
vt 0.605101 0.796526
vt 0.612682 0.796170
vt 0.620384 0.795814
vt 0.632177 0.834487
vt 0.623874 0.834724
vt 0.634104 0.871381
vt 0.615450 0.835080
vt 0.606905 0.835555
vt 0.598362 0.836029
vt 0.590058 0.836504
vt 0.581875 0.836860
vt 0.573932 0.836978
vt 0.566111 0.837097
vt 0.558528 0.836978
vt 0.550827 0.836741
vt 0.542884 0.836504
vt 0.534822 0.836266
vt 0.541321 0.872923
vt 0.532776 0.872923
vt 0.549864 0.872923
vt 0.558408 0.873041
vt 0.566953 0.873160
vt 0.575497 0.873279
vt 0.583920 0.873397
vt 0.592345 0.873397
vt 0.600769 0.873160
vt 0.609072 0.872804
vt 0.617375 0.872448
vt 0.625679 0.871855
vt 0.637111 0.906851
vt 0.628327 0.907207
vt 0.640240 0.942439
vt 0.619662 0.907562
vt 0.610997 0.908037
vt 0.602213 0.908393
vt 0.593548 0.908867
vt 0.584763 0.909105
vt 0.576099 0.909342
vt 0.567313 0.909342
vt 0.558528 0.909223
vt 0.549744 0.909105
vt 0.540839 0.908867
vt 0.532054 0.908630
vt 0.540599 0.944575
vt 0.531451 0.944337
vt 0.539756 0.981706
vt 0.530249 0.981587
vt 0.549142 0.981943
vt 0.549624 0.944812
vt 0.558650 0.944931
vt 0.567675 0.944931
vt 0.576701 0.944931
vt 0.585605 0.944693
vt 0.594752 0.944337
vt 0.603778 0.943982
vt 0.612923 0.943507
vt 0.621949 0.943151
vt 0.631095 0.942795
vt 0.643369 0.979689
vt 0.633982 0.980163
vt 0.624596 0.980638
vt 0.615210 0.980994
vt 0.605823 0.981350
vt 0.596317 0.981587
vt 0.586809 0.981824
vt 0.577422 0.981943
vt 0.568036 0.982061
vt 0.558650 0.981943
vt 0.870843 0.261304
vt 0.851313 0.292554
vt 0.872276 0.224693
vt 0.837875 0.232387
vt 0.824436 0.172456
vt 0.803473 0.240317
vt 0.787884 0.171056
vt 0.755633 0.188080
vt 0.769072 0.248013
vt 0.734670 0.255941
vt 0.782510 0.308178
vt 0.751692 0.288355
vt 0.855256 0.192045
vt 0.819062 0.309578
vt 0.736103 0.219096
vt 0.680938 0.026815
vt 0.689148 0.013457
vt 0.680190 0.042361
vt 0.699412 0.024630
vt 0.702958 0.006170
vt 0.718447 0.006899
vt 0.709676 0.035560
vt 0.731698 0.015157
vt 0.719753 0.046732
vt 0.738975 0.029001
vt 0.730017 0.057662
vt 0.738416 0.044546
vt 0.687469 0.056204
vt 0.700718 0.064463
vt 0.716209 0.064949
vt 0.040774 0.808862
vt 0.022917 0.762274
vt 0.036310 0.761908
vt 0.030553 0.725686
vt 0.043359 0.725686
vt 0.037720 0.691904
vt 0.024797 0.691904
vt 0.016926 0.725564
vt 0.007998 0.762152
vt 0.027499 0.809228
vt 0.033608 0.862646
vt 0.046765 0.861427
vt 0.053932 0.809228
vt 0.049115 0.762152
vt 0.057456 0.725930
vt 0.051465 0.692026
vt 0.010817 0.691782
vt 0.004708 0.657877
vt 0.018806 0.657999
vt 0.012697 0.622387
vt 0.025737 0.622387
vt 0.020098 0.591044
vt 0.005883 0.591044
vt 0.054401 0.622509
vt 0.060510 0.658243
vt 0.045591 0.657999
vt 0.031963 0.657877
vt 0.002006 0.725198
vt 0.068264 0.809716
vt 0.059336 0.860085
vt 0.052169 0.908747
vt 0.039364 0.913503
vt 0.026089 0.913625
vt 0.021038 0.861793
vt 0.014341 0.809838
vt 0.066854 0.908747
vt 0.059688 0.949115
vt 0.045473 0.952530
vt 0.031141 0.953384
vt 0.040069 0.998996
vt 0.053579 0.349321
vt 0.045356 0.397129
vt 0.059218 0.397495
vt 0.050290 0.449327
vt 0.064740 0.450669
vt 0.054989 0.502135
vt 0.016456 0.397860
vt 0.008703 0.347857
vt 0.054519 0.994850
vt 0.068264 0.348223
vt 0.068146 0.993386
vt 0.019980 0.951067
vt 0.014107 0.910088
vt 0.024797 0.998387
vt 0.038190 0.345052
vt 0.030201 0.397617
vt 0.036310 0.450059
vt 0.041949 0.501648
vt 0.047588 0.531650
vt 0.062038 0.531406
vt 0.015516 0.502257
vt 0.008468 0.450303
vt 0.022800 0.450791
vt 0.023387 0.343833
vt 0.009642 0.994484
vt 0.029261 0.502013
vt 0.034900 0.531650
vt 0.040657 0.560920
vt 0.054401 0.560676
vt 0.047000 0.591166
vt 0.062507 0.590800
vt 0.014107 0.560676
vt 0.007528 0.531406
vt 0.021978 0.531528
vt 0.027616 0.560920
vt 0.033255 0.591044
vt 0.039482 0.622387
vt 0.130175 0.479695
vt 0.123479 0.520185
vt 0.115608 0.479817
vt 0.108089 0.520185
vt 0.101510 0.479817
vt 0.092934 0.519941
vt 0.098221 0.565188
vt 0.113610 0.565798
vt 0.122539 0.448961
vt 0.108441 0.449083
vt 0.081421 0.448352
vt 0.074490 0.424082
vt 0.089175 0.423594
vt 0.079307 0.395543
vt 0.095166 0.448961
vt 0.086943 0.479451
vt 0.071788 0.478719
vt 0.078015 0.519698
vt 0.128060 0.567140
vt 0.117957 0.603971
vt 0.104565 0.601288
vt 0.090820 0.602752
vt 0.084241 0.565920
vt 0.101980 0.423594
vt 0.094579 0.391153
vt 0.083419 0.996191
vt 0.091642 0.962287
vt 0.078250 0.962287
vt 0.084476 0.929236
vt 0.097163 0.928992
vt 0.104095 0.962043
vt 0.097868 0.999484
vt 0.111026 0.393226
vt 0.115608 0.423960
vt 0.131702 0.425057
vt 0.126063 0.397860
vt 0.112906 0.997289
vt 0.117135 0.961555
vt 0.109734 0.928626
vt 0.102920 0.896429
vt 0.090115 0.896917
vt 0.076135 0.897283
vt 0.122656 0.928016
vt 0.131350 0.960579
vt 0.126885 0.993142
vt 0.115138 0.896063
vt 0.128765 0.895819
vt 0.122304 0.865329
vt 0.082244 0.866427
vt 0.108324 0.864842
vt 0.095166 0.865695
vt 0.087060 0.814229
vt 0.073668 0.813497
vt 0.079777 0.750688
vt 0.093052 0.751176
vt 0.100335 0.812887
vt 0.114903 0.811423
vt 0.129235 0.812155
vt 0.118779 0.749956
vt 0.106092 0.750932
vt 0.098103 0.705685
vt 0.086943 0.702758
vt 0.090467 0.659828
vt 0.081186 0.659097
vt 0.073315 0.702514
vt 0.109969 0.705441
vt 0.103625 0.660682
vt 0.113963 0.659463
vt 0.121716 0.701416
vt 0.072023 0.633241
vt 0.086238 0.631656
vt 0.077897 0.604947
vt 0.096929 0.629461
vt 0.109616 0.629827
vt 0.122069 0.632997
vt 0.069321 0.566408
vt 0.912696 0.946432
vt 0.903767 0.916918
vt 0.918100 0.916308
vt 0.910816 0.877891
vt 0.954400 0.945822
vt 0.962389 0.968019
vt 0.946529 0.968751
vt 0.956515 0.991435
vt 0.939363 0.945700
vt 0.947117 0.915698
vt 0.962037 0.915211
vt 0.952756 0.876672
vt 0.904590 0.839962
vt 0.918922 0.840450
vt 0.912461 0.814838
vt 0.925853 0.814960
vt 0.931257 0.839962
vt 0.936661 0.813619
vt 0.931492 0.794105
vt 0.919627 0.795203
vt 0.906000 0.793008
vt 0.950641 0.812887
vt 0.957807 0.838742
vt 0.944062 0.839352
vt 0.924914 0.877647
vt 0.913166 0.771665
vt 0.926206 0.772762
vt 0.943005 0.791666
vt 0.936191 0.772031
vt 0.957337 0.792886
vt 0.952756 0.771177
vt 0.944415 0.754713
vt 0.932080 0.752883
vt 0.919157 0.750444
vt 0.906469 0.752273
vt 0.958982 0.752273
vt 0.951816 0.718369
vt 0.911873 0.716905
vt 0.905765 0.674220
vt 0.919627 0.674829
vt 0.925266 0.717637
vt 0.937484 0.719222
vt 0.913166 0.626046
vt 0.926558 0.625802
vt 0.931962 0.674707
vt 0.938893 0.625070
vt 0.945120 0.674098
vt 0.957925 0.674464
vt 0.952403 0.625436
vt 0.906587 0.594824
vt 0.920097 0.594824
vt 0.914223 0.562871
vt 0.932550 0.594824
vt 0.926911 0.562993
vt 0.939833 0.563115
vt 0.946060 0.594946
vt 0.960979 0.595312
vt 0.953226 0.563115
vt 0.907292 0.531284
vt 0.921154 0.530918
vt 0.912226 0.498964
vt 0.933842 0.530796
vt 0.927028 0.495062
vt 0.911286 0.995582
vt 0.920332 0.969604
vt 0.906234 0.969482
vt 0.925971 0.945822
vt 0.946764 0.531040
vt 0.942183 0.497135
vt 0.926793 0.999484
vt 0.932667 0.969360
vt 0.961214 0.531528
vt 0.956280 0.501404
vt 0.942183 0.996435
vt 0.932432 0.915942
vt 0.938893 0.877281
vt 0.830226 0.451401
vt 0.780651 0.357980
vt 0.784880 0.452010
vt 0.794278 0.357492
vt 0.799799 0.453840
vt 0.808845 0.355541
vt 0.815189 0.452010
vt 0.822120 0.356272
vt 0.761891 0.033844
vt 0.791810 0.038213
vt 0.761891 0.038213
vt 0.790871 0.271389
vt 0.802736 0.267852
vt 0.800387 0.198092
vt 0.811547 0.196262
vt 0.805673 0.132112
vt 0.793573 0.137844
vt 0.788522 0.200775
vt 0.829404 0.271877
vt 0.837392 0.359078
vt 0.817069 0.267486
vt 0.822003 0.199067
vt 0.834103 0.201628
vt 0.831636 0.139185
vt 0.819771 0.132722
vt 0.767728 0.449083
vt 0.716508 0.358956
vt 0.723791 0.447132
vt 0.731075 0.359078
vt 0.738476 0.451888
vt 0.745760 0.359199
vt 0.752691 0.453718
vt 0.759974 0.358956
vt 0.799434 0.069159
vt 0.804619 0.039301
vt 0.803951 0.068263
vt 0.726376 0.245046
vt 0.738711 0.241631
vt 0.734952 0.148454
vt 0.746229 0.146747
vt 0.753161 0.241631
vt 0.765378 0.245046
vt 0.774777 0.359078
vt 0.723204 0.151503
vt 0.756450 0.149308
vt 0.752808 0.076133
vt 0.739063 0.074303
vt 0.727785 0.081377
vt 0.768903 0.151381
vt 0.764086 0.083694
vt 0.252117 0.535796
vt 0.245421 0.475670
vt 0.259048 0.476036
vt 0.255994 0.431033
vt 0.243189 0.996679
vt 0.245186 0.944359
vt 0.231911 0.945213
vt 0.237785 0.910820
vt 0.252234 0.910576
vt 0.260340 0.943505
vt 0.212057 0.912040
vt 0.202659 0.875086
vt 0.216639 0.873988
vt 0.207710 0.833498
vt 0.221220 0.832644
vt 0.214054 0.807521
vt 0.200662 0.808009
vt 0.253057 0.830205
vt 0.259753 0.872403
vt 0.244951 0.872647
vt 0.230619 0.873135
vt 0.224862 0.911308
vt 0.219458 0.945700
vt 0.256346 0.989971
vt 0.236375 0.831181
vt 0.205948 0.946066
vt 0.227917 0.999484
vt 0.242719 0.424813
vt 0.233438 0.475548
vt 0.238842 0.535796
vt 0.213349 0.428960
vt 0.212644 0.994118
vt 0.227329 0.423106
vt 0.221338 0.475426
vt 0.225332 0.535674
vt 0.207945 0.475304
vt 0.211705 0.535430
vt 0.259048 0.601410
vt 0.244481 0.601654
vt 0.250590 0.657999
vt 0.216404 0.600922
vt 0.203129 0.600800
vt 0.208063 0.654828
vt 0.230149 0.601166
vt 0.233086 0.656292
vt 0.220046 0.654828
vt 0.239664 0.671293
vt 0.225215 0.671780
vt 0.231911 0.687513
vt 0.245538 0.687269
vt 0.255641 0.673122
vt 0.214407 0.672390
vt 0.220163 0.688489
vt 0.208180 0.688977
vt 0.202071 0.672756
vt 0.226389 0.707270
vt 0.238372 0.706661
vt 0.232498 0.727760
vt 0.244129 0.727394
vt 0.251530 0.706417
vt 0.214289 0.708002
vt 0.220985 0.728369
vt 0.207828 0.728979
vt 0.200662 0.708490
vt 0.251295 0.754347
vt 0.238490 0.755444
vt 0.247300 0.779348
vt 0.227447 0.756054
vt 0.215346 0.756542
vt 0.200544 0.757152
vt 0.207828 0.781544
vt 0.234025 0.780934
vt 0.221220 0.781422
vt 0.243071 0.806423
vt 0.227094 0.807155
vt 0.259518 0.803984
vt 0.339873 0.422008
vt 0.344807 0.434570
vt 0.328008 0.427497
vt 0.332824 0.439570
vt 0.408480 0.421155
vt 0.420346 0.426155
vt 0.403546 0.434448
vt 0.415411 0.439449
vt 0.772780 0.881916
vt 0.766201 0.916918
vt 0.758917 0.882404
vt 0.752456 0.917040
vt 0.765261 0.852646
vt 0.726141 0.852646
vt 0.718505 0.821790
vt 0.733424 0.821790
vt 0.726023 0.800935
vt 0.740238 0.800813
vt 0.733542 0.780446
vt 0.718387 0.780690
vt 0.764791 0.800447
vt 0.772310 0.821424
vt 0.758447 0.821668
vt 0.752221 0.852890
vt 0.745760 0.882526
vt 0.739768 0.852890
vt 0.746112 0.821912
vt 0.752338 0.800447
vt 0.758565 0.779836
vt 0.772780 0.779958
vt 0.765966 0.758005
vt 0.725788 0.758493
vt 0.719210 0.735321
vt 0.733072 0.735199
vt 0.725906 0.692757
vt 0.739533 0.692635
vt 0.732719 0.645193
vt 0.718857 0.645315
vt 0.767023 0.692391
vt 0.774424 0.735077
vt 0.759622 0.734833
vt 0.752808 0.757883
vt 0.746229 0.779958
vt 0.732132 0.882282
vt 0.717330 0.881916
vt 0.723791 0.917040
vt 0.773014 0.956921
vt 0.758447 0.957043
vt 0.769138 0.992655
vt 0.738241 0.917040
vt 0.744702 0.957165
vt 0.755158 0.996557
vt 0.768785 0.461645
vt 0.759387 0.493598
vt 0.774424 0.494086
vt 0.765613 0.527015
vt 0.752808 0.526893
vt 0.746112 0.493720
vt 0.753983 0.457376
vt 0.740473 0.999484
vt 0.731310 0.957043
vt 0.717212 0.957165
vt 0.726141 0.995704
vt 0.738358 0.454815
vt 0.733307 0.494208
vt 0.740121 0.527137
vt 0.746464 0.558846
vt 0.758800 0.558724
vt 0.772662 0.558481
vt 0.726493 0.527503
vt 0.719092 0.494818
vt 0.723674 0.459572
vt 0.733189 0.558846
vt 0.739768 0.600434
vt 0.752456 0.600434
vt 0.765613 0.600069
vt 0.717682 0.558968
vt 0.726376 0.600312
vt 0.773837 0.644584
vt 0.759739 0.644949
vt 0.752926 0.692513
vt 0.745994 0.734833
vt 0.739886 0.758249
vt 0.746229 0.645193
vt 0.771289 0.051748
vt 0.779547 0.069728
vt 0.775979 0.072126
vt 0.527720 0.419203
vt 0.539586 0.424204
vt 0.522786 0.431155
vt 0.534652 0.436034
vt 0.826748 0.075439
vt 0.822322 0.075439
vt 0.822322 0.056067
vt 0.169295 0.032593
vt 0.177049 0.110647
vt 0.163186 0.110769
vt 0.170117 0.198092
vt 0.210060 0.198092
vt 0.217578 0.285780
vt 0.203129 0.285902
vt 0.211470 0.374079
vt 0.197372 0.379201
vt 0.189736 0.285780
vt 0.182100 0.382128
vt 0.176579 0.285658
vt 0.167415 0.376640
vt 0.163069 0.285536
vt 0.183275 0.198092
vt 0.196785 0.198092
vt 0.203599 0.110769
vt 0.217109 0.111013
vt 0.212057 0.030886
vt 0.804472 0.020316
vt 0.782811 0.020316
vt 0.784354 0.016304
vt 0.190441 0.110647
vt 0.197960 0.026129
vt 0.804527 0.035669
vt 0.782925 0.035669
vt 0.782925 0.031240
vt 0.183275 0.028081
vt 0.395440 0.377737
vt 0.387452 0.298952
vt 0.346922 0.299074
vt 0.339873 0.214312
vt 0.353501 0.214312
vt 0.346334 0.128941
vt 0.834505 0.075439
vt 0.830400 0.075439
vt 0.830400 0.054941
vt 0.480847 0.438595
vt 0.475913 0.426765
vt 0.492712 0.433716
vt 0.487778 0.421886
vt 0.811224 0.075439
vt 0.815685 0.055128
vt 0.815685 0.075439
vt 0.791213 0.031261
vt 0.791213 0.026877
vt 0.812405 0.031261
vt 0.353031 0.381518
vt 0.360197 0.299196
vt 0.367010 0.214190
vt 0.359844 0.128819
vt 0.351738 0.040399
vt 0.337524 0.045033
vt 0.387334 0.128697
vt 0.394148 0.214190
vt 0.380520 0.214190
vt 0.373707 0.299074
vt 0.381578 0.377737
vt 0.781723 0.020316
vt 0.761891 0.020316
vt 0.761891 0.015918
vt 0.367480 0.381274
vt 0.373354 0.128697
vt 0.381225 0.044179
vt 0.395440 0.044911
vt 0.366776 0.039667
vt 0.443254 0.763738
vt 0.396850 0.724101
vt 0.402254 0.763372
vt 0.410477 0.724589
vt 0.404603 0.687879
vt 0.417409 0.688001
vt 0.411652 0.656292
vt 0.397437 0.656536
vt 0.444898 0.688123
vt 0.451360 0.724833
vt 0.436675 0.724467
vt 0.429509 0.763738
vt 0.435735 0.803496
vt 0.422695 0.803496
vt 0.428686 0.841547
vt 0.441492 0.841669
vt 0.449480 0.803740
vt 0.416116 0.763616
vt 0.423282 0.724711
vt 0.430214 0.688245
vt 0.437732 0.656779
vt 0.452887 0.656779
vt 0.445251 0.624582
vt 0.404721 0.624216
vt 0.396732 0.593605
vt 0.412474 0.593971
vt 0.405426 0.569701
vt 0.419641 0.569579
vt 0.412592 0.530064
vt 0.398142 0.530064
vt 0.445603 0.569823
vt 0.452534 0.594215
vt 0.438437 0.594458
vt 0.431623 0.624460
vt 0.424575 0.656414
vt 0.408245 0.803374
vt 0.393091 0.803252
vt 0.400844 0.841547
vt 0.457116 0.879355
vt 0.442196 0.879111
vt 0.448893 0.906064
vt 0.415411 0.841425
vt 0.416116 0.878745
vt 0.403194 0.879111
vt 0.410007 0.905698
vt 0.428686 0.878745
vt 0.434560 0.905698
vt 0.440787 0.928504
vt 0.455589 0.928748
vt 0.447835 0.953872
vt 0.434325 0.954238
vt 0.428099 0.928870
vt 0.422343 0.905576
vt 0.416351 0.928870
vt 0.403194 0.928626
vt 0.409303 0.954116
vt 0.455119 0.996435
vt 0.421873 0.954481
vt 0.428334 0.999240
vt 0.442196 0.443595
vt 0.433621 0.488232
vt 0.448188 0.488598
vt 0.440082 0.530064
vt 0.455119 0.530552
vt 0.432211 0.569579
vt 0.425867 0.594336
vt 0.418466 0.624338
vt 0.405896 0.488354
vt 0.397320 0.444083
vt 0.441726 0.996923
vt 0.457116 0.444083
vt 0.425984 0.529942
vt 0.419758 0.488232
vt 0.427512 0.441034
vt 0.414237 0.998753
vt 0.412122 0.441400
vt 0.400727 0.996435
vt 0.624052 0.394324
vt 0.620646 0.028569
vt 0.629339 0.434326
vt 0.624757 0.066742
vt 0.613949 0.067108
vt 0.620293 0.104549
vt 0.630514 0.104305
vt 0.636857 0.066498
vt 0.630044 0.031374
vt 0.638267 0.436034
vt 0.633333 0.394568
vt 0.642496 0.394080
vt 0.635800 0.354321
vt 0.627107 0.353833
vt 0.619706 0.352370
vt 0.614654 0.394446
vt 0.620411 0.437253
vt 0.609720 0.026008
vt 0.603846 0.067352
vt 0.610660 0.105037
vt 0.615946 0.129917
vt 0.624992 0.129551
vt 0.635095 0.129307
vt 0.641909 0.104671
vt 0.648018 0.066132
vt 0.639559 0.028447
vt 0.606783 0.130282
vt 0.611835 0.155650
vt 0.620880 0.155284
vt 0.617121 0.180895
vt 0.625345 0.180651
vt 0.629926 0.155040
vt 0.639324 0.155040
vt 0.645316 0.129673
vt 0.608075 0.181383
vt 0.633803 0.180774
vt 0.629221 0.196140
vt 0.620998 0.196384
vt 0.612892 0.196140
vt 0.643671 0.180530
vt 0.639324 0.195165
vt 0.605138 0.213093
vt 0.615007 0.214312
vt 0.606313 0.235655
vt 0.618296 0.236509
vt 0.625345 0.214678
vt 0.636153 0.213458
vt 0.646491 0.211995
vt 0.643789 0.233826
vt 0.631571 0.235167
vt 0.624052 0.262608
vt 0.612422 0.262974
vt 0.617944 0.279072
vt 0.608663 0.280292
vt 0.601497 0.262730
vt 0.636857 0.261754
vt 0.629574 0.281146
vt 0.641204 0.282487
vt 0.648370 0.261876
vt 0.604316 0.299318
vt 0.613597 0.294073
vt 0.609838 0.312367
vt 0.623230 0.294927
vt 0.618531 0.309562
vt 0.615007 0.325783
vt 0.606901 0.326271
vt 0.637562 0.313953
vt 0.644376 0.299684
vt 0.633686 0.299927
vt 0.626989 0.311148
vt 0.631336 0.324319
vt 0.641557 0.325295
vt 0.611717 0.353467
vt 0.605491 0.394933
vt 0.611130 0.439692
vt 0.622643 0.325295
vt 0.622643 0.460425
vt 0.616886 0.496159
vt 0.629104 0.495794
vt 0.623465 0.526771
vt 0.594095 0.998753
vt 0.594683 0.956189
vt 0.642966 0.956311
vt 0.649075 0.918138
vt 0.634978 0.918869
vt 0.640969 0.883745
vt 0.636270 0.999240
vt 0.628399 0.956189
vt 0.635448 0.458718
vt 0.651542 0.998875
vt 0.641557 0.495672
vt 0.635330 0.526527
vt 0.630044 0.553968
vt 0.617709 0.554334
vt 0.611130 0.527259
vt 0.603846 0.554456
vt 0.597972 0.527259
vt 0.604434 0.496525
vt 0.648135 0.459328
vt 0.647783 0.526283
vt 0.641674 0.553602
vt 0.609838 0.461523
vt 0.621938 0.996923
vt 0.611835 0.956067
vt 0.620880 0.919235
vt 0.627812 0.883989
vt 0.634390 0.851426
vt 0.647900 0.851426
vt 0.599499 0.883501
vt 0.589749 0.917772
vt 0.605138 0.918747
vt 0.608075 0.995947
vt 0.597150 0.460547
vt 0.614537 0.883989
vt 0.621938 0.851426
vt 0.607958 0.851670
vt 0.592568 0.851670
vt 0.600439 0.809350
vt 0.641792 0.809106
vt 0.615242 0.809106
vt 0.628634 0.808984
vt 0.636153 0.763006
vt 0.650132 0.763372
vt 0.644494 0.713612
vt 0.630279 0.713490
vt 0.622290 0.762884
vt 0.607958 0.763006
vt 0.593860 0.763250
vt 0.600322 0.713490
vt 0.615476 0.713368
vt 0.623582 0.669097
vt 0.637915 0.669097
vt 0.630514 0.645559
vt 0.643319 0.644949
vt 0.651425 0.668488
vt 0.608310 0.668488
vt 0.617474 0.645559
vt 0.603024 0.644949
vt 0.593626 0.668000
vt 0.648958 0.623363
vt 0.636622 0.623851
vt 0.642496 0.603727
vt 0.624640 0.624094
vt 0.630749 0.604093
vt 0.636388 0.583238
vt 0.648723 0.582994
vt 0.604081 0.604093
vt 0.596680 0.623485
vt 0.611130 0.623851
vt 0.618648 0.604093
vt 0.611365 0.584092
vt 0.624640 0.583726
vt 0.597150 0.584214
vt 0.123596 0.019788
vt 0.117370 0.103086
vt 0.130880 0.103208
vt 0.123831 0.193579
vt 0.110204 0.192482
vt 0.117252 0.287610
vt 0.103507 0.286268
vt 0.151321 0.191872
vt 0.157782 0.103329
vt 0.144155 0.103208
vt 0.152613 0.022593
vt 0.103272 0.103208
vt 0.109499 0.024422
vt 0.832044 0.032267
vt 0.832044 0.011356
vt 0.836060 0.012892
vt 0.138398 0.017714
vt 0.137576 0.193091
vt 0.761891 0.048022
vt 0.770201 0.066777
vt 0.766622 0.069159
vt 0.462990 0.421886
vt 0.458173 0.433716
vt 0.474973 0.426765
vt 0.470039 0.438595
vt 0.806687 0.009261
vt 0.826058 0.013687
vt 0.806687 0.013687
vt 0.805707 0.069159
vt 0.805707 0.047557
vt 0.810136 0.069159
vt 0.130175 0.288463
vt 0.143685 0.287610
vt 0.158135 0.286756
vt 0.152613 0.373591
vt 0.107267 0.376396
vt 0.137341 0.379201
vt 0.122186 0.382128
vt 0.515620 0.128697
vt 0.523139 0.213702
vt 0.529717 0.128575
vt 0.536531 0.213702
vt 0.543110 0.128453
vt 0.535356 0.040155
vt 0.550511 0.039667
vt 0.556503 0.128575
vt 0.564843 0.044179
vt 0.570482 0.128697
vt 0.563434 0.213580
vt 0.521142 0.044789
vt 0.536061 0.381518
vt 0.543227 0.298586
vt 0.529835 0.298586
vt 0.550041 0.213580
vt 0.556737 0.298464
vt 0.570600 0.298342
vt 0.564961 0.377615
vt 0.816773 0.055128
vt 0.821234 0.075439
vt 0.816773 0.075439
vt 0.516090 0.298464
vt 0.521846 0.377981
vt 0.550746 0.381274
vt 0.770086 0.025789
vt 0.791277 0.021404
vt 0.791277 0.025789
vt 0.375469 0.422862
vt 0.363604 0.427740
vt 0.380403 0.434692
vt 0.368538 0.439692
vt 0.818828 0.054040
vt 0.818828 0.034207
vt 0.823227 0.054040
vt 0.830957 0.040977
vt 0.826851 0.040977
vt 0.830957 0.020479
vt 0.337171 0.763372
vt 0.386277 0.724833
vt 0.378171 0.763738
vt 0.371592 0.724467
vt 0.379816 0.688123
vt 0.365131 0.688245
vt 0.372649 0.656779
vt 0.387804 0.656779
vt 0.339521 0.687879
vt 0.331767 0.724101
vt 0.345395 0.724589
vt 0.351033 0.763616
vt 0.343162 0.803374
vt 0.357612 0.803496
vt 0.350329 0.841425
vt 0.335761 0.841547
vt 0.328008 0.803252
vt 0.364426 0.763738
vt 0.358200 0.724711
vt 0.352326 0.688001
vt 0.346569 0.656292
vt 0.332354 0.656536
vt 0.339638 0.624216
vt 0.380168 0.624582
vt 0.387452 0.594215
vt 0.373354 0.594458
vt 0.380638 0.569823
vt 0.367128 0.569579
vt 0.374999 0.530064
vt 0.390036 0.530552
vt 0.340343 0.569701
vt 0.331650 0.593605
vt 0.347392 0.593971
vt 0.353383 0.624338
vt 0.359492 0.656414
vt 0.370652 0.803496
vt 0.384397 0.803740
vt 0.376409 0.841669
vt 0.338111 0.879111
vt 0.351033 0.878745
vt 0.344925 0.905698
vt 0.363604 0.841547
vt 0.363604 0.878745
vt 0.357260 0.905576
vt 0.351268 0.928870
vt 0.338111 0.928626
vt 0.383810 0.906064
vt 0.392033 0.879355
vt 0.377114 0.879111
vt 0.369478 0.905698
vt 0.363016 0.928870
vt 0.356790 0.954481
vt 0.344220 0.954116
vt 0.349154 0.998753
vt 0.332237 0.444083
vt 0.340813 0.488354
vt 0.375704 0.928504
vt 0.390506 0.928748
vt 0.392033 0.444083
vt 0.383105 0.488598
vt 0.333059 0.530064
vt 0.347509 0.530064
vt 0.354558 0.569579
vt 0.360784 0.594336
vt 0.366541 0.624460
vt 0.360902 0.529942
vt 0.354675 0.488232
vt 0.347039 0.441400
vt 0.363251 0.999240
vt 0.369243 0.954238
vt 0.382753 0.953872
vt 0.335644 0.996435
vt 0.368538 0.488232
vt 0.362429 0.441034
vt 0.376644 0.996923
vt 0.377114 0.443595
vt 0.390036 0.996435
vt 0.277257 0.489818
vt 0.283484 0.996557
vt 0.272206 0.429936
vt 0.277727 0.946188
vt 0.290767 0.945700
vt 0.282074 0.899600
vt 0.269034 0.900210
vt 0.275025 0.866305
vt 0.315085 0.865085
vt 0.322956 0.827156
vt 0.308154 0.827278
vt 0.316612 0.784958
vt 0.299931 0.785812
vt 0.293822 0.827644
vt 0.300635 0.865207
vt 0.307684 0.898624
vt 0.322486 0.898258
vt 0.315790 0.944603
vt 0.269034 0.992411
vt 0.302867 0.945213
vt 0.313323 0.993996
vt 0.300165 0.423594
vt 0.304512 0.490305
vt 0.291237 0.490183
vt 0.295349 0.555797
vt 0.309681 0.556407
vt 0.318022 0.490549
vt 0.324366 0.556285
vt 0.315320 0.612874
vt 0.272911 0.609337
vt 0.313793 0.427984
vt 0.326950 0.989240
vt 0.297933 0.610923
vt 0.284893 0.609337
vt 0.281721 0.555432
vt 0.268329 0.555188
vt 0.326950 0.431277
vt 0.285951 0.426277
vt 0.299108 0.999484
vt 0.294527 0.899112
vt 0.287713 0.865695
vt 0.279842 0.828376
vt 0.265979 0.829351
vt 0.271266 0.787885
vt 0.284776 0.787032
vt 0.290767 0.761664
vt 0.306862 0.761054
vt 0.297933 0.735565
vt 0.311208 0.733980
vt 0.323309 0.758737
vt 0.277845 0.762030
vt 0.285128 0.735931
vt 0.271736 0.735931
vt 0.264335 0.762396
vt 0.315320 0.709100
vt 0.302633 0.710076
vt 0.308389 0.682147
vt 0.291590 0.710685
vt 0.296759 0.682391
vt 0.302867 0.661292
vt 0.316025 0.661170
vt 0.272206 0.683367
vt 0.264687 0.711417
vt 0.279372 0.711051
vt 0.285246 0.682879
vt 0.278785 0.662512
vt 0.290885 0.661780
vt 0.296524 0.642144
vt 0.310151 0.641900
vt 0.304395 0.626046
vt 0.320372 0.627997
vt 0.272793 0.643364
vt 0.265157 0.662877
vt 0.284776 0.642998
vt 0.289945 0.626412
vt 0.279137 0.626900
vt 0.266802 0.627143
vt 0.672101 0.460425
vt 0.664700 0.501282
vt 0.678562 0.501038
vt 0.671748 0.535918
vt 0.684201 0.999484
vt 0.675390 0.957896
vt 0.688313 0.957774
vt 0.681734 0.924236
vt 0.668811 0.924480
vt 0.660588 0.957530
vt 0.669164 0.997167
vt 0.657416 0.461401
vt 0.715333 0.461645
vt 0.707344 0.501526
vt 0.657886 0.536284
vt 0.665170 0.565676
vt 0.678327 0.565554
vt 0.684906 0.535796
vt 0.692777 0.501160
vt 0.686668 0.458840
vt 0.700178 0.997899
vt 0.701000 0.957286
vt 0.694539 0.923992
vt 0.708519 0.923992
vt 0.654479 0.995826
vt 0.701118 0.459938
vt 0.715333 0.994606
vt 0.698651 0.536162
vt 0.690662 0.565554
vt 0.713453 0.536772
vt 0.704407 0.565920
vt 0.657886 0.596898
vt 0.671866 0.596654
vt 0.665287 0.617875
vt 0.696889 0.596776
vt 0.711808 0.596898
vt 0.704172 0.617753
vt 0.684084 0.596532
vt 0.677857 0.617996
vt 0.689957 0.617753
vt 0.671396 0.638608
vt 0.683849 0.638486
vt 0.677152 0.660560
vt 0.663877 0.660438
vt 0.657299 0.638364
vt 0.696536 0.638242
vt 0.689957 0.660316
vt 0.704055 0.660194
vt 0.711691 0.637998
vt 0.683731 0.683732
vt 0.696654 0.683488
vt 0.689957 0.726052
vt 0.703467 0.725930
vt 0.710516 0.683367
vt 0.662350 0.725930
vt 0.655184 0.683245
vt 0.669986 0.683610
vt 0.676448 0.726052
vt 0.669399 0.773494
vt 0.682791 0.773372
vt 0.676330 0.818131
vt 0.663173 0.818497
vt 0.655302 0.773860
vt 0.696301 0.773494
vt 0.689018 0.818253
vt 0.702528 0.818375
vt 0.710281 0.773494
vt 0.682086 0.859719
vt 0.695361 0.859841
vt 0.688195 0.891429
vt 0.701823 0.891185
vt 0.710869 0.859841
vt 0.662703 0.891429
vt 0.655889 0.859963
vt 0.669751 0.859719
vt 0.675508 0.891551
vt 0.654244 0.924236
vt 0.336466 0.030520
vt 0.328243 0.111257
vt 0.287243 0.111135
vt 0.280547 0.199921
vt 0.294409 0.199799
vt 0.301223 0.111135
vt 0.293704 0.032471
vt 0.828176 0.005277
vt 0.807265 0.005277
vt 0.808905 0.001631
vt 0.800642 0.012534
vt 0.781270 0.012534
vt 0.781270 0.008107
vt 0.540643 0.424204
vt 0.545577 0.436034
vt 0.552508 0.419203
vt 0.557442 0.431155
vt 0.813925 0.025789
vt 0.792365 0.025789
vt 0.813925 0.021541
vt 0.788562 0.068262
vt 0.784983 0.070642
vt 0.780635 0.049513
vt 0.322369 0.025886
vt 0.314850 0.111135
vt 0.321194 0.199677
vt 0.334822 0.199799
vt 0.327655 0.287000
vt 0.287948 0.287000
vt 0.279254 0.373591
vt 0.292999 0.376884
vt 0.301340 0.287000
vt 0.307567 0.382128
vt 0.314380 0.287000
vt 0.322604 0.379079
vt 0.336466 0.373835
vt 0.307684 0.199799
vt 0.307684 0.027837
vt 0.456881 0.128697
vt 0.464282 0.213702
vt 0.470861 0.128575
vt 0.477675 0.213702
vt 0.484254 0.128453
vt 0.476617 0.040155
vt 0.491655 0.039667
vt 0.497764 0.128575
vt 0.506104 0.044179
vt 0.511626 0.128697
vt 0.504577 0.213580
vt 0.462285 0.044789
vt 0.477205 0.381518
vt 0.484371 0.298586
vt 0.471096 0.298586
vt 0.491185 0.213580
vt 0.497881 0.298464
vt 0.511743 0.298342
vt 0.506104 0.377615
vt 0.814232 0.009648
vt 0.834464 0.005544
vt 0.834464 0.009648
vt 0.457234 0.298464
vt 0.462990 0.377981
vt 0.491890 0.381274
vt 0.808271 0.032349
vt 0.812656 0.053670
vt 0.808271 0.053670
vt 0.357612 0.439692
vt 0.362546 0.427740
vt 0.345747 0.434692
vt 0.350681 0.422862
vt 0.802066 0.014045
vt 0.821849 0.018426
vt 0.802066 0.018426
vt 0.761891 0.007019
vt 0.761891 0.002913
vt 0.782389 0.007019
vt 0.572597 0.793617
vt 0.563199 0.832522
vt 0.577179 0.833254
vt 0.568133 0.870452
vt 0.529952 0.870208
vt 0.522904 0.905454
vt 0.536531 0.905576
vt 0.535944 0.942407
vt 0.548866 0.942529
vt 0.549101 0.905820
vt 0.543345 0.870208
vt 0.536884 0.832278
vt 0.523256 0.832400
vt 0.530422 0.793130
vt 0.582348 0.754834
vt 0.566253 0.754834
vt 0.573654 0.722028
vt 0.557560 0.793008
vt 0.549924 0.832278
vt 0.555563 0.870208
vt 0.561202 0.905820
vt 0.574359 0.905454
vt 0.578001 0.942651
vt 0.562729 0.942895
vt 0.554975 0.970946
vt 0.541935 0.971068
vt 0.549571 0.998631
vt 0.536179 0.437985
vt 0.543110 0.468231
vt 0.529248 0.468231
vt 0.535591 0.514087
vt 0.528543 0.970824
vt 0.534299 0.998387
vt 0.579058 0.442985
vt 0.586107 0.971190
vt 0.570365 0.970824
vt 0.563434 0.994118
vt 0.551099 0.437741
vt 0.556737 0.468353
vt 0.549336 0.514209
vt 0.541465 0.557749
vt 0.527720 0.557627
vt 0.577531 0.514819
vt 0.586107 0.468719
vt 0.571305 0.468475
vt 0.577061 0.993386
vt 0.565313 0.442010
vt 0.562964 0.514453
vt 0.555093 0.557993
vt 0.546987 0.598971
vt 0.533712 0.599093
vt 0.569308 0.558481
vt 0.583640 0.558724
vt 0.575651 0.599947
vt 0.560967 0.599337
vt 0.552861 0.637632
vt 0.540878 0.637632
vt 0.546752 0.661292
vt 0.534064 0.660804
vt 0.527133 0.637876
vt 0.565783 0.638120
vt 0.558617 0.661292
vt 0.580233 0.638973
vt 0.571892 0.661048
vt 0.525723 0.689464
vt 0.539351 0.689952
vt 0.531715 0.721662
vt 0.544990 0.722028
vt 0.537119 0.754834
vt 0.523491 0.754591
vt 0.543697 0.793130
vt 0.550746 0.754956
vt 0.558382 0.722393
vt 0.552156 0.690196
vt 0.565431 0.690196
vt 0.579881 0.689586
vt 0.199487 0.989850
vt 0.188091 0.941554
vt 0.147327 0.942286
vt 0.140278 0.907771
vt 0.154963 0.907283
vt 0.147092 0.868866
vt 0.136871 0.991313
vt 0.158957 0.430911
vt 0.154023 0.474817
vt 0.166828 0.474817
vt 0.159427 0.531650
vt 0.161424 0.942286
vt 0.152613 0.993386
vt 0.172114 0.425179
vt 0.178341 0.474817
vt 0.171997 0.531406
vt 0.184450 0.531284
vt 0.177636 0.589580
vt 0.165771 0.589702
vt 0.154140 0.589946
vt 0.147092 0.531771
vt 0.190089 0.589824
vt 0.196667 0.637510
vt 0.181513 0.637022
vt 0.196902 0.531040
vt 0.189854 0.474817
vt 0.146387 0.432863
vt 0.186564 0.426643
vt 0.168825 0.999484
vt 0.174347 0.942042
vt 0.168120 0.907039
vt 0.161307 0.868500
vt 0.154375 0.827766
vt 0.140395 0.827766
vt 0.190206 0.868256
vt 0.196315 0.907039
vt 0.181278 0.906917
vt 0.185272 0.996801
vt 0.199487 0.432497
vt 0.175639 0.868256
vt 0.167650 0.827278
vt 0.182688 0.826424
vt 0.199134 0.825937
vt 0.190324 0.802033
vt 0.147914 0.803008
vt 0.174112 0.802155
vt 0.161072 0.802399
vt 0.153670 0.775080
vt 0.137693 0.776665
vt 0.144037 0.746663
vt 0.161894 0.745931
vt 0.168590 0.774836
vt 0.182805 0.774836
vt 0.197842 0.774226
vt 0.190089 0.745444
vt 0.176579 0.745688
vt 0.169647 0.712027
vt 0.153905 0.712149
vt 0.162951 0.688001
vt 0.147679 0.687147
vt 0.136989 0.711417
vt 0.183510 0.711661
vt 0.176579 0.687513
vt 0.190089 0.686537
vt 0.197842 0.711173
vt 0.142980 0.665195
vt 0.157782 0.667024
vt 0.153905 0.650803
vt 0.170000 0.667268
vt 0.164948 0.651413
vt 0.160132 0.636168
vt 0.147797 0.636900
vt 0.188209 0.649950
vt 0.196080 0.664585
vt 0.181983 0.666170
vt 0.174934 0.651047
vt 0.170235 0.636046
vt 0.833986 0.881916
vt 0.827407 0.916918
vt 0.820123 0.882404
vt 0.813662 0.917040
vt 0.826584 0.852646
vt 0.787347 0.852646
vt 0.779711 0.821790
vt 0.794630 0.821790
vt 0.787229 0.800935
vt 0.801444 0.800813
vt 0.794748 0.780446
vt 0.779593 0.780690
vt 0.826115 0.800447
vt 0.833633 0.821424
vt 0.819653 0.821668
vt 0.813427 0.852890
vt 0.806966 0.882526
vt 0.801092 0.852890
vt 0.807436 0.821912
vt 0.813544 0.800447
vt 0.819888 0.779836
vt 0.833986 0.779958
vt 0.827172 0.758005
vt 0.787112 0.758493
vt 0.780416 0.735321
vt 0.794395 0.735199
vt 0.787112 0.692757
vt 0.800739 0.692635
vt 0.794043 0.645193
vt 0.780063 0.645315
vt 0.828229 0.692391
vt 0.835630 0.735077
vt 0.820945 0.734833
vt 0.814014 0.757883
vt 0.807436 0.779958
vt 0.793338 0.882282
vt 0.778653 0.881916
vt 0.784997 0.917040
vt 0.834221 0.956921
vt 0.819653 0.957043
vt 0.830461 0.992655
vt 0.799447 0.917040
vt 0.805908 0.957165
vt 0.816364 0.996557
vt 0.829991 0.461645
vt 0.820711 0.493598
vt 0.835630 0.494086
vt 0.826819 0.527015
vt 0.814014 0.526893
vt 0.807318 0.493720
vt 0.815307 0.457376
vt 0.801679 0.999484
vt 0.792516 0.957043
vt 0.778418 0.957165
vt 0.787347 0.995704
vt 0.799564 0.454815
vt 0.794513 0.494208
vt 0.801327 0.527137
vt 0.807670 0.558846
vt 0.820006 0.558724
vt 0.833868 0.558481
vt 0.787699 0.527503
vt 0.780298 0.494818
vt 0.784880 0.459572
vt 0.794395 0.558846
vt 0.800974 0.600434
vt 0.813779 0.600434
vt 0.826819 0.600069
vt 0.778888 0.558968
vt 0.787582 0.600312
vt 0.835043 0.644584
vt 0.820945 0.644949
vt 0.814132 0.692513
vt 0.807201 0.734833
vt 0.801092 0.758249
vt 0.807553 0.645193
vt 0.789650 0.048759
vt 0.797438 0.066759
vt 0.794241 0.069159
vt 0.505635 0.438595
vt 0.493769 0.433716
vt 0.510569 0.426765
vt 0.498703 0.421886
vt 0.829312 0.061436
vt 0.824885 0.061436
vt 0.824885 0.042065
vt 0.228621 0.032593
vt 0.236492 0.110647
vt 0.222513 0.110769
vt 0.229444 0.198092
vt 0.269504 0.198092
vt 0.276905 0.285780
vt 0.262573 0.285902
vt 0.270913 0.374079
vt 0.256699 0.379201
vt 0.249180 0.285780
vt 0.241544 0.382128
vt 0.235905 0.285658
vt 0.226859 0.376640
vt 0.222395 0.285536
vt 0.242719 0.198092
vt 0.256229 0.198092
vt 0.262925 0.110769
vt 0.276552 0.111013
vt 0.271501 0.030886
vt 0.788092 0.015216
vt 0.766520 0.015216
vt 0.768131 0.011230
vt 0.249885 0.110647
vt 0.257286 0.026129
vt 0.817740 0.027469
vt 0.817740 0.049029
vt 0.813493 0.049029
vt 0.242601 0.028081
vt 0.447248 0.377615
vt 0.439142 0.298464
vt 0.452887 0.298342
vt 0.445838 0.213580
vt 0.405426 0.213702
vt 0.398025 0.128697
vt 0.412005 0.128575
vt 0.403429 0.044789
vt 0.821382 0.019711
vt 0.825763 0.039494
vt 0.821382 0.039494
vt 0.433151 0.381274
vt 0.425515 0.298586
vt 0.393326 0.439692
vt 0.381460 0.434692
vt 0.398260 0.427740
vt 0.386394 0.422862
vt 0.785945 0.003652
vt 0.806177 0.007757
vt 0.785945 0.007757
vt 0.761891 0.030152
vt 0.761891 0.025767
vt 0.783212 0.030152
vt 0.418466 0.381518
vt 0.412240 0.298586
vt 0.418818 0.213702
vt 0.398377 0.298464
vt 0.404251 0.377981
vt 0.832044 0.033355
vt 0.836150 0.053853
vt 0.832044 0.053853
vt 0.432446 0.213580
vt 0.425515 0.128453
vt 0.417761 0.040155
vt 0.438907 0.128575
vt 0.452769 0.128697
vt 0.447248 0.044179
vt 0.432798 0.039667
vt 0.507867 0.806057
vt 0.461815 0.766786
vt 0.467219 0.805691
vt 0.475325 0.767152
vt 0.469451 0.730687
vt 0.482139 0.730931
vt 0.476383 0.699465
vt 0.462285 0.699709
vt 0.509511 0.730931
vt 0.515855 0.767396
vt 0.501405 0.767152
vt 0.494239 0.805935
vt 0.500466 0.845450
vt 0.487543 0.845450
vt 0.493534 0.883257
vt 0.506222 0.883257
vt 0.514093 0.845694
vt 0.481082 0.805935
vt 0.488130 0.767274
vt 0.494944 0.731052
vt 0.502345 0.699953
vt 0.517265 0.699953
vt 0.509746 0.667878
vt 0.469569 0.667634
vt 0.461580 0.637266
vt 0.477205 0.637632
vt 0.470156 0.613606
vt 0.484254 0.613484
vt 0.477322 0.574213
vt 0.462990 0.574213
vt 0.510099 0.613606
vt 0.516912 0.637754
vt 0.502933 0.637998
vt 0.496236 0.667878
vt 0.489305 0.699587
vt 0.473211 0.845450
vt 0.458173 0.845328
vt 0.465927 0.883257
vt 0.521729 0.920821
vt 0.506927 0.920577
vt 0.513741 0.947286
vt 0.480377 0.883135
vt 0.481082 0.920211
vt 0.468159 0.920455
vt 0.474855 0.946920
vt 0.493534 0.920211
vt 0.499408 0.947042
vt 0.505869 0.969970
vt 0.520789 0.969726
vt 0.514328 0.994850
vt 0.487190 0.946920
vt 0.480964 0.970336
vt 0.467689 0.969482
vt 0.471566 0.996435
vt 0.484958 0.439692
vt 0.477910 0.488964
vt 0.491655 0.488842
vt 0.484488 0.532991
vt 0.470744 0.532991
vt 0.463812 0.489086
vt 0.469921 0.441766
vt 0.492947 0.970458
vt 0.520437 0.489330
vt 0.512448 0.533357
vt 0.485898 0.999484
vt 0.499996 0.441400
vt 0.505635 0.489086
vt 0.498233 0.532991
vt 0.504460 0.574335
vt 0.519379 0.574701
vt 0.514328 0.443717
vt 0.500583 0.997655
vt 0.496824 0.613362
vt 0.490480 0.637998
vt 0.483196 0.667756
vt 0.490597 0.574091
vt 0.024210 0.008080
vt 0.034900 0.123819
vt 0.039717 0.000518
vt 0.049467 0.121867
vt 0.043946 0.212117
vt 0.055811 0.208336
vt 0.063212 0.121014
vt 0.017748 0.207483
vt 0.013637 0.276877
vt 0.026794 0.276511
vt 0.018218 0.337369
vt 0.031023 0.340662
vt 0.036427 0.279804
vt 0.029966 0.211141
vt 0.021508 0.123697
vt 0.055811 0.007348
vt 0.006118 0.122111
vt 0.008115 0.014421
vt 0.045238 0.342491
vt 0.048410 0.279682
vt 0.058161 0.338588
vt 0.059218 0.275170
vt 0.798346 0.046934
vt 0.761891 0.046934
vt 0.764117 0.042375
vt 0.451947 0.439692
vt 0.457116 0.425179
vt 0.439612 0.432253
vt 0.444194 0.417496
vt 0.715333 0.022105
vt 0.701118 0.024178
vt 0.708167 0.155162
vt 0.694069 0.154064
vt 0.700531 0.287975
vt 0.687960 0.291146
vt 0.693012 0.386518
vt 0.704172 0.383347
vt 0.713806 0.287366
vt 0.665757 0.155894
vt 0.661645 0.287732
vt 0.673863 0.290415
vt 0.672101 0.385177
vt 0.682556 0.388104
vt 0.686551 0.019300
vt 0.679737 0.154430
vt 0.672453 0.017226
vt 0.761891 0.075439
vt 0.806553 0.070247
vt 0.805362 0.074764
vt 0.433151 0.439083
vt 0.438320 0.425789
vt 0.421285 0.434082
vt 0.426454 0.420789
vt 0.664582 0.448717
vt 0.675390 0.456157
vt 0.688430 0.456523
vt 0.699708 0.449327
vt 0.711339 0.448717
vt 0.963564 0.209678
vt 0.948996 0.209800
vt 0.956163 0.228947
vt 0.943123 0.229435
vt 0.936896 0.209678
vt 0.942653 0.191018
vt 0.955693 0.191262
vt 0.948996 0.171627
vt 0.962976 0.171749
vt 0.917395 0.191262
vt 0.909876 0.209678
vt 0.924679 0.209556
vt 0.917160 0.228825
vt 0.930787 0.229313
vt 0.930787 0.190896
vt 0.923974 0.171627
vt 0.909406 0.171749
vt 0.916808 0.150894
vt 0.955693 0.151015
vt 0.962859 0.132112
vt 0.948644 0.132112
vt 0.955340 0.114550
vt 0.942418 0.114428
vt 0.948762 0.096500
vt 0.963094 0.096866
vt 0.916690 0.114428
vt 0.909171 0.131868
vt 0.923739 0.131868
vt 0.930200 0.150894
vt 0.936544 0.171505
vt 0.942535 0.151137
vt 0.936426 0.132112
vt 0.930318 0.114306
vt 0.923386 0.096622
vt 0.908702 0.096988
vt 0.915398 0.077474
vt 0.955810 0.077108
vt 0.964269 0.041984
vt 0.929260 0.076742
vt 0.920567 0.041374
vt 0.933489 0.494086
vt 0.927146 0.455669
vt 0.940656 0.455791
vt 0.934077 0.424448
vt 0.921037 0.424082
vt 0.912813 0.454815
vt 0.905412 0.423838
vt 0.913283 0.394202
vt 0.954166 0.394202
vt 0.918335 0.491769
vt 0.906234 0.042594
vt 0.927498 0.393958
vt 0.940538 0.393958
vt 0.946764 0.424569
vt 0.961097 0.424326
vt 0.954518 0.455425
vt 0.903532 0.490183
vt 0.949114 0.493110
vt 0.935017 0.039301
vt 0.942418 0.076620
vt 0.936191 0.096378
vt 0.949819 0.040033
vt 0.964269 0.490793
vt 0.871813 0.869720
vt 0.879567 0.854719
vt 0.866057 0.853987
vt 0.873576 0.833254
vt 0.859478 0.833254
vt 0.852665 0.854475
vt 0.860301 0.869720
vt 0.846438 0.870939
vt 0.854427 0.882282
vt 0.865940 0.882282
vt 0.894487 0.855329
vt 0.901770 0.833620
vt 0.887321 0.833498
vt 0.885441 0.871061
vt 0.877335 0.882282
vt 0.902358 0.871549
vt 0.893547 0.882404
vt 0.847143 0.895331
vt 0.860183 0.895819
vt 0.853134 0.919235
vt 0.884736 0.894843
vt 0.901770 0.894965
vt 0.893782 0.918991
vt 0.871579 0.895819
vt 0.865822 0.919357
vt 0.878392 0.919113
vt 0.859361 0.943383
vt 0.872283 0.943261
vt 0.865822 0.970092
vt 0.851842 0.969726
vt 0.845263 0.942895
vt 0.885911 0.942773
vt 0.879332 0.969848
vt 0.893664 0.969482
vt 0.901183 0.942773
vt 0.842914 0.997411
vt 0.872753 0.999484
vt 0.858891 0.514575
vt 0.865352 0.555066
vt 0.851607 0.555188
vt 0.858773 0.592263
vt 0.844793 0.592629
vt 0.893664 0.556163
vt 0.902475 0.516771
vt 0.857716 0.998996
vt 0.844324 0.515429
vt 0.887556 0.998021
vt 0.873693 0.514697
vt 0.879332 0.555432
vt 0.871461 0.592385
vt 0.888143 0.516161
vt 0.902240 0.997167
vt 0.884266 0.592873
vt 0.876513 0.623363
vt 0.865000 0.623241
vt 0.852312 0.622997
vt 0.898598 0.593971
vt 0.889318 0.623729
vt 0.844793 0.658609
vt 0.857834 0.658609
vt 0.851607 0.698002
vt 0.863355 0.698246
vt 0.870169 0.658975
vt 0.882386 0.659219
vt 0.896366 0.659097
vt 0.889318 0.698489
vt 0.875103 0.698367
vt 0.869111 0.735199
vt 0.855484 0.734833
vt 0.861005 0.783373
vt 0.846321 0.783007
vt 0.841269 0.733858
vt 0.882386 0.734955
vt 0.875338 0.783495
vt 0.889200 0.783495
vt 0.896719 0.734833
vt 0.844559 0.833498
vt 0.905295 0.271145
vt 0.919862 0.271267
vt 0.912696 0.314563
vt 0.926676 0.314319
vt 0.920449 0.354809
vt 0.905412 0.355053
vt 0.953931 0.314563
vt 0.960509 0.271267
vt 0.946764 0.271389
vt 0.933372 0.271267
vt 0.940303 0.314319
vt 0.946999 0.354687
vt 0.961214 0.354931
vt 0.933842 0.354565
vt 0.885088 0.373347
vt 0.890375 0.330051
vt 0.876278 0.330539
vt 0.882504 0.306025
vt 0.846203 0.374322
vt 0.841387 0.424326
vt 0.854779 0.423838
vt 0.850432 0.469207
vt 0.863355 0.468841
vt 0.857716 0.488964
vt 0.843501 0.487866
vt 0.888495 0.468475
vt 0.893664 0.422862
vt 0.880272 0.423106
vt 0.872283 0.373713
vt 0.863942 0.331515
vt 0.868172 0.305781
vt 0.883796 0.267974
vt 0.899891 0.268340
vt 0.845733 0.306391
vt 0.838802 0.331027
vt 0.851842 0.331637
vt 0.859126 0.374079
vt 0.867584 0.423350
vt 0.875220 0.468597
vt 0.870286 0.489208
vt 0.883209 0.488232
vt 0.898481 0.486159
vt 0.894487 0.506526
vt 0.876865 0.044667
vt 0.882621 0.067352
vt 0.867702 0.066010
vt 0.873928 0.086865
vt 0.893547 0.087231
vt 0.898951 0.066986
vt 0.847613 0.084304
vt 0.840094 0.099427
vt 0.853369 0.100159
vt 0.847143 0.117721
vt 0.861005 0.117599
vt 0.854897 0.139917
vt 0.839859 0.139795
vt 0.890845 0.117965
vt 0.902358 0.101744
vt 0.883444 0.099305
vt 0.865705 0.100037
vt 0.859361 0.085158
vt 0.854662 0.064912
vt 0.841034 0.064912
vt 0.846556 0.043814
vt 0.864060 0.513356
vt 0.891080 0.048204
vt 0.848670 0.509819
vt 0.879802 0.510917
vt 0.861710 0.041740
vt 0.857246 0.306025
vt 0.854427 0.267608
vt 0.840917 0.267974
vt 0.889905 0.233704
vt 0.875220 0.233948
vt 0.881447 0.200409
vt 0.895544 0.200409
vt 0.848200 0.232972
vt 0.861828 0.233460
vt 0.868407 0.267852
vt 0.888260 0.167358
vt 0.868524 0.200165
vt 0.875220 0.166870
vt 0.855601 0.199677
vt 0.841269 0.199555
vt 0.848200 0.166504
vt 0.862415 0.166626
vt 0.868759 0.139795
vt 0.882152 0.140161
vt 0.896484 0.141259
vt 0.875103 0.116989
vt 0.585053 0.508325
vt 0.589711 0.493838
vt 0.579972 0.504673
vt 0.583889 0.491768
vt 0.595745 0.467299
vt 0.577432 0.464620
vt 0.583677 0.427734
vt 0.561448 0.427247
vt 0.557107 0.462429
vt 0.570234 0.488603
vt 0.576585 0.502968
vt 0.572880 0.514168
vt 0.575103 0.515142
vt 0.576267 0.516238
vt 0.589393 0.513194
vt 0.578702 0.515386
vt 0.576373 0.516481
vt 0.575632 0.516968
vt 0.598391 0.498220
vt 0.605166 0.469003
vt 0.603366 0.428221
vt 0.584524 0.389021
vt 0.562824 0.389994
vt 0.528738 0.393160
vt 0.530008 0.428221
vt 0.529479 0.461455
vt 0.553614 0.485803
vt 0.566317 0.499681
vt 0.570657 0.513560
vt 0.572774 0.518307
vt 0.574785 0.517577
vt 0.585794 0.524516
vt 0.589288 0.520377
vt 0.589393 0.518186
vt 0.589711 0.515751
vt 0.606119 0.510516
vt 0.603896 0.506377
vt 0.632900 0.494933
vt 0.616387 0.508325
vt 0.653331 0.485560
vt 0.665504 0.464377
vt 0.688686 0.452933
vt 0.627608 0.487629
vt 0.617763 0.476429
vt 0.597968 0.516603
vt 0.653436 0.453907
vt 0.637558 0.442464
vt 0.617128 0.430534
vt 0.624114 0.388534
vt 0.602731 0.388290
vt 0.621891 0.345073
vt 0.668468 0.357125
vt 0.654918 0.401438
vt 0.702977 0.372342
vt 0.678630 0.414464
vt 0.697049 0.426638
vt 0.721396 0.412881
vt 0.726371 0.385003
vt 0.750612 0.369177
vt 0.724042 0.328395
vt 0.752729 0.340934
vt 0.776018 0.324377
vt 0.776124 0.295768
vt 0.798777 0.276777
vt 0.796130 0.248047
vt 0.819101 0.227473
vt 0.811374 0.200325
vt 0.834450 0.184621
vt 0.819630 0.171351
vt 0.841013 0.166847
vt 0.827252 0.153699
vt 0.845142 0.151143
vt 0.828310 0.142377
vt 0.847576 0.123630
vt 0.836885 0.115716
vt 0.845459 0.114743
vt 0.855727 0.113525
vt 0.857421 0.107560
vt 0.860173 0.109021
vt 0.859644 0.106221
vt 0.856892 0.104151
vt 0.861126 0.098795
vt 0.846624 0.104273
vt 0.837626 0.106464
vt 0.840378 0.100621
vt 0.842601 0.092343
vt 0.820901 0.081264
vt 0.815502 0.087717
vt 0.810844 0.094047
vt 0.804599 0.104395
vt 0.787132 0.127160
vt 0.780887 0.137873
vt 0.771466 0.157229
vt 0.766808 0.190951
vt 0.757387 0.238308
vt 0.742144 0.283595
vt 0.676725 0.312447
vt 0.614164 0.303925
vt 0.598285 0.347142
vt 0.590558 0.307334
vt 0.580607 0.349212
vt 0.680430 0.268864
vt 0.602943 0.264360
vt 0.679054 0.228447
vt 0.675454 0.190829
vt 0.724889 0.172325
vt 0.744896 0.147856
vt 0.754317 0.136047
vt 0.761621 0.119734
vt 0.777605 0.101108
vt 0.788297 0.085769
vt 0.776864 0.073595
vt 0.783216 0.069090
vt 0.786180 0.063734
vt 0.787768 0.056673
vt 0.827464 0.070551
vt 0.848423 0.080412
vt 0.860914 0.092464
vt 0.862079 0.085647
vt 0.864619 0.095630
vt 0.867160 0.089908
vt 0.866842 0.087351
vt 0.863137 0.097699
vt 0.773583 0.054482
vt 0.772948 0.061177
vt 0.759928 0.054847
vt 0.772419 0.067143
vt 0.770619 0.070795
vt 0.754741 0.070551
vt 0.753576 0.074447
vt 0.742991 0.072012
vt 0.751988 0.078586
vt 0.738756 0.086134
vt 0.748495 0.088325
vt 0.743943 0.102690
vt 0.741720 0.110116
vt 0.731876 0.106343
vt 0.739603 0.118030
vt 0.736745 0.126064
vt 0.674078 0.153456
vt 0.577114 0.189977
vt 0.589923 0.225647
vt 0.580184 0.268012
vt 0.573198 0.310255
vt 0.566846 0.229055
vt 0.562930 0.271421
vt 0.550227 0.232342
vt 0.545146 0.275316
vt 0.553508 0.313786
vt 0.559966 0.351890
vt 0.525139 0.357125
vt 0.553508 0.192534
vt 0.519211 0.320360
vt 0.511060 0.282742
vt 0.534348 0.235751
vt 0.538688 0.195090
vt 0.537947 0.160029
vt 0.553614 0.155282
vt 0.575315 0.154064
vt 0.581243 0.123264
vt 0.676301 0.126551
vt 0.682123 0.102325
vt 0.687204 0.087838
vt 0.691968 0.062395
vt 0.692603 0.053143
vt 0.744473 0.066290
vt 0.755587 0.068603
vt 0.765326 0.068603
vt 0.764691 0.063369
vt 0.758234 0.059595
vt 0.756328 0.066899
vt 0.744049 0.061786
vt 0.694085 0.048273
vt 0.756752 0.064586
vt 0.757175 0.062151
vt 0.748072 0.055821
vt 0.752306 0.054847
vt 0.743202 0.047543
vt 0.742038 0.049125
vt 0.695461 0.039264
vt 0.695461 0.044012
vt 0.602731 0.024047
vt 0.601355 0.030377
vt 0.600403 0.036586
vt 0.599767 0.048517
vt 0.593310 0.071525
vt 0.587700 0.086864
vt 0.573939 0.103177
vt 0.556155 0.127525
vt 0.539535 0.131056
vt 0.545146 0.110482
vt 0.554143 0.085525
vt 0.556366 0.080412
vt 0.542288 0.086499
vt 0.532655 0.082238
vt 0.534454 0.088812
vt 0.574044 0.074325
vt 0.570657 0.061664
vt 0.565470 0.062273
vt 0.563459 0.054847
vt 0.549380 0.064464
vt 0.538688 0.049003
vt 0.532231 0.059108
vt 0.528315 0.052777
vt 0.522281 0.060447
vt 0.538900 0.066047
vt 0.520270 0.069821
vt 0.516670 0.081751
vt 0.519317 0.088812
vt 0.514447 0.095386
vt 0.512648 0.090273
vt 0.507249 0.073595
vt 0.510425 0.065560
vt 0.510213 0.051925
vt 0.526621 0.046082
vt 0.540700 0.038047
vt 0.565788 0.046569
vt 0.573727 0.047543
vt 0.575209 0.038047
vt 0.566423 0.042551
vt 0.567905 0.036343
vt 0.542076 0.025630
vt 0.570234 0.026482
vt 0.583677 0.031351
vt 0.587065 0.028308
vt 0.526409 0.035490
vt 0.509049 0.045960
vt 0.579125 0.025630
vt 0.581348 0.022951
vt 0.583783 0.020882
vt 0.582725 0.018204
vt 0.602414 0.017717
vt 0.572457 0.011751
vt 0.602943 0.009804
vt 0.574997 0.005299
vt 0.525139 0.002743
vt 0.527574 0.007734
vt 0.512436 0.008951
vt 0.530326 0.014551
vt 0.571610 0.017838
vt 0.571080 0.023560
vt 0.541970 0.023925
vt 0.675243 0.022586
vt 0.511907 0.003960
vt 0.532549 0.020638
vt 0.516565 0.019299
vt 0.514553 0.013577
vt 0.508520 0.015890
vt 0.492324 0.014795
vt 0.491583 0.009317
vt 0.491583 0.004447
vt 0.481844 0.007125
vt 0.481632 0.005177
vt 0.470941 0.006273
vt 0.471470 0.011264
vt 0.430186 0.014673
vt 0.481950 0.009925
vt 0.482161 0.012847
vt 0.482479 0.015647
vt 0.483220 0.018325
vt 0.472317 0.016864
vt 0.493276 0.020760
vt 0.509155 0.018934
vt 0.493382 0.023073
vt 0.483961 0.020882
vt 0.473693 0.022099
vt 0.474434 0.024656
vt 0.485019 0.025630
vt 0.510319 0.024291
vt 0.517306 0.022464
vt 0.524610 0.023073
vt 0.532655 0.023560
vt 0.525245 0.025751
vt 0.510319 0.034151
vt 0.489995 0.045108
vt 0.485549 0.034151
vt 0.475598 0.030377
vt 0.475069 0.027090
vt 0.454427 0.035004
vt 0.452945 0.028673
vt 0.476022 0.035125
vt 0.477080 0.040482
vt 0.481844 0.047299
vt 0.488301 0.060934
vt 0.488513 0.067508
vt 0.489995 0.082969
vt 0.491371 0.093438
vt 0.468083 0.098916
vt 0.450934 0.089299
vt 0.444053 0.077247
vt 0.463531 0.066412
vt 0.462260 0.059717
vt 0.458026 0.045351
vt 0.426799 0.054360
vt 0.438760 0.056064
vt 0.442148 0.070551
vt 0.434738 0.073473
vt 0.432303 0.065925
vt 0.424576 0.062760
vt 0.429763 0.075543
vt 0.431668 0.082360
vt 0.439607 0.087108
vt 0.447970 0.094777
vt 0.447335 0.110725
vt 0.468929 0.105856
vt 0.523022 0.135195
vt 0.522704 0.165873
vt 0.525880 0.197769
vt 0.493276 0.208847
vt 0.501639 0.243664
vt 0.434950 0.089299
vt 0.437914 0.101230
vt 0.486607 0.180725
vt 0.449240 0.194238
vt 0.456015 0.221508
vt 0.479515 0.151873
vt 0.442783 0.165629
vt 0.456227 0.138725
vt 0.433044 0.114134
vt 0.424046 0.093073
vt 0.416742 0.076882
vt 0.420236 0.058743
vt 0.416001 0.055212
vt 0.407533 0.067021
vt 0.392819 0.072743
vt 0.401393 0.088690
vt 0.380857 0.107560
vt 0.388479 0.131786
vt 0.402452 0.180969
vt 0.410709 0.208360
vt 0.418965 0.234777
vt 0.464907 0.253769
vt 0.475175 0.291264
vt 0.484173 0.327786
vt 0.491371 0.363090
vt 0.496664 0.397299
vt 0.500051 0.430534
vt 0.440242 0.300395
vt 0.450616 0.335821
vt 0.459296 0.369786
vt 0.466177 0.402412
vt 0.428916 0.264969
vt 0.382445 0.249386
vt 0.372177 0.224795
vt 0.361062 0.198499
vt 0.342749 0.151995
vt 0.362650 0.132882
vt 0.353440 0.105734
vt 0.346348 0.085282
vt 0.386679 0.057647
vt 0.419706 0.046447
vt 0.416531 0.039751
vt 0.427010 0.033908
vt 0.430080 0.026117
vt 0.430927 0.019664
vt 0.416107 0.019056
vt 0.417907 0.023925
vt 0.420130 0.029525
vt 0.411979 0.032569
vt 0.410814 0.029769
vt 0.409862 0.026969
vt 0.408803 0.024169
vt 0.399170 0.027456
vt 0.408168 0.022464
vt 0.377576 0.032690
vt 0.400970 0.033177
vt 0.381175 0.042551
vt 0.379269 0.036951
vt 0.334492 0.053264
vt 0.333010 0.049247
vt 0.291832 0.071160
vt 0.289080 0.065925
vt 0.336398 0.058377
vt 0.339150 0.065682
vt 0.383715 0.050221
vt 0.342008 0.072499
vt 0.293844 0.075908
vt 0.297019 0.083577
vt 0.299983 0.090517
vt 0.304958 0.104151
vt 0.311627 0.124482
vt 0.318402 0.152603
vt 0.331740 0.188882
vt 0.322742 0.213595
vt 0.334704 0.239282
vt 0.358733 0.244882
vt 0.369531 0.267890
vt 0.393560 0.277386
vt 0.406368 0.310377
vt 0.418542 0.344829
vt 0.428704 0.377334
vt 0.437067 0.408499
vt 0.471258 0.433942
vt 0.501956 0.462429
vt 0.528738 0.484220
vt 0.551920 0.497490
vt 0.562824 0.512342
vt 0.570551 0.518916
vt 0.577644 0.529994
vt 0.580819 0.528290
vt 0.585159 0.540586
vt 0.590770 0.538394
vt 0.571080 0.544846
vt 0.567164 0.534133
vt 0.562718 0.520133
vt 0.550544 0.511733
vt 0.528209 0.511612
vt 0.528420 0.496029
vt 0.502697 0.484586
vt 0.474751 0.464499
vt 0.443524 0.438447
vt 0.409438 0.415560
vt 0.399594 0.386099
vt 0.387844 0.355177
vt 0.374188 0.322551
vt 0.359263 0.289803
vt 0.334598 0.281038
vt 0.350900 0.312934
vt 0.343596 0.335942
vt 0.358839 0.366621
vt 0.337139 0.358221
vt 0.319990 0.327664
vt 0.372177 0.395838
vt 0.346348 0.406673
vt 0.359368 0.432603
vt 0.383504 0.423594
vt 0.331422 0.379403
vt 0.309616 0.372586
vt 0.326341 0.399612
vt 0.322107 0.418725
vt 0.337033 0.442707
vt 0.318720 0.436864
vt 0.301994 0.413247
vt 0.349630 0.465473
vt 0.370166 0.457438
vt 0.392713 0.450255
vt 0.417272 0.443925
vt 0.448393 0.467420
vt 0.476551 0.486047
vt 0.503015 0.496273
vt 0.503544 0.512342
vt 0.477292 0.497490
vt 0.450934 0.488116
vt 0.423200 0.471316
vt 0.399700 0.475942
vt 0.378422 0.481177
vt 0.359580 0.487264
vt 0.343490 0.494081
vt 0.331317 0.474481
vt 0.316391 0.453907
vt 0.303582 0.446116
vt 0.319567 0.467055
vt 0.322954 0.479351
vt 0.336609 0.497733
vt 0.326659 0.490794
vt 0.311522 0.472168
vt 0.344125 0.509664
vt 0.349736 0.507229
vt 0.364555 0.502116
vt 0.382657 0.497733
vt 0.403299 0.494081
vt 0.426164 0.491038
vt 0.451887 0.499438
vt 0.478033 0.513194
vt 0.478351 0.524273
vt 0.453157 0.525003
vt 0.452733 0.514168
vt 0.428916 0.525368
vt 0.428387 0.515386
vt 0.427328 0.501629
vt 0.404675 0.503699
vt 0.384350 0.506499
vt 0.366567 0.510029
vt 0.352276 0.513560
vt 0.347513 0.515264
vt 0.343913 0.516968
vt 0.339891 0.511977
vt 0.330364 0.501264
vt 0.321049 0.494447
vt 0.334704 0.509907
vt 0.336504 0.513681
vt 0.341479 0.518794
vt 0.338409 0.516968
vt 0.331528 0.511490
vt 0.316814 0.497247
vt 0.306229 0.475820
vt 0.296067 0.451229
vt 0.286222 0.423351
vt 0.283681 0.388047
vt 0.290668 0.343734
vt 0.301677 0.297108
vt 0.323060 0.259490
vt 0.307287 0.230029
vt 0.293420 0.202882
vt 0.277012 0.167212
vt 0.300936 0.144203
vt 0.298925 0.136534
vt 0.294267 0.123630
vt 0.288868 0.108290
vt 0.281458 0.094412
vt 0.278600 0.089664
vt 0.274260 0.082969
vt 0.273096 0.080899
vt 0.271826 0.079073
vt 0.263780 0.083090
vt 0.269391 0.076882
vt 0.254465 0.084673
vt 0.265792 0.087230
vt 0.267062 0.089543
vt 0.271085 0.094047
vt 0.272672 0.096360
vt 0.274048 0.098551
vt 0.276483 0.102203
vt 0.281776 0.111212
vt 0.284528 0.115716
vt 0.278283 0.118395
vt 0.289715 0.127160
vt 0.269391 0.106464
vt 0.264945 0.100986
vt 0.259652 0.094169
vt 0.256688 0.089177
vt 0.247373 0.092343
vt 0.245891 0.089664
vt 0.229377 0.102447
vt 0.211064 0.112551
vt 0.248325 0.094169
vt 0.249596 0.096725
vt 0.232659 0.107560
vt 0.213922 0.116325
vt 0.180472 0.140916
vt 0.177190 0.137021
vt 0.149668 0.167821
vt 0.146174 0.164169
vt 0.125744 0.185838
vt 0.129449 0.189490
vt 0.109548 0.213838
vt 0.104573 0.212255
vt 0.099915 0.226255
vt 0.096210 0.222725
vt 0.086472 0.232464
vt 0.089541 0.237455
vt 0.082767 0.240012
vt 0.080861 0.237334
vt 0.078956 0.242203
vt 0.074298 0.243908
vt 0.198573 0.130082
vt 0.183859 0.145056
vt 0.082873 0.242082
vt 0.083719 0.245977
vt 0.092611 0.241229
vt 0.081708 0.254499
vt 0.077050 0.247316
vt 0.070064 0.249751
vt 0.102773 0.230273
vt 0.114523 0.216638
vt 0.107008 0.235995
vt 0.099174 0.246464
vt 0.089859 0.259977
vt 0.106584 0.252064
vt 0.112618 0.240012
vt 0.114100 0.249142
vt 0.113359 0.259855
vt 0.105420 0.261316
vt 0.097692 0.265212
vt 0.077686 0.295160
vt 0.068370 0.291629
vt 0.059267 0.289438
vt 0.052809 0.286395
vt 0.028780 0.329612
vt 0.036296 0.332655
vt 0.015019 0.374777
vt 0.022217 0.377455
vt 0.015231 0.393647
vt 0.042118 0.334725
vt 0.051327 0.337890
vt 0.078215 0.306238
vt 0.088059 0.299664
vt 0.082555 0.308064
vt 0.061066 0.342516
vt 0.097692 0.274951
vt 0.107325 0.273855
vt 0.102138 0.279942
vt 0.092188 0.301490
vt 0.089965 0.312568
vt 0.046564 0.379525
vt 0.035343 0.380012
vt 0.028039 0.378916
vt 0.020947 0.395229
vt 0.015442 0.404360
vt 0.013749 0.404116
vt 0.012372 0.412638
vt 0.006233 0.420551
vt 0.015548 0.422499
vt 0.008667 0.431629
vt 0.006868 0.451960
vt 0.010573 0.464620
vt 0.007291 0.463403
vt 0.006339 0.470342
vt 0.006127 0.480203
vt 0.013960 0.480081
vt 0.008350 0.501751
vt 0.001787 0.515994
vt 0.004116 0.537299
vt 0.000728 0.547646
vt 0.003798 0.547768
vt 0.002422 0.568220
vt 0.006444 0.547890
vt 0.011208 0.537664
vt 0.018194 0.502603
vt 0.022746 0.471194
vt 0.020735 0.431994
vt 0.021794 0.413977
vt 0.017453 0.413368
vt 0.023381 0.405334
vt 0.026345 0.396568
vt 0.035978 0.399247
vt 0.044553 0.391455
vt 0.059372 0.404968
vt 0.073663 0.351281
vt 0.081602 0.354690
vt 0.097586 0.317073
vt 0.096740 0.308551
vt 0.096740 0.305873
vt 0.101503 0.310864
vt 0.103832 0.312325
vt 0.107008 0.308308
vt 0.117699 0.290047
vt 0.112406 0.287490
vt 0.111771 0.278238
vt 0.110501 0.266308
vt 0.118017 0.263629
vt 0.116641 0.255229
vt 0.116641 0.251334
vt 0.119710 0.244395
vt 0.000093 0.575159
vt 0.120134 0.251821
vt 0.123945 0.255351
vt 0.122569 0.262047
vt 0.119287 0.266064
vt 0.117911 0.272760
vt 0.115688 0.279821
vt 0.126274 0.286516
vt 0.125109 0.277629
vt 0.128285 0.280064
vt 0.126274 0.272638
vt 0.120028 0.292238
vt 0.126379 0.289073
vt 0.124051 0.297108
vt 0.109337 0.309647
vt 0.115053 0.312447
vt 0.146492 0.302829
vt 0.149562 0.295160
vt 0.133154 0.275195
vt 0.130614 0.270203
vt 0.127120 0.268255
vt 0.126697 0.258638
vt 0.131566 0.265699
vt 0.136224 0.266551
vt 0.136330 0.259490
vt 0.134107 0.258029
vt 0.148927 0.246951
vt 0.169145 0.267890
vt 0.159512 0.281038
vt 0.154537 0.287734
vt 0.171580 0.302221
vt 0.178037 0.296621
vt 0.187776 0.286638
vt 0.212334 0.239647
vt 0.198256 0.212499
vt 0.256688 0.217612
vt 0.229060 0.263264
vt 0.216463 0.309403
vt 0.204819 0.316829
vt 0.230012 0.339473
vt 0.225249 0.343368
vt 0.249172 0.370394
vt 0.243880 0.374047
vt 0.221226 0.346534
vt 0.198679 0.320238
vt 0.194762 0.324864
vt 0.167557 0.308916
vt 0.160571 0.307090
vt 0.159301 0.311108
vt 0.142999 0.313055
vt 0.142575 0.317803
vt 0.155278 0.320116
vt 0.164699 0.316342
vt 0.191057 0.329734
vt 0.241551 0.331438
vt 0.168933 0.330586
vt 0.140564 0.324742
vt 0.109548 0.321455
vt 0.103409 0.319386
vt 0.069641 0.404238
vt 0.091129 0.357368
vt 0.094305 0.358221
vt 0.075992 0.413247
vt 0.064348 0.420186
vt 0.051645 0.411786
vt 0.034496 0.414829
vt 0.030050 0.407160
vt 0.029521 0.414586
vt 0.025499 0.405942
vt 0.034708 0.422499
vt 0.040848 0.414342
vt 0.042012 0.431021
vt 0.055138 0.428221
vt 0.029627 0.431386
vt 0.031109 0.471681
vt 0.026557 0.504916
vt 0.020523 0.537664
vt 0.012690 0.546429
vt 0.010573 0.546429
vt 0.010044 0.567003
vt 0.005809 0.575890
vt 0.002951 0.580029
vt 0.001046 0.585507
vt 0.004645 0.587455
vt 0.005915 0.597316
vt 0.009726 0.595733
vt 0.011208 0.606690
vt 0.010996 0.617525
vt 0.014384 0.615212
vt 0.011102 0.633838
vt 0.006974 0.634325
vt 0.012372 0.643942
vt 0.010679 0.655264
vt 0.006550 0.585994
vt 0.014701 0.633107
vt 0.017136 0.632499
vt 0.019147 0.643212
vt 0.021899 0.642725
vt 0.023276 0.664272
vt 0.016713 0.665368
vt 0.030685 0.685698
vt 0.023593 0.688498
vt 0.036296 0.707490
vt 0.031321 0.710533
vt 0.039472 0.718568
vt 0.037884 0.721977
vt 0.042330 0.728672
vt 0.046987 0.725020
vt 0.050375 0.735003
vt 0.053656 0.744985
vt 0.056303 0.743038
vt 0.066994 0.759229
vt 0.017559 0.677055
vt 0.052598 0.733298
vt 0.056303 0.730377
vt 0.061913 0.738655
vt 0.071122 0.756429
vt 0.080332 0.771524
vt 0.077897 0.771768
vt 0.086577 0.791124
vt 0.088483 0.799768
vt 0.082343 0.770794
vt 0.074086 0.754359
vt 0.076098 0.752898
vt 0.064136 0.737072
vt 0.063183 0.726238
vt 0.053233 0.720516
vt 0.045717 0.713577
vt 0.041695 0.716620
vt 0.043071 0.703107
vt 0.048258 0.712116
vt 0.053339 0.709072
vt 0.061066 0.716133
vt 0.065512 0.724898
vt 0.068264 0.735003
vt 0.078638 0.751924
vt 0.088377 0.772377
vt 0.093987 0.797820
vt 0.100551 0.812551
vt 0.102985 0.814133
vt 0.102244 0.824481
vt 0.098857 0.796116
vt 0.094411 0.772864
vt 0.089224 0.763977
vt 0.081285 0.750951
vt 0.073663 0.731472
vt 0.086683 0.748516
vt 0.096210 0.761177
vt 0.101503 0.771038
vt 0.104361 0.770307
vt 0.107643 0.785768
vt 0.104150 0.794655
vt 0.107960 0.814620
vt 0.108807 0.823264
vt 0.107960 0.828011
vt 0.105949 0.831298
vt 0.111242 0.831785
vt 0.123733 0.846637
vt 0.115476 0.830690
vt 0.120981 0.827890
vt 0.112618 0.812672
vt 0.114841 0.791368
vt 0.128496 0.852846
vt 0.088800 0.746690
vt 0.121404 0.810481
vt 0.130402 0.821681
vt 0.141411 0.840307
vt 0.138235 0.814864
vt 0.131990 0.805733
vt 0.131143 0.848950
vt 0.134001 0.846394
vt 0.146598 0.867333
vt 0.149244 0.865020
vt 0.144163 0.856620
vt 0.150938 0.863437
vt 0.152102 0.861368
vt 0.168828 0.883403
vt 0.170310 0.881455
vt 0.177402 0.887177
vt 0.175285 0.889855
vt 0.183753 0.894359
vt 0.190846 0.901298
vt 0.200373 0.905437
vt 0.208629 0.912620
vt 0.229589 0.921263
vt 0.250019 0.934655
vt 0.273837 0.942811
vt 0.295643 0.954498
vt 0.317026 0.960220
vt 0.335445 0.968498
vt 0.344866 0.970690
vt 0.362756 0.979698
vt 0.382551 0.981768
vt 0.403299 0.985420
vt 0.422776 0.987976
vt 0.431880 0.991507
vt 0.450299 0.992481
vt 0.458238 0.996133
vt 0.474857 0.996133
vt 0.491688 0.998933
vt 0.510002 0.998081
vt 0.527891 0.999055
vt 0.527785 0.995403
vt 0.543346 0.995524
vt 0.544087 0.994185
vt 0.548533 0.996742
vt 0.548427 0.993942
vt 0.549698 0.992237
vt 0.546310 0.990046
vt 0.541864 0.991385
vt 0.509896 0.993090
vt 0.475492 0.991385
vt 0.451146 0.988098
vt 0.423623 0.983229
vt 0.383821 0.975803
vt 0.346983 0.965576
vt 0.318931 0.955472
vt 0.275954 0.938794
vt 0.168087 0.884255
vt 0.571080 0.994185
vt 0.322531 0.946220
vt 0.350371 0.955472
vt 0.386468 0.965455
vt 0.426164 0.974098
vt 0.407109 0.967646
vt 0.387420 0.960829
vt 0.368049 0.958029
vt 0.368684 0.955716
vt 0.352064 0.950724
vt 0.389220 0.951698
vt 0.407639 0.965455
vt 0.427222 0.969594
vt 0.435902 0.973611
vt 0.452733 0.978724
vt 0.475916 0.981646
vt 0.510213 0.983837
vt 0.542393 0.983837
vt 0.552661 0.984690
vt 0.570445 0.985542
vt 0.604637 0.981890
vt 0.608448 0.999907
vt 0.622738 0.979820
vt 0.629619 0.996498
vt 0.639569 0.977629
vt 0.644862 0.991142
vt 0.671644 0.974707
vt 0.673761 0.984446
vt 0.692603 0.979090
vt 0.689851 0.969594
vt 0.669632 0.969229
vt 0.637029 0.970446
vt 0.620303 0.971542
vt 0.602626 0.973124
vt 0.619139 0.965090
vt 0.635653 0.963872
vt 0.667304 0.963385
vt 0.687099 0.959611
vt 0.688898 0.964846
vt 0.706788 0.964116
vt 0.709011 0.970933
vt 0.720867 0.970081
vt 0.722984 0.959124
vt 0.731241 0.968376
vt 0.705835 0.958516
vt 0.704565 0.954377
vt 0.722031 0.950603
vt 0.731664 0.945977
vt 0.752729 0.959733
vt 0.751141 0.950237
vt 0.755270 0.955716
vt 0.755693 0.945368
vt 0.761621 0.942933
vt 0.765220 0.952550
vt 0.770513 0.942811
vt 0.780358 0.949385
vt 0.792214 0.946098
vt 0.792214 0.922724
vt 0.800576 0.921020
vt 0.805340 0.939646
vt 0.806398 0.920290
vt 0.812220 0.919437
vt 0.818678 0.934533
vt 0.816878 0.918707
vt 0.821853 0.917977
vt 0.836038 0.930881
vt 0.837520 0.914690
vt 0.847153 0.928568
vt 0.847047 0.912498
vt 0.856045 0.926620
vt 0.856151 0.909455
vt 0.865572 0.906168
vt 0.854034 0.888150
vt 0.856786 0.877559
vt 0.850646 0.878898
vt 0.854245 0.868550
vt 0.844506 0.880724
vt 0.835509 0.883646
vt 0.839637 0.872324
vt 0.836567 0.873542
vt 0.849905 0.849559
vt 0.833921 0.852724
vt 0.837097 0.806951
vt 0.826405 0.809751
vt 0.820901 0.764464
vt 0.811903 0.767264
vt 0.808727 0.736098
vt 0.808092 0.735855
vt 0.807457 0.735611
vt 0.804175 0.768846
vt 0.799941 0.735611
vt 0.795601 0.709072
vt 0.791684 0.748151
vt 0.782898 0.700307
vt 0.780993 0.726603
vt 0.757281 0.684603
vt 0.775806 0.674985
vt 0.746484 0.632742
vt 0.796660 0.770429
vt 0.788085 0.769577
vt 0.807880 0.815107
vt 0.816560 0.812307
vt 0.824711 0.855159
vt 0.832545 0.863559
vt 0.831063 0.875855
vt 0.821959 0.869281
vt 0.814761 0.859420
vt 0.796236 0.859420
vt 0.794754 0.816203
vt 0.775065 0.774081
vt 0.762362 0.733177
vt 0.742779 0.692638
vt 0.731558 0.643333
vt 0.731135 0.613386
vt 0.702765 0.605229
vt 0.698425 0.577716
vt 0.670691 0.571629
vt 0.661799 0.548377
vt 0.638828 0.543142
vt 0.626655 0.527681
vt 0.606225 0.523907
vt 0.603472 0.527316
vt 0.633853 0.549473
vt 0.661481 0.580394
vt 0.690486 0.614725
vt 0.718009 0.652707
vt 0.686358 0.712968
vt 0.676513 0.672185
vt 0.661270 0.632742
vt 0.643380 0.595855
vt 0.623373 0.561038
vt 0.599132 0.533768
vt 0.610459 0.570533
vt 0.621574 0.609125
vt 0.624008 0.647229
vt 0.623479 0.685942
vt 0.605589 0.610220
vt 0.605907 0.647716
vt 0.599026 0.572846
vt 0.580607 0.576133
vt 0.586853 0.611681
vt 0.588017 0.648081
vt 0.568434 0.648446
vt 0.565893 0.613264
vt 0.560601 0.579299
vt 0.554673 0.548742
vt 0.552767 0.537664
vt 0.550439 0.521594
vt 0.528420 0.522568
vt 0.503756 0.523786
vt 0.529691 0.540951
vt 0.530643 0.552151
vt 0.533184 0.581977
vt 0.535301 0.614359
vt 0.535936 0.648081
vt 0.534243 0.682533
vt 0.567058 0.684481
vt 0.586747 0.685212
vt 0.604213 0.685698
vt 0.620092 0.724898
vt 0.504285 0.542655
vt 0.600932 0.723925
vt 0.583466 0.722829
vt 0.563671 0.721246
vt 0.530326 0.718081
vt 0.496981 0.714307
vt 0.501639 0.679855
vt 0.504603 0.646620
vt 0.505873 0.614359
vt 0.505661 0.583194
vt 0.504815 0.553977
vt 0.478774 0.554464
vt 0.478668 0.543264
vt 0.453369 0.554464
vt 0.453474 0.543386
vt 0.428704 0.554342
vt 0.429022 0.543142
vt 0.406368 0.526220
vt 0.405945 0.516846
vt 0.385621 0.518429
vt 0.368366 0.520377
vt 0.355346 0.521960
vt 0.351112 0.522690
vt 0.347830 0.523420
vt 0.345501 0.524029
vt 0.347936 0.528412
vt 0.351217 0.528412
vt 0.355558 0.528168
vt 0.368790 0.527560
vt 0.386150 0.526829
vt 0.406368 0.543020
vt 0.405839 0.553368
vt 0.427010 0.580638
vt 0.452310 0.582342
vt 0.478562 0.583194
vt 0.477398 0.613264
vt 0.449875 0.611072
vt 0.423623 0.608029
vt 0.403299 0.578203
vt 0.385091 0.552029
vt 0.385938 0.542412
vt 0.367943 0.541194
vt 0.353017 0.539003
vt 0.347513 0.537907
vt 0.343384 0.536933
vt 0.345713 0.528412
vt 0.342961 0.524760
vt 0.339256 0.520133
vt 0.334386 0.519525
vt 0.340738 0.523664
vt 0.340526 0.525612
vt 0.341161 0.527681
vt 0.339997 0.527194
vt 0.339362 0.526342
vt 0.338938 0.525125
vt 0.343384 0.528168
vt 0.340208 0.536081
vt 0.338091 0.535351
vt 0.334281 0.533281
vt 0.331952 0.540586
vt 0.335657 0.541925
vt 0.338938 0.543020
vt 0.344549 0.544725
vt 0.351112 0.546551
vt 0.366672 0.549716
vt 0.381386 0.574916
vt 0.398747 0.604133
vt 0.418860 0.636516
vt 0.446276 0.640899
vt 0.474751 0.644185
vt 0.470623 0.676325
vt 0.464695 0.709803
vt 0.441195 0.671820
vt 0.412720 0.666220
vt 0.392501 0.631159
vt 0.375353 0.599264
vt 0.361486 0.570655
vt 0.343808 0.565664
vt 0.353546 0.593299
vt 0.367413 0.624707
vt 0.384880 0.659403
vt 0.335868 0.562864
vt 0.333434 0.586359
vt 0.343384 0.617038
vt 0.358098 0.651368
vt 0.328988 0.560064
vt 0.324965 0.582829
vt 0.321260 0.608272
vt 0.332058 0.642116
vt 0.324754 0.558116
vt 0.317979 0.579664
vt 0.312686 0.604377
vt 0.308346 0.632012
vt 0.318614 0.555073
vt 0.313321 0.577351
vt 0.306758 0.601577
vt 0.299242 0.627629
vt 0.325918 0.536690
vt 0.309722 0.546794
vt 0.305594 0.573577
vt 0.302418 0.599386
vt 0.294055 0.625072
vt 0.331952 0.530603
vt 0.338938 0.526707
vt 0.338515 0.526342
vt 0.338091 0.526707
vt 0.331422 0.528655
vt 0.323695 0.532429
vt 0.306335 0.537420
vt 0.291938 0.556533
vt 0.287069 0.542655
vt 0.304958 0.531942
vt 0.322954 0.529386
vt 0.322848 0.527073
vt 0.331211 0.527194
vt 0.335445 0.525733
vt 0.335657 0.525125
vt 0.331952 0.523299
vt 0.325494 0.515994
vt 0.306970 0.506499
vt 0.301889 0.478620
vt 0.290774 0.455125
vt 0.274684 0.431507
vt 0.279976 0.427734
vt 0.267697 0.398516
vt 0.263675 0.360534
vt 0.269603 0.314516
vt 0.287704 0.274951
vt 0.270661 0.244395
vt 0.331317 0.525733
vt 0.322848 0.524881
vt 0.252242 0.292725
vt 0.262193 0.402290
vt 0.239539 0.377212
vt 0.216886 0.349942
vt 0.156337 0.381960
vt 0.135060 0.370638
vt 0.094199 0.422255
vt 0.078532 0.431994
vt 0.082343 0.457194
vt 0.104679 0.472412
vt 0.079168 0.480081
vt 0.071652 0.469247
vt 0.059478 0.470829
vt 0.042436 0.471681
vt 0.059478 0.500655
vt 0.043177 0.502481
vt 0.070381 0.496394
vt 0.094940 0.496029
vt 0.135483 0.500655
vt 0.140564 0.478864
vt 0.179731 0.399977
vt 0.234458 0.380986
vt 0.257429 0.405699
vt 0.252030 0.409594
vt 0.200584 0.421647
vt 0.173697 0.483612
vt 0.170310 0.507107
vt 0.205560 0.489699
vt 0.221438 0.444412
vt 0.269073 0.435525
vt 0.286116 0.458290
vt 0.243985 0.465229
vt 0.235623 0.497125
vt 0.203231 0.510638
vt 0.169569 0.527194
vt 0.132625 0.527438
vt 0.094728 0.526829
vt 0.074616 0.531090
vt 0.059796 0.533038
vt 0.045294 0.532673
vt 0.031638 0.548742
vt 0.020947 0.546794
vt 0.019147 0.566638
vt 0.016501 0.566394
vt 0.019782 0.576255
vt 0.025075 0.567125
vt 0.043706 0.553003
vt 0.055562 0.553125
vt 0.063395 0.553246
vt 0.055985 0.573455
vt 0.060008 0.574307
vt 0.027086 0.584290
vt 0.019147 0.585751
vt 0.012055 0.586116
vt 0.016924 0.604864
vt 0.025710 0.632012
vt 0.024228 0.603281
vt 0.031744 0.597559
vt 0.029521 0.611316
vt 0.041271 0.602186
vt 0.059478 0.594638
vt 0.057996 0.588307
vt 0.060854 0.582829
vt 0.063924 0.574916
vt 0.072181 0.553003
vt 0.077897 0.552516
vt 0.077050 0.579299
vt 0.069005 0.586968
vt 0.064348 0.590742
vt 0.062231 0.605594
vt 0.066359 0.598533
vt 0.073134 0.602429
vt 0.066359 0.610951
vt 0.060113 0.622151
vt 0.042647 0.618255
vt 0.047093 0.630307
vt 0.037884 0.631646
vt 0.063607 0.627020
vt 0.085731 0.629699
vt 0.083825 0.596342
vt 0.096634 0.569925
vt 0.136012 0.556412
vt 0.172744 0.549959
vt 0.202913 0.527194
vt 0.205454 0.545577
vt 0.233294 0.526951
vt 0.233506 0.513560
vt 0.108701 0.592325
vt 0.145433 0.580394
vt 0.179202 0.570899
vt 0.114629 0.638220
vt 0.153796 0.647594
vt 0.175285 0.627751
vt 0.198997 0.610342
vt 0.210111 0.563107
vt 0.235305 0.541681
vt 0.260287 0.527073
vt 0.260499 0.517212
vt 0.262087 0.504064
vt 0.267485 0.481055
vt 0.288127 0.494203
vt 0.283681 0.509177
vt 0.304323 0.515142
vt 0.283258 0.519768
vt 0.322848 0.521229
vt 0.304006 0.521838
vt 0.283787 0.527194
vt 0.261875 0.538394
vt 0.238798 0.555438
vt 0.223873 0.594516
vt 0.264733 0.641142
vt 0.251078 0.667194
vt 0.237740 0.694951
vt 0.226837 0.722464
vt 0.143316 0.676568
vt 0.105526 0.663785
vt 0.092823 0.655264
vt 0.071652 0.641751
vt 0.046352 0.646377
vt 0.039577 0.640655
vt 0.036931 0.640777
vt 0.029098 0.641385
vt 0.026240 0.642238
vt 0.023699 0.653316
vt 0.030897 0.662690
vt 0.038413 0.681925
vt 0.050798 0.699212
vt 0.055562 0.707490
vt 0.065089 0.712725
vt 0.068900 0.722585
vt 0.075357 0.729890
vt 0.091129 0.744255
vt 0.076945 0.728064
vt 0.073345 0.718933
vt 0.068053 0.710777
vt 0.064771 0.701646
vt 0.058949 0.695438
vt 0.046670 0.677298
vt 0.040530 0.659403
vt 0.030897 0.651733
vt 0.038836 0.650638
vt 0.049316 0.652464
vt 0.077368 0.661351
vt 0.055138 0.672064
vt 0.061490 0.693612
vt 0.070064 0.698846
vt 0.080120 0.694220
vt 0.089436 0.689472
vt 0.112618 0.728794
vt 0.151467 0.762881
vt 0.204925 0.742672
vt 0.213075 0.751316
vt 0.194339 0.755577
vt 0.164805 0.780411
vt 0.159406 0.775785
vt 0.155807 0.780411
vt 0.138341 0.773838
vt 0.160147 0.788933
vt 0.170627 0.786864
vt 0.166287 0.801472
vt 0.177084 0.795507
vt 0.174544 0.807681
vt 0.160042 0.801229
vt 0.153479 0.788081
vt 0.135695 0.780777
vt 0.217416 0.755577
vt 0.143846 0.794898
vt 0.133895 0.787229
vt 0.140247 0.799524
vt 0.143528 0.803907
vt 0.138129 0.801837
vt 0.128814 0.791733
vt 0.125638 0.785890
vt 0.148292 0.802568
vt 0.147339 0.807437
vt 0.141834 0.806464
vt 0.137600 0.809385
vt 0.122674 0.787959
vt 0.113571 0.784429
vt 0.106902 0.769090
vt 0.101715 0.756185
vt 0.096210 0.740359
vt 0.084460 0.723438
vt 0.082237 0.703229
vt 0.096422 0.711507
vt 0.088165 0.720394
vt 0.111454 0.773229
vt 0.127120 0.762759
vt 0.116852 0.769820
vt 0.667198 0.955472
vt 0.663599 0.944150
vt 0.656930 0.954011
vt 0.636499 0.955594
vt 0.666986 0.957785
vt 0.675666 0.943663
vt 0.703295 0.949994
vt 0.686252 0.952916
vt 0.682017 0.935872
vt 0.718750 0.943420
vt 0.725313 0.943177
vt 0.746696 0.939646
vt 0.757493 0.921385
vt 0.762151 0.922846
vt 0.767549 0.923090
vt 0.770725 0.923455
vt 0.776970 0.903246
vt 0.776229 0.923090
vt 0.793907 0.902272
vt 0.800153 0.901785
vt 0.804387 0.901907
vt 0.814761 0.901298
vt 0.821853 0.903611
vt 0.829157 0.895333
vt 0.827358 0.886933
vt 0.825558 0.878411
vt 0.815925 0.870864
vt 0.809574 0.870133
vt 0.796236 0.869646
vt 0.807351 0.877803
vt 0.817619 0.880481
vt 0.819207 0.886811
vt 0.824076 0.888759
vt 0.814867 0.885716
vt 0.809680 0.885229
vt 0.804705 0.885229
vt 0.795919 0.886568
vt 0.787556 0.878168
vt 0.786603 0.885837
vt 0.780781 0.877559
vt 0.776124 0.885594
vt 0.787027 0.870377
vt 0.784910 0.860881
vt 0.786497 0.837872
vt 0.781310 0.816568
vt 0.774218 0.871837
vt 0.775700 0.877803
vt 0.768396 0.874516
vt 0.766173 0.887298
vt 0.769243 0.903246
vt 0.759187 0.901907
vt 0.757069 0.884863
vt 0.738650 0.886568
vt 0.777394 0.858811
vt 0.698108 0.821681
vt 0.695249 0.788568
vt 0.691756 0.752655
vt 0.614799 0.763733
vt 0.721184 0.900811
vt 0.702554 0.854550
vt 0.601038 0.833733
vt 0.608130 0.801107
vt 0.600826 0.867820
vt 0.622950 0.923820
vt 0.682759 0.921629
vt 0.720549 0.912377
vt 0.685722 0.925281
vt 0.626972 0.928324
vt 0.735263 0.914081
vt 0.752518 0.920046
vt 0.731029 0.914324
vt 0.713139 0.937577
vt 0.688051 0.928690
vt 0.632371 0.935263
vt 0.635441 0.941959
vt 0.627713 0.950116
vt 0.620092 0.939281
vt 0.621468 0.945124
vt 0.616387 0.935142
vt 0.614058 0.931733
vt 0.603684 0.927350
vt 0.581984 0.868064
vt 0.575209 0.832881
vt 0.584736 0.800742
vt 0.593945 0.762516
vt 0.577749 0.760690
vt 0.558907 0.758498
vt 0.525139 0.754846
vt 0.490736 0.750464
vt 0.568540 0.799037
vt 0.561977 0.831420
vt 0.549168 0.828377
vt 0.552556 0.797090
vt 0.517094 0.822655
vt 0.519634 0.793316
vt 0.479727 0.815351
vt 0.484067 0.788203
vt 0.456544 0.744742
vt 0.434844 0.704203
vt 0.405522 0.697507
vt 0.375988 0.689229
vt 0.347513 0.679612
vt 0.319990 0.668655
vt 0.295431 0.657333
vt 0.286645 0.652951
vt 0.280823 0.650029
vt 0.289715 0.622759
vt 0.292679 0.594394
vt 0.271614 0.567612
vt 0.264416 0.548742
vt 0.285058 0.534986
vt 0.304535 0.527073
vt 0.248749 0.580273
vt 0.279659 0.617525
vt 0.275848 0.647351
vt 0.263039 0.674377
vt 0.267591 0.676933
vt 0.251184 0.703838
vt 0.239434 0.732568
vt 0.243562 0.735003
vt 0.222391 0.760081
vt 0.247267 0.737559
vt 0.228848 0.763124
vt 0.252560 0.741211
vt 0.183436 0.801351
vt 0.255841 0.706759
vt 0.260711 0.709803
vt 0.272990 0.679733
vt 0.281670 0.684238
vt 0.267062 0.713698
vt 0.277224 0.752655
vt 0.260605 0.776516
vt 0.216992 0.824724
vt 0.199632 0.827524
vt 0.184071 0.836898
vt 0.166499 0.819246
vt 0.157607 0.815107
vt 0.153584 0.819490
vt 0.146174 0.809629
vt 0.149456 0.823385
vt 0.150515 0.832150
vt 0.154114 0.828620
vt 0.160359 0.823385
vt 0.174226 0.843472
vt 0.165546 0.840185
vt 0.152102 0.848950
vt 0.164911 0.847855
vt 0.183965 0.860759
vt 0.190740 0.865994
vt 0.186294 0.873420
vt 0.178355 0.870377
vt 0.158136 0.854064
vt 0.156866 0.855524
vt 0.177190 0.872081
vt 0.185235 0.875124
vt 0.193386 0.878290
vt 0.199526 0.865629
vt 0.205983 0.851872
vt 0.213075 0.855890
vt 0.210217 0.863681
vt 0.221438 0.860029
vt 0.215934 0.874637
vt 0.222814 0.852724
vt 0.240175 0.837385
vt 0.232235 0.857472
vt 0.264098 0.847611
vt 0.251607 0.874881
vt 0.267485 0.799524
vt 0.297231 0.790516
vt 0.310040 0.765924
vt 0.291832 0.727090
vt 0.307076 0.696898
vt 0.335551 0.709559
vt 0.365720 0.721125
vt 0.397477 0.731107
vt 0.427646 0.738655
vt 0.420024 0.774568
vt 0.448076 0.781264
vt 0.412085 0.799403
vt 0.443630 0.808046
vt 0.387738 0.765803
vt 0.353864 0.754603
vt 0.380222 0.790029
vt 0.404357 0.822777
vt 0.439290 0.833490
vt 0.475810 0.841281
vt 0.516035 0.851385
vt 0.552873 0.863316
vt 0.567905 0.866481
vt 0.568222 0.925037
vt 0.561553 0.883281
vt 0.546945 0.924429
vt 0.513601 0.915663
vt 0.468824 0.906290
vt 0.455168 0.856498
vt 0.426587 0.899107
vt 0.381386 0.885837
vt 0.373236 0.813281
vt 0.344760 0.778585
vt 0.321895 0.741211
vt 0.335127 0.802446
vt 0.309087 0.863559
vt 0.550756 0.926985
vt 0.460884 0.905559
vt 0.353546 0.876585
vt 0.360639 0.908237
vt 0.338091 0.911037
vt 0.294796 0.895090
vt 0.286857 0.912498
vt 0.243033 0.892290
vt 0.209370 0.888394
vt 0.191375 0.881942
vt 0.180154 0.883281
vt 0.173274 0.877681
vt 0.178778 0.885229
vt 0.186506 0.890098
vt 0.207465 0.892290
vt 0.237740 0.904829
vt 0.281353 0.925159
vt 0.279447 0.929542
vt 0.235834 0.908481
vt 0.202807 0.901177
vt 0.231600 0.917003
vt 0.324330 0.941716
vt 0.346560 0.941107
vt 0.354922 0.943420
vt 0.371013 0.941959
vt 0.411132 0.949994
vt 0.429128 0.961072
vt 0.436432 0.971420
vt 0.453686 0.974342
vt 0.461096 0.977507
vt 0.440031 0.957176
vt 0.456227 0.965820
vt 0.461519 0.975437
vt 0.416425 0.932463
vt 0.371754 0.921994
vt 0.348889 0.936846
vt 0.329835 0.929663
vt 0.312474 0.912985
vt 0.333434 0.920777
vt 0.356722 0.916150
vt 0.446911 0.938916
vt 0.462578 0.930394
vt 0.489465 0.927107
vt 0.465330 0.961072
vt 0.466283 0.940133
vt 0.476974 0.968498
vt 0.476445 0.977142
vt 0.492324 0.978846
vt 0.492324 0.980794
vt 0.492218 0.964116
vt 0.490524 0.946463
vt 0.510954 0.943298
vt 0.538371 0.945977
vt 0.544616 0.938429
vt 0.555625 0.942568
vt 0.562506 0.933681
vt 0.575103 0.933194
vt 0.603472 0.934898
vt 0.615540 0.941107
vt 0.615752 0.947194
vt 0.601144 0.941716
vt 0.576056 0.938550
vt 0.562083 0.943785
vt 0.552026 0.953159
vt 0.544193 0.960220
vt 0.536148 0.958637
vt 0.510742 0.955472
vt 0.510531 0.971176
vt 0.510319 0.979942
vt 0.528315 0.981768
vt 0.542605 0.978968
vt 0.553402 0.978846
vt 0.569598 0.977507
vt 0.577644 0.972881
vt 0.600508 0.963020
vt 0.606648 0.960342
vt 0.616387 0.961194
vt 0.626761 0.961924
vt 0.635123 0.959490
vt 0.626549 0.958516
vt 0.527256 0.965820
vt 0.528315 0.979820
vt 0.620409 0.958759
vt 0.621468 0.955350
vt 0.621044 0.950116
vt 0.615752 0.948655
vt 0.600508 0.944881
vt 0.580290 0.941229
vt 0.573409 0.950116
vt 0.599238 0.953281
vt 0.616493 0.956081
vt 0.609294 0.958272
vt 0.598497 0.958029
vt 0.576797 0.968255
vt 0.566423 0.969716
vt 0.556790 0.972759
vt 0.547051 0.967403
vt 0.563988 0.955229
vt 0.563671 0.961681
vt 0.557954 0.966794
vt 0.557637 0.959976
vt 0.545569 0.962533
vt 0.542182 0.968011
vt 0.165546 0.218342
vt 0.143634 0.230029
vt 0.144375 0.237334
vt 0.139929 0.236603
vt 0.137071 0.234534
vt 0.133154 0.239038
vt 0.141411 0.243664
vt 0.147551 0.242812
vt 0.141199 0.227229
vt 0.156125 0.211647
vt 0.175814 0.211282
vt 0.175391 0.220777
vt 0.137388 0.249629
vt 0.132096 0.246221
vt 0.128391 0.242569
vt 0.128708 0.235995
vt 0.131990 0.230273
vt 0.133578 0.219073
vt 0.153479 0.209577
vt 0.151573 0.197160
vt 0.158242 0.201908
vt 0.168192 0.188638
vt 0.169780 0.192047
vt 0.181001 0.177682
vt 0.186506 0.191316
vt 0.193069 0.203612
vt 0.163111 0.182551
vt 0.243456 0.186812
vt 0.268650 0.155038
vt 0.295855 0.144325
vt 0.292256 0.138482
vt 0.235940 0.179264
vt 0.287810 0.145177
vt 0.279130 0.132273
vt 0.267909 0.119734
vt 0.258699 0.108047
vt 0.255206 0.103543
vt 0.251289 0.099038
vt 0.237952 0.114986
vt 0.239539 0.117299
vt 0.241021 0.119490
vt 0.243880 0.123873
vt 0.249596 0.131908
vt 0.252348 0.134951
vt 0.257641 0.142012
vt 0.264733 0.150412
vt 0.242715 0.162464
vt 0.230648 0.147734
vt 0.225143 0.135195
vt 0.221332 0.128743
vt 0.203337 0.137143
vt 0.170839 0.162586
vt 0.206195 0.141769
vt 0.173909 0.166603
vt 0.213816 0.154430
vt 0.222920 0.164534
vt 0.160147 0.179386
vt 0.158454 0.177682
vt 0.146069 0.191438
vt 0.126379 0.214082
vt 0.137918 0.197038
vt 0.144163 0.189734
vt 0.153055 0.171716
vt 0.133683 0.193386
vt 0.124580 0.212255
vt 0.119816 0.223334
vt 0.120663 0.230273
vt 0.122145 0.238308
vt 0.124156 0.239890
vt 0.127755 0.251090
s 1
g 01_01
usemtl 01
f 1/1/1 2/2/2 3/3/3
f 2/2/2 4/4/4 3/3/3
f 3/3/3 4/4/4 5/5/5
f 4/4/4 6/6/6 5/5/5
f 5/5/5 6/6/6 7/7/7
f 6/6/6 8/8/8 7/7/7
f 7/7/7 8/8/8 9/9/9
f 8/8/8 10/10/10 9/9/9
f 9/9/9 10/10/10 11/11/11
f 11/11/11 10/10/10 32/12/12
f 10/10/10 13/13/13 32/12/12
f 32/12/12 13/13/13 14/14/14
f 13/13/13 10/10/10 15/15/15
f 10/10/10 8/8/8 15/15/15
f 15/15/15 8/8/8 16/16/16
f 8/8/8 6/6/6 16/16/16
f 16/16/16 6/6/6 17/17/17
f 6/6/6 4/4/4 17/17/17
f 17/17/17 4/4/4 18/18/18
f 4/4/4 2/2/2 18/18/18
f 18/18/18 2/2/2 19/19/19
f 19/19/19 2/2/2 20/20/20
f 2/2/2 1/1/1 20/20/20
f 1/1/1 21/21/21 20/20/20
f 20/20/20 21/21/21 22/22/22
f 21/21/21 23/23/23 22/22/22
f 22/22/22 23/23/23 24/24/24
f 23/23/23 25/25/25 24/24/24
f 24/24/24 25/25/25 26/26/26
f 25/25/25 27/27/27 26/26/26
f 26/26/26 27/27/27 28/28/28
f 27/27/27 29/29/29 28/28/28
f 28/28/28 29/29/29 30/30/30
f 29/29/29 31/31/31 30/30/30
f 30/30/30 31/31/31 32/32/12
f 31/31/31 11/33/11 32/32/12
f 32/32/12 14/34/14 30/30/30
f 14/34/14 35/35/32 30/30/30
f 30/30/30 35/35/32 28/28/28
f 35/35/32 36/36/33 28/28/28
f 28/28/28 36/36/33 26/26/26
f 36/36/33 37/37/34 26/26/26
f 26/26/26 37/37/34 24/24/24
f 37/37/34 38/38/35 24/24/24
f 24/24/24 38/38/35 22/22/22
f 38/38/35 39/39/36 22/22/22
f 22/22/22 39/39/36 20/20/20
f 20/20/20 39/39/36 19/19/19
f 19/19/19 39/39/36 40/40/37
f 40/40/37 39/39/36 41/41/38
f 39/39/36 38/38/35 41/41/38
f 41/41/38 38/38/35 42/42/39
f 38/38/35 37/37/34 42/42/39
f 42/42/39 37/37/34 43/43/40
f 37/37/34 36/36/33 43/43/40
f 43/43/40 36/36/33 44/44/41
f 36/36/33 35/35/32 44/44/41
f 44/44/41 35/35/32 58/45/42
f 35/35/32 14/34/14 58/45/42
f 58/45/42 46/46/43 44/44/41
f 46/46/43 47/47/44 44/44/41
f 44/44/41 47/47/44 43/43/40
f 47/47/44 48/48/45 43/43/40
f 43/43/40 48/48/45 42/42/39
f 48/48/45 49/49/46 42/42/39
f 42/42/39 49/49/46 41/41/38
f 49/49/46 50/50/47 41/41/38
f 41/41/38 50/50/47 40/40/37
f 50/50/47 51/51/48 40/40/37
f 51/51/48 52/52/49 40/40/37
f 40/40/37 52/52/49 19/19/19
f 19/19/19 52/52/49 18/18/18
f 52/52/49 53/53/50 18/18/18
f 18/18/18 53/53/50 17/17/17
f 53/53/50 54/54/51 17/17/17
f 17/17/17 54/54/51 16/16/16
f 54/54/51 55/55/52 16/16/16
f 16/16/16 55/55/52 15/15/15
f 55/55/52 56/56/53 15/15/15
f 15/15/15 56/56/53 13/13/13
f 56/56/53 57/57/54 13/13/13
f 13/13/13 57/57/54 14/14/14
f 14/14/14 57/57/54 58/58/42
f 57/57/54 59/59/55 58/58/42
f 58/58/42 59/59/55 46/60/43
f 47/47/44 46/46/43 85/61/56
f 59/59/55 57/57/54 62/62/57
f 57/57/54 56/56/53 62/62/57
f 62/62/57 56/56/53 63/63/58
f 56/56/53 55/55/52 63/63/58
f 63/63/58 55/55/52 64/64/59
f 55/55/52 54/54/51 64/64/59
f 64/64/59 54/54/51 65/65/60
f 54/54/51 53/53/50 65/65/60
f 65/65/60 53/53/50 66/66/61
f 53/53/50 52/52/49 66/66/61
f 52/52/49 51/51/48 66/66/61
f 66/66/61 51/51/48 67/67/62
f 67/67/62 51/51/48 68/68/63
f 51/51/48 50/50/47 68/68/63
f 68/68/63 50/50/47 69/69/64
f 50/50/47 49/49/46 69/69/64
f 69/69/64 49/49/46 70/70/65
f 49/49/46 48/48/45 70/70/65
f 70/70/65 48/48/45 71/71/66
f 48/48/45 47/47/44 71/71/66
f 47/47/44 85/61/56 71/71/66
f 85/61/56 87/72/67 71/71/66
f 71/71/66 87/72/67 73/73/68
f 87/72/67 74/74/69 73/73/68
f 71/71/66 73/73/68 70/70/65
f 73/73/68 75/75/70 70/70/65
f 70/70/65 75/75/70 69/69/64
f 75/75/70 76/76/71 69/69/64
f 69/69/64 76/76/71 68/68/63
f 76/76/71 77/77/72 68/68/63
f 68/68/63 77/77/72 67/67/62
f 77/77/72 78/78/73 67/67/62
f 78/78/73 79/79/74 67/67/62
f 67/67/62 79/79/74 66/66/61
f 66/66/61 79/79/74 65/65/60
f 79/79/74 80/80/75 65/65/60
f 65/65/60 80/80/75 64/64/59
f 80/80/75 81/81/76 64/64/59
f 64/64/59 81/81/76 63/63/58
f 81/81/76 82/82/77 63/63/58
f 63/63/58 82/82/77 62/62/57
f 82/82/77 83/83/78 62/62/57
f 62/62/57 83/83/78 59/59/55
f 83/83/78 84/84/79 59/59/55
f 59/59/55 84/84/79 46/60/43
f 46/60/43 84/84/79 85/85/56
f 84/84/79 86/86/80 85/85/56
f 85/85/56 86/86/80 87/87/67
f 86/86/80 84/84/79 88/88/81
f 84/84/79 83/83/78 88/88/81
f 88/88/81 83/83/78 89/89/82
f 83/83/78 82/82/77 89/89/82
f 89/89/82 82/82/77 90/90/83
f 82/82/77 81/81/76 90/90/83
f 90/90/83 81/81/76 91/91/84
f 81/81/76 80/80/75 91/91/84
f 91/91/84 80/80/75 92/92/85
f 80/80/75 79/79/74 92/92/85
f 79/79/74 78/78/73 92/92/85
f 92/92/85 78/78/73 93/93/86
f 93/93/86 78/78/73 94/94/87
f 78/78/73 77/77/72 94/94/87
f 94/94/87 77/77/72 95/95/88
f 77/77/72 76/76/71 95/95/88
f 95/95/88 76/76/71 96/96/89
f 76/76/71 75/75/70 96/96/89
f 96/96/89 75/75/70 97/97/90
f 75/75/70 73/73/68 97/97/90
f 73/73/68 74/74/69 97/97/90
f 74/74/69 113/98/91 97/97/90
f 97/97/90 113/98/91 99/99/92
f 113/98/91 137/100/93 99/99/92
f 97/97/90 99/99/92 96/96/89
f 99/99/92 101/101/94 96/96/89
f 96/96/89 101/101/94 95/95/88
f 101/101/94 102/102/95 95/95/88
f 95/95/88 102/102/95 94/94/87
f 102/102/95 103/103/96 94/94/87
f 94/94/87 103/103/96 93/93/86
f 103/103/96 104/104/97 93/93/86
f 104/104/97 105/105/98 93/93/86
f 93/93/86 105/105/98 92/92/85
f 92/92/85 105/105/98 91/91/84
f 105/105/98 106/106/99 91/91/84
f 91/91/84 106/106/99 90/90/83
f 106/106/99 107/107/100 90/90/83
f 90/90/83 107/107/100 89/89/82
f 107/107/100 108/108/101 89/89/82
f 89/89/82 108/108/101 88/88/81
f 108/108/101 109/109/102 88/88/81
f 88/88/81 109/109/102 86/86/80
f 109/109/102 110/110/103 86/86/80
f 86/86/80 110/110/103 87/87/67
f 87/87/67 110/110/103 74/111/69
f 110/110/103 112/112/104 74/111/69
f 74/111/69 112/112/104 113/113/91
f 112/112/104 110/110/103 114/114/105
f 110/110/103 109/109/102 114/114/105
f 114/114/105 109/109/102 115/115/106
f 109/109/102 108/108/101 115/115/106
f 115/115/106 108/108/101 116/116/107
f 108/108/101 107/107/100 116/116/107
f 116/116/107 107/107/100 117/117/108
f 107/107/100 106/106/99 117/117/108
f 117/117/108 106/106/99 118/118/109
f 106/106/99 105/105/98 118/118/109
f 105/105/98 104/104/97 118/118/109
f 118/118/109 104/104/97 119/119/110
f 119/119/110 104/104/97 120/120/111
f 104/104/97 103/103/96 120/120/111
f 120/120/111 103/103/96 121/121/112
f 103/103/96 102/102/95 121/121/112
f 121/121/112 102/102/95 122/122/113
f 102/102/95 101/101/94 122/122/113
f 122/122/113 101/101/94 123/123/114
f 101/101/94 99/99/92 123/123/114
f 99/99/92 137/100/93 123/123/114
f 137/100/93 139/124/115 123/123/114
f 123/123/114 139/124/115 125/125/116
f 139/124/115 163/126/117 125/125/116
f 123/123/114 125/125/116 122/122/113
f 125/125/116 127/127/118 122/122/113
f 122/122/113 127/127/118 121/121/112
f 127/127/118 128/128/119 121/121/112
f 121/121/112 128/128/119 120/120/111
f 128/128/119 129/129/120 120/120/111
f 120/120/111 129/129/120 119/119/110
f 129/129/120 130/130/121 119/119/110
f 130/130/121 131/131/122 119/119/110
f 119/119/110 131/131/122 118/118/109
f 118/118/109 131/131/122 117/117/108
f 131/131/122 132/132/123 117/117/108
f 117/117/108 132/132/123 116/116/107
f 132/132/123 133/133/124 116/116/107
f 116/116/107 133/133/124 115/115/106
f 133/133/124 134/134/125 115/115/106
f 115/115/106 134/134/125 114/114/105
f 134/134/125 135/135/126 114/114/105
f 114/114/105 135/135/126 112/112/104
f 135/135/126 136/136/127 112/112/104
f 112/112/104 136/136/127 113/113/91
f 113/113/91 136/136/127 137/137/93
f 136/136/127 138/138/128 137/137/93
f 137/137/93 138/138/128 139/139/115
f 138/138/128 136/136/127 140/140/129
f 136/136/127 135/135/126 140/140/129
f 140/140/129 135/135/126 141/141/130
f 135/135/126 134/134/125 141/141/130
f 141/141/130 134/134/125 142/142/131
f 134/134/125 133/133/124 142/142/131
f 142/142/131 133/133/124 143/143/132
f 133/133/124 132/132/123 143/143/132
f 143/143/132 132/132/123 144/144/133
f 132/132/123 131/131/122 144/144/133
f 131/131/122 130/130/121 144/144/133
f 144/144/133 130/130/121 145/145/134
f 145/145/134 130/130/121 146/146/135
f 130/130/121 129/129/120 146/146/135
f 146/146/135 129/129/120 147/147/136
f 129/129/120 128/128/119 147/147/136
f 147/147/136 128/128/119 148/148/137
f 128/128/119 127/127/118 148/148/137
f 148/148/137 127/127/118 149/149/138
f 127/127/118 125/125/116 149/149/138
f 125/125/116 163/126/117 149/149/138
f 163/126/117 150/150/139 149/149/138
f 149/149/138 150/150/139 151/151/140
f 150/150/139 152/152/141 151/151/140
f 149/149/138 151/151/140 148/148/137
f 151/151/140 153/153/142 148/148/137
f 148/148/137 153/153/142 147/147/136
f 153/153/142 154/154/143 147/147/136
f 147/147/136 154/154/143 146/146/135
f 154/154/143 155/155/144 146/146/135
f 146/146/135 155/155/144 145/145/134
f 155/155/144 156/156/145 145/145/134
f 156/156/145 157/157/146 145/145/134
f 145/145/134 157/157/146 144/144/133
f 144/144/133 157/157/146 143/143/132
f 157/157/146 158/158/147 143/143/132
f 143/143/132 158/158/147 142/142/131
f 158/158/147 159/159/148 142/142/131
f 142/142/131 159/159/148 141/141/130
f 159/159/148 160/160/149 141/141/130
f 141/141/130 160/160/149 140/140/129
f 160/160/149 161/161/150 140/140/129
f 140/140/129 161/161/150 138/138/128
f 161/161/150 162/162/151 138/138/128
f 138/138/128 162/162/151 139/139/115
f 139/139/115 162/162/151 163/163/117
f 162/162/151 164/164/152 163/163/117
f 163/163/117 164/164/152 150/165/139
f 164/164/152 162/162/151 166/166/153
f 162/162/151 161/161/150 166/166/153
f 166/166/153 161/161/150 167/167/154
f 161/161/150 160/160/149 167/167/154
f 167/167/154 160/160/149 168/168/155
f 160/160/149 159/159/148 168/168/155
f 168/168/155 159/159/148 169/169/156
f 159/159/148 158/158/147 169/169/156
f 169/169/156 158/158/147 170/170/157
f 158/158/147 157/157/146 170/170/157
f 157/157/146 156/156/145 170/170/157
f 170/170/157 156/156/145 171/171/158
f 171/171/158 156/156/145 172/172/159
f 156/156/145 155/155/144 172/172/159
f 172/172/159 155/155/144 173/173/160
f 155/155/144 154/154/143 173/173/160
f 173/173/160 154/154/143 174/174/161
f 154/154/143 153/153/142 174/174/161
f 174/174/161 153/153/142 175/175/162
f 153/153/142 151/151/140 175/175/162
f 151/151/140 152/152/141 175/175/162
f 152/152/141 176/176/163 175/175/162
f 175/175/162 176/176/163 177/177/164
f 176/176/163 215/178/165 177/177/164
f 175/175/162 177/177/164 174/174/161
f 177/177/164 179/179/166 174/174/161
f 174/174/161 179/179/166 173/173/160
f 179/179/166 180/180/167 173/173/160
f 173/173/160 180/180/167 172/172/159
f 180/180/167 181/181/168 172/172/159
f 172/172/159 181/181/168 171/171/158
f 181/181/168 182/182/169 171/171/158
f 182/182/169 183/183/170 171/171/158
f 171/171/158 183/183/170 170/170/157
f 170/170/157 183/183/170 169/169/156
f 183/183/170 184/184/171 169/169/156
f 169/169/156 184/184/171 168/168/155
f 184/184/171 185/185/172 168/168/155
f 168/168/155 185/185/172 167/167/154
f 185/185/172 186/186/173 167/167/154
f 167/167/154 186/186/173 166/166/153
f 186/186/173 187/187/174 166/166/153
f 166/166/153 187/187/174 164/164/152
f 187/187/174 188/188/175 164/164/152
f 164/164/152 188/188/175 150/165/139
f 150/165/139 188/188/175 152/189/141
f 188/188/175 190/190/176 152/189/141
f 152/189/141 190/190/176 176/191/163
f 190/190/176 188/188/175 192/192/177
f 188/188/175 187/187/174 192/192/177
f 192/192/177 187/187/174 193/193/178
f 187/187/174 186/186/173 193/193/178
f 193/193/178 186/186/173 194/194/179
f 186/186/173 185/185/172 194/194/179
f 194/194/179 185/185/172 195/195/180
f 185/185/172 184/184/171 195/195/180
f 195/195/180 184/184/171 196/196/181
f 184/184/171 183/183/170 196/196/181
f 183/183/170 182/182/169 196/196/181
f 196/196/181 182/182/169 197/197/182
f 197/197/182 182/182/169 198/198/183
f 182/182/169 181/181/168 198/198/183
f 198/198/183 181/181/168 199/199/184
f 181/181/168 180/180/167 199/199/184
f 199/199/184 180/180/167 200/200/185
f 180/180/167 179/179/166 200/200/185
f 200/200/185 179/179/166 201/201/186
f 179/179/166 177/177/164 201/201/186
f 177/177/164 215/178/165 201/201/186
f 215/178/165 202/202/187 201/201/186
f 201/201/186 202/202/187 203/203/188
f 202/202/187 240/204/189 203/203/188
f 201/201/186 203/203/188 200/200/185
f 203/203/188 205/205/190 200/200/185
f 200/200/185 205/205/190 199/199/184
f 205/205/190 206/206/191 199/199/184
f 199/199/184 206/206/191 198/198/183
f 206/206/191 207/207/192 198/198/183
f 198/198/183 207/207/192 197/197/182
f 207/207/192 208/208/193 197/197/182
f 208/208/193 209/209/194 197/197/182
f 197/197/182 209/209/194 196/196/181
f 196/196/181 209/209/194 195/195/180
f 209/209/194 210/210/195 195/195/180
f 195/195/180 210/210/195 194/194/179
f 210/210/195 211/211/196 194/194/179
f 194/194/179 211/211/196 193/193/178
f 211/211/196 212/212/197 193/193/178
f 193/193/178 212/212/197 192/192/177
f 212/212/197 213/213/198 192/192/177
f 192/192/177 213/213/198 190/190/176
f 213/213/198 214/214/199 190/190/176
f 190/190/176 214/214/199 176/191/163
f 176/191/163 214/214/199 215/215/165
f 214/214/199 216/216/200 215/215/165
f 215/215/165 216/216/200 202/217/187
f 216/216/200 214/214/199 218/218/201
f 214/214/199 213/213/198 218/218/201
f 218/218/201 213/213/198 219/219/202
f 213/213/198 212/212/197 219/219/202
f 219/219/202 212/212/197 220/220/203
f 212/212/197 211/211/196 220/220/203
f 220/220/203 211/211/196 221/221/204
f 211/211/196 210/210/195 221/221/204
f 221/221/204 210/210/195 222/222/205
f 210/210/195 209/209/194 222/222/205
f 209/209/194 208/208/193 222/222/205
f 222/222/205 208/208/193 223/223/206
f 223/223/206 208/208/193 224/224/207
f 208/208/193 207/207/192 224/224/207
f 224/224/207 207/207/192 225/225/208
f 207/207/192 206/206/191 225/225/208
f 225/225/208 206/206/191 226/226/209
f 206/206/191 205/205/190 226/226/209
f 226/226/209 205/205/190 227/227/210
f 205/205/190 203/203/188 227/227/210
f 203/203/188 240/204/189 227/227/210
f 240/204/189 242/228/211 227/227/210
f 242/228/211 257/229/212 227/227/210
f 227/227/210 257/229/212 226/226/209
f 257/229/212 230/230/213 226/226/209
f 226/226/209 230/230/213 225/225/208
f 230/230/213 231/231/214 225/225/208
f 225/225/208 231/231/214 224/224/207
f 231/231/214 232/232/215 224/224/207
f 224/224/207 232/232/215 223/223/206
f 232/232/215 233/233/216 223/223/206
f 233/233/216 234/234/217 223/223/206
f 223/223/206 234/234/217 222/222/205
f 222/222/205 234/234/217 221/221/204
f 234/234/217 235/235/218 221/221/204
f 221/221/204 235/235/218 220/220/203
f 235/235/218 236/236/219 220/220/203
f 220/220/203 236/236/219 219/219/202
f 236/236/219 237/237/220 219/219/202
f 219/219/202 237/237/220 218/218/201
f 237/237/220 238/238/221 218/218/201
f 218/218/201 238/238/221 216/216/200
f 238/238/221 239/239/222 216/216/200
f 216/216/200 239/239/222 202/217/187
f 202/217/187 239/239/222 240/240/189
f 239/239/222 241/241/223 240/240/189
f 240/240/189 241/241/223 242/242/211
f 241/241/223 239/239/222 243/243/224
f 239/239/222 238/238/221 243/243/224
f 243/243/224 238/238/221 244/244/225
f 238/238/221 237/237/220 244/244/225
f 244/244/225 237/237/220 260/245/226
f 237/237/220 236/236/219 260/245/226
f 260/245/226 236/236/219 250/246/227
f 236/236/219 235/235/218 250/246/227
f 250/246/227 235/235/218 247/247/228
f 235/235/218 234/234/217 247/247/228
f 247/247/228 234/234/217 233/233/216
f 247/248/228 233/249/216 250/250/227
f 250/250/227 233/249/216 251/251/229
f 233/249/216 252/252/230 251/251/229
f 251/251/229 252/252/230 244/253/225
f 244/253/225 252/252/230 243/254/224
f 243/254/224 252/252/230 241/255/223
f 252/252/230 256/256/231 241/255/223
f 241/255/223 256/256/231 257/257/212
f 256/256/231 231/258/214 257/257/212
f 257/257/212 231/258/214 230/259/213
f 251/251/229 244/253/225 250/250/227
f 250/250/227 244/253/225 260/260/226
f 233/249/216 232/261/215 252/252/230
f 252/252/230 232/261/215 256/256/231
f 232/261/215 231/258/214 256/256/231
f 257/257/212 242/262/211 241/255/223
f 263/263/232 264/264/233 294/265/234
f 294/265/234 264/264/233 266/266/235
f 264/264/233 267/267/236 266/266/235
f 266/266/235 267/267/236 268/268/237
f 267/267/236 269/269/238 268/268/237
f 294/265/234 266/266/235 270/270/239
f 266/266/235 271/271/240 270/270/239
f 270/270/239 271/271/240 272/272/241
f 271/271/240 273/273/242 272/272/241
f 272/272/241 273/273/242 274/274/243
f 266/266/235 268/268/237 271/271/240
f 271/271/240 268/268/237 275/275/244
f 275/275/244 268/268/237 276/276/245
f 268/268/237 269/269/238 276/276/245
f 269/269/238 277/277/246 276/276/245
f 276/276/245 277/277/246 278/278/247
f 277/277/246 279/279/248 278/278/247
f 278/278/247 279/279/248 280/280/249
f 279/279/248 281/281/250 280/280/249
f 280/280/249 281/281/250 282/282/251
f 281/281/250 283/283/252 282/282/251
f 282/282/251 283/283/252 284/284/253
f 283/283/252 285/285/254 284/284/253
f 284/284/253 285/285/254 286/286/255
f 285/285/254 287/287/256 286/286/255
f 286/286/255 287/287/256 288/288/257
f 287/287/256 289/289/258 288/288/257
f 288/288/257 289/289/258 290/290/259
f 289/289/258 291/291/260 290/290/259
f 290/290/259 291/291/260 292/292/261
f 291/291/260 263/293/232 292/292/261
f 263/293/232 294/294/234 292/292/261
f 292/292/261 294/294/234 295/295/262
f 294/294/234 270/296/239 295/295/262
f 295/295/262 270/296/239 297/297/263
f 270/296/239 272/298/241 297/297/263
f 297/297/263 272/298/241 299/299/264
f 272/298/241 274/300/243 299/299/264
f 299/299/264 274/300/243 301/301/265
f 274/300/243 302/302/266 301/301/265
f 301/301/265 302/302/266 303/303/267
f 302/302/266 509/304/268 303/303/267
f 303/303/267 509/304/268 305/305/269
f 509/304/268 306/306/270 305/305/269
f 305/305/269 306/306/270 307/307/271
f 306/306/270 308/308/272 307/307/271
f 307/307/271 308/308/272 309/309/273
f 308/308/272 506/310/274 309/309/273
f 309/309/273 506/310/274 311/311/275
f 506/310/274 312/312/276 311/311/275
f 311/311/275 312/312/276 313/313/277
f 312/312/276 314/314/278 313/313/277
f 313/313/277 314/314/278 315/315/279
f 314/314/278 503/316/280 315/315/279
f 315/315/279 503/316/280 317/317/281
f 503/316/280 318/318/282 317/317/281
f 317/317/281 318/318/282 319/319/283
f 318/318/282 501/320/284 319/319/283
f 319/319/283 501/320/284 321/321/285
f 501/320/284 322/322/286 321/321/285
f 321/321/285 322/322/286 323/323/287
f 322/322/286 499/324/288 323/323/287
f 323/323/287 499/324/288 325/325/289
f 499/324/288 326/326/290 325/325/289
f 325/325/289 326/326/290 327/327/291
f 326/326/290 510/328/292 327/327/291
f 275/275/244 273/273/242 271/271/240
f 327/327/291 523/329/293 325/325/289
f 325/325/289 523/329/293 330/330/294
f 523/329/293 331/331/295 330/330/294
f 325/325/289 330/330/294 323/323/287
f 330/330/294 332/332/296 323/323/287
f 323/323/287 332/332/296 321/321/285
f 332/332/296 333/333/297 321/321/285
f 321/321/285 333/333/297 319/319/283
f 333/333/297 334/334/298 319/319/283
f 319/319/283 334/334/298 317/317/281
f 334/334/298 335/335/299 317/317/281
f 317/317/281 335/335/299 315/315/279
f 335/335/299 336/336/300 315/315/279
f 315/315/279 336/336/300 313/313/277
f 336/336/300 337/337/301 313/313/277
f 313/313/277 337/337/301 311/311/275
f 337/337/301 338/338/302 311/311/275
f 311/311/275 338/338/302 309/309/273
f 338/338/302 339/339/303 309/309/273
f 309/309/273 339/339/303 307/307/271
f 339/339/303 340/340/304 307/307/271
f 307/307/271 340/340/304 305/305/269
f 340/340/304 341/341/305 305/305/269
f 305/305/269 341/341/305 303/303/267
f 341/341/305 342/342/306 303/303/267
f 303/303/267 342/342/306 301/301/265
f 342/342/306 343/343/307 301/301/265
f 301/301/265 343/343/307 299/299/264
f 343/343/307 344/344/308 299/299/264
f 299/299/264 344/344/308 297/297/263
f 344/344/308 345/345/309 297/297/263
f 297/297/263 345/345/309 295/295/262
f 345/345/309 346/346/310 295/295/262
f 295/295/262 346/346/310 292/292/261
f 292/292/261 346/346/310 290/290/259
f 346/346/310 347/347/311 290/290/259
f 290/290/259 347/347/311 288/288/257
f 347/347/311 346/346/310 348/348/312
f 346/346/310 345/345/309 348/348/312
f 348/348/312 345/345/309 349/349/313
f 345/345/309 344/344/308 349/349/313
f 349/349/313 344/344/308 350/350/314
f 344/344/308 343/343/307 350/350/314
f 350/350/314 343/343/307 351/351/315
f 343/343/307 342/342/306 351/351/315
f 351/351/315 342/342/306 352/352/316
f 342/342/306 341/341/305 352/352/316
f 352/352/316 341/341/305 353/353/317
f 341/341/305 340/340/304 353/353/317
f 353/353/317 340/340/304 354/354/318
f 340/340/304 339/339/303 354/354/318
f 354/354/318 339/339/303 355/355/319
f 339/339/303 338/338/302 355/355/319
f 355/355/319 338/338/302 356/356/320
f 338/338/302 337/337/301 356/356/320
f 356/356/320 337/337/301 357/357/321
f 337/337/301 336/336/300 357/357/321
f 357/357/321 336/336/300 358/358/322
f 336/336/300 335/335/299 358/358/322
f 358/358/322 335/335/299 359/359/323
f 335/335/299 334/334/298 359/359/323
f 359/359/323 334/334/298 360/360/324
f 334/334/298 333/333/297 360/360/324
f 360/360/324 333/333/297 361/361/325
f 333/333/297 332/332/296 361/361/325
f 361/361/325 332/332/296 362/362/326
f 332/332/296 330/330/294 362/362/326
f 330/330/294 331/331/295 362/362/326
f 331/331/295 363/363/327 362/362/326
f 362/362/326 363/363/327 364/364/328
f 363/363/327 365/365/329 364/364/328
f 362/362/326 364/364/328 361/361/325
f 364/364/328 366/366/330 361/361/325
f 361/361/325 366/366/330 360/360/324
f 366/366/330 367/367/331 360/360/324
f 360/360/324 367/367/331 359/359/323
f 367/367/331 368/368/332 359/359/323
f 359/359/323 368/368/332 358/358/322
f 368/368/332 369/369/333 358/358/322
f 358/358/322 369/369/333 357/357/321
f 369/369/333 370/370/334 357/357/321
f 357/357/321 370/370/334 356/356/320
f 370/370/334 371/371/335 356/356/320
f 356/356/320 371/371/335 355/355/319
f 371/371/335 372/372/336 355/355/319
f 355/355/319 372/372/336 354/354/318
f 372/372/336 373/373/337 354/354/318
f 354/354/318 373/373/337 353/353/317
f 373/373/337 374/374/338 353/353/317
f 353/353/317 374/374/338 352/352/316
f 374/374/338 375/375/339 352/352/316
f 352/352/316 375/375/339 351/351/315
f 375/375/339 376/376/340 351/351/315
f 351/351/315 376/376/340 350/350/314
f 376/376/340 377/377/341 350/350/314
f 350/350/314 377/377/341 349/349/313
f 377/377/341 378/378/342 349/349/313
f 349/349/313 378/378/342 348/348/312
f 378/378/342 379/379/343 348/348/312
f 348/348/312 379/379/343 347/347/311
f 379/379/343 380/380/344 347/347/311
f 347/347/311 380/380/344 288/288/257
f 288/288/257 380/380/344 286/286/255
f 380/380/344 381/381/345 286/286/255
f 286/286/255 381/381/345 284/284/253
f 381/381/345 380/380/344 382/382/346
f 380/380/344 379/379/343 382/382/346
f 382/382/346 379/379/343 383/383/347
f 379/379/343 378/378/342 383/383/347
f 383/383/347 378/378/342 384/384/348
f 378/378/342 377/377/341 384/384/348
f 384/384/348 377/377/341 385/385/349
f 377/377/341 376/376/340 385/385/349
f 385/385/349 376/376/340 386/386/350
f 376/376/340 375/375/339 386/386/350
f 386/386/350 375/375/339 387/387/351
f 375/375/339 374/374/338 387/387/351
f 387/387/351 374/374/338 388/388/352
f 374/374/338 373/373/337 388/388/352
f 388/388/352 373/373/337 389/389/353
f 373/373/337 372/372/336 389/389/353
f 389/389/353 372/372/336 390/390/354
f 372/372/336 371/371/335 390/390/354
f 390/390/354 371/371/335 391/391/355
f 371/371/335 370/370/334 391/391/355
f 391/391/355 370/370/334 392/392/356
f 370/370/334 369/369/333 392/392/356
f 392/392/356 369/369/333 393/393/357
f 369/369/333 368/368/332 393/393/357
f 393/393/357 368/368/332 394/394/358
f 368/368/332 367/367/331 394/394/358
f 394/394/358 367/367/331 395/395/359
f 367/367/331 366/366/330 395/395/359
f 395/395/359 366/366/330 396/396/360
f 366/366/330 364/364/328 396/396/360
f 364/364/328 365/365/329 396/396/360
f 365/365/329 524/397/361 396/396/360
f 396/396/360 524/397/361 398/398/362
f 524/397/361 517/399/363 398/398/362
f 396/396/360 398/398/362 395/395/359
f 398/398/362 400/400/364 395/395/359
f 395/395/359 400/400/364 394/394/358
f 400/400/364 401/401/365 394/394/358
f 394/394/358 401/401/365 393/393/357
f 401/401/365 402/402/366 393/393/357
f 393/393/357 402/402/366 392/392/356
f 402/402/366 403/403/367 392/392/356
f 392/392/356 403/403/367 391/391/355
f 403/403/367 404/404/368 391/391/355
f 391/391/355 404/404/368 390/390/354
f 404/404/368 405/405/369 390/390/354
f 390/390/354 405/405/369 389/389/353
f 405/405/369 406/406/370 389/389/353
f 389/389/353 406/406/370 388/388/352
f 406/406/370 407/407/371 388/388/352
f 388/388/352 407/407/371 387/387/351
f 407/407/371 408/408/372 387/387/351
f 387/387/351 408/408/372 386/386/350
f 408/408/372 409/409/373 386/386/350
f 386/386/350 409/409/373 385/385/349
f 409/409/373 410/410/374 385/385/349
f 385/385/349 410/410/374 384/384/348
f 410/410/374 411/411/375 384/384/348
f 384/384/348 411/411/375 383/383/347
f 411/411/375 412/412/376 383/383/347
f 383/383/347 412/412/376 382/382/346
f 412/412/376 413/413/377 382/382/346
f 382/382/346 413/413/377 381/381/345
f 413/413/377 414/414/378 381/381/345
f 381/381/345 414/414/378 284/284/253
f 284/284/253 414/414/378 282/282/251
f 414/414/378 415/415/379 282/282/251
f 282/282/251 415/415/379 280/280/249
f 415/415/379 414/414/378 416/416/380
f 414/414/378 413/413/377 416/416/380
f 416/416/380 413/413/377 417/417/381
f 413/413/377 412/412/376 417/417/381
f 417/417/381 412/412/376 418/418/382
f 412/412/376 411/411/375 418/418/382
f 418/418/382 411/411/375 419/419/383
f 411/411/375 410/410/374 419/419/383
f 419/419/383 410/410/374 420/420/384
f 410/410/374 409/409/373 420/420/384
f 420/420/384 409/409/373 421/421/385
f 409/409/373 408/408/372 421/421/385
f 421/421/385 408/408/372 422/422/386
f 408/408/372 407/407/371 422/422/386
f 422/422/386 407/407/371 423/423/387
f 407/407/371 406/406/370 423/423/387
f 423/423/387 406/406/370 424/424/388
f 406/406/370 405/405/369 424/424/388
f 424/424/388 405/405/369 425/425/389
f 405/405/369 404/404/368 425/425/389
f 425/425/389 404/404/368 426/426/390
f 404/404/368 403/403/367 426/426/390
f 426/426/390 403/403/367 427/427/391
f 403/403/367 402/402/366 427/427/391
f 427/427/391 402/402/366 428/428/392
f 402/402/366 401/401/365 428/428/392
f 428/428/392 401/401/365 429/429/393
f 401/401/365 400/400/364 429/429/393
f 429/429/393 400/400/364 430/430/394
f 400/400/364 398/398/362 430/430/394
f 398/398/362 517/399/363 430/430/394
f 517/399/363 516/431/395 430/430/394
f 430/430/394 516/431/395 432/432/396
f 516/431/395 433/433/397 432/432/396
f 430/430/394 432/432/396 429/429/393
f 432/432/396 434/434/398 429/429/393
f 429/429/393 434/434/398 428/428/392
f 434/434/398 435/435/399 428/428/392
f 428/428/392 435/435/399 427/427/391
f 435/435/399 436/436/400 427/427/391
f 427/427/391 436/436/400 426/426/390
f 436/436/400 437/437/401 426/426/390
f 426/426/390 437/437/401 425/425/389
f 437/437/401 438/438/402 425/425/389
f 425/425/389 438/438/402 424/424/388
f 438/438/402 439/439/403 424/424/388
f 424/424/388 439/439/403 423/423/387
f 439/439/403 440/440/404 423/423/387
f 423/423/387 440/440/404 422/422/386
f 440/440/404 441/441/405 422/422/386
f 422/422/386 441/441/405 421/421/385
f 441/441/405 442/442/406 421/421/385
f 421/421/385 442/442/406 420/420/384
f 442/442/406 443/443/407 420/420/384
f 420/420/384 443/443/407 419/419/383
f 443/443/407 444/444/408 419/419/383
f 419/419/383 444/444/408 418/418/382
f 444/444/408 445/445/409 418/418/382
f 418/418/382 445/445/409 417/417/381
f 445/445/409 446/446/410 417/417/381
f 417/417/381 446/446/410 416/416/380
f 446/446/410 447/447/411 416/416/380
f 416/416/380 447/447/411 415/415/379
f 447/447/411 448/448/412 415/415/379
f 415/415/379 448/448/412 280/280/249
f 280/280/249 448/448/412 278/278/247
f 448/448/412 449/449/413 278/278/247
f 278/278/247 449/449/413 276/276/245
f 276/276/245 449/449/413 275/275/244
f 449/449/413 450/450/414 275/275/244
f 275/275/244 450/450/414 273/273/242
f 450/450/414 449/449/413 451/451/415
f 449/449/413 448/448/412 451/451/415
f 448/448/412 447/447/411 451/451/415
f 451/451/415 447/447/411 452/452/416
f 447/447/411 446/446/410 452/452/416
f 452/452/416 446/446/410 453/453/417
f 446/446/410 445/445/409 453/453/417
f 453/453/417 445/445/409 454/454/418
f 445/445/409 444/444/408 454/454/418
f 454/454/418 444/444/408 455/455/419
f 444/444/408 443/443/407 455/455/419
f 455/455/419 443/443/407 456/456/420
f 443/443/407 442/442/406 456/456/420
f 456/456/420 442/442/406 457/457/421
f 442/442/406 441/441/405 457/457/421
f 457/457/421 441/441/405 458/458/422
f 441/441/405 440/440/404 458/458/422
f 458/458/422 440/440/404 459/459/423
f 440/440/404 439/439/403 459/459/423
f 459/459/423 439/439/403 460/460/424
f 439/439/403 438/438/402 460/460/424
f 460/460/424 438/438/402 461/461/425
f 438/438/402 437/437/401 461/461/425
f 461/461/425 437/437/401 462/462/426
f 437/437/401 436/436/400 462/462/426
f 462/462/426 436/436/400 463/463/427
f 436/436/400 435/435/399 463/463/427
f 463/463/427 435/435/399 464/464/428
f 435/435/399 434/434/398 464/464/428
f 464/464/428 434/434/398 465/465/429
f 434/434/398 432/432/396 465/465/429
f 432/432/396 433/433/397 465/465/429
f 433/433/397 466/466/430 465/465/429
f 465/465/429 466/466/430 467/467/431
f 466/466/430 511/468/432 467/467/431
f 465/465/429 467/467/431 464/464/428
f 467/467/431 469/469/433 464/464/428
f 464/464/428 469/469/433 463/463/427
f 469/469/433 470/470/434 463/463/427
f 463/463/427 470/470/434 462/462/426
f 470/470/434 471/471/435 462/462/426
f 462/462/426 471/471/435 461/461/425
f 471/471/435 472/472/436 461/461/425
f 461/461/425 472/472/436 460/460/424
f 472/472/436 473/473/437 460/460/424
f 460/460/424 473/473/437 459/459/423
f 473/473/437 474/474/438 459/459/423
f 459/459/423 474/474/438 458/458/422
f 474/474/438 475/475/439 458/458/422
f 458/458/422 475/475/439 457/457/421
f 475/475/439 476/476/440 457/457/421
f 457/457/421 476/476/440 456/456/420
f 476/476/440 477/477/441 456/456/420
f 456/456/420 477/477/441 455/455/419
f 477/477/441 478/478/442 455/455/419
f 455/455/419 478/478/442 454/454/418
f 478/478/442 479/479/443 454/454/418
f 454/454/418 479/479/443 453/453/417
f 479/479/443 480/480/444 453/453/417
f 453/453/417 480/480/444 452/452/416
f 480/480/444 481/481/445 452/452/416
f 452/452/416 481/481/445 451/451/415
f 451/451/415 481/481/445 450/450/414
f 481/481/445 482/482/446 450/450/414
f 450/450/414 482/482/446 273/273/242
f 273/273/242 482/482/446 274/274/243
f 274/274/243 482/482/446 302/483/266
f 302/483/266 482/482/446 484/484/447
f 482/482/446 481/481/445 484/484/447
f 481/481/445 480/480/444 484/484/447
f 484/484/447 480/480/444 485/485/448
f 480/480/444 479/479/443 485/485/448
f 485/485/448 479/479/443 486/486/449
f 479/479/443 478/478/442 486/486/449
f 486/486/449 478/478/442 487/487/450
f 478/478/442 477/477/441 487/487/450
f 487/487/450 477/477/441 488/488/451
f 477/477/441 476/476/440 488/488/451
f 488/488/451 476/476/440 489/489/452
f 476/476/440 475/475/439 489/489/452
f 489/489/452 475/475/439 490/490/453
f 475/475/439 474/474/438 490/490/453
f 490/490/453 474/474/438 491/491/454
f 474/474/438 473/473/437 491/491/454
f 491/491/454 473/473/437 492/492/455
f 473/473/437 472/472/436 492/492/455
f 492/492/455 472/472/436 493/493/456
f 472/472/436 471/471/435 493/493/456
f 493/493/456 471/471/435 494/494/457
f 471/471/435 470/470/434 494/494/457
f 494/494/457 470/470/434 495/495/458
f 470/470/434 469/469/433 495/495/458
f 495/495/458 469/469/433 496/496/459
f 469/469/433 467/467/431 496/496/459
f 467/467/431 511/468/432 496/496/459
f 511/468/432 510/497/292 496/496/459
f 510/497/292 326/498/290 496/496/459
f 496/496/459 326/498/290 495/495/458
f 326/498/290 499/499/288 495/495/458
f 495/495/458 499/499/288 494/494/457
f 499/499/288 322/500/286 494/494/457
f 494/494/457 322/500/286 493/493/456
f 322/500/286 501/501/284 493/493/456
f 493/493/456 501/501/284 492/492/455
f 501/501/284 318/502/282 492/492/455
f 492/492/455 318/502/282 491/491/454
f 318/502/282 503/503/280 491/491/454
f 491/491/454 503/503/280 490/490/453
f 503/503/280 314/504/278 490/490/453
f 490/490/453 314/504/278 489/489/452
f 314/504/278 312/505/276 489/489/452
f 489/489/452 312/505/276 488/488/451
f 312/505/276 506/506/274 488/488/451
f 488/488/451 506/506/274 487/487/450
f 506/506/274 308/507/272 487/487/450
f 487/487/450 308/507/272 486/486/449
f 308/507/272 306/508/270 486/486/449
f 486/486/449 306/508/270 485/485/448
f 306/508/270 509/509/268 485/485/448
f 485/485/448 509/509/268 484/484/447
f 509/509/268 302/483/266 484/484/447
f 510/510/292 511/511/432 327/512/291
f 511/511/432 513/513/460 327/512/291
f 327/512/291 513/513/460 514/514/461
f 513/513/460 433/515/397 514/514/461
f 433/515/397 516/516/395 514/514/461
f 516/516/395 517/517/363 514/514/461
f 514/514/461 517/517/363 518/518/462
f 517/517/363 365/519/329 518/518/462
f 518/518/462 365/519/329 331/520/295
f 365/519/329 363/521/327 331/520/295
f 513/513/460 511/511/432 433/515/397
f 511/511/432 466/522/430 433/515/397
f 327/512/291 514/514/461 523/523/293
f 514/514/461 518/518/462 523/523/293
f 523/523/293 518/518/462 331/520/295
f 365/519/329 517/517/363 524/524/361
f 525/525/463 550/526/464 527/527/465
f 550/526/464 528/528/466 527/527/465
f 527/527/465 528/528/466 529/529/467
f 528/528/466 530/530/468 529/529/467
f 529/529/467 530/530/468 531/531/469
f 530/530/468 532/532/470 531/531/469
f 531/531/469 532/532/470 533/533/471
f 532/532/470 534/534/472 533/533/471
f 533/533/471 534/534/472 535/535/473
f 534/534/472 536/536/474 535/535/473
f 535/535/473 536/536/474 537/537/475
f 536/536/474 538/538/476 537/537/475
f 537/537/475 538/538/476 539/539/477
f 538/538/476 540/540/478 539/539/477
f 539/539/477 540/540/478 541/541/479
f 540/540/478 542/542/480 541/541/479
f 541/541/479 542/542/480 543/543/481
f 542/542/480 544/544/482 543/543/481
f 543/543/481 544/544/482 545/545/483
f 544/544/482 546/546/484 545/545/483
f 545/545/483 546/546/484 547/547/485
f 546/546/484 548/548/486 547/547/485
f 547/547/485 548/548/486 525/549/463
f 525/549/463 548/548/486 550/550/464
f 548/548/486 551/551/487 550/550/464
f 550/550/464 551/551/487 553/552/488
f 550/526/464 553/553/488 528/528/466
f 528/528/466 553/553/488 554/554/489
f 553/553/488 555/555/490 554/554/489
f 530/530/468 528/528/466 554/554/489
f 551/551/487 548/548/486 556/556/491
f 548/548/486 546/546/484 556/556/491
f 556/556/491 546/546/484 557/557/492
f 546/546/484 544/544/482 557/557/492
f 557/557/492 544/544/482 558/558/493
f 544/544/482 542/542/480 558/558/493
f 558/558/493 542/542/480 559/559/494
f 542/542/480 540/540/478 559/559/494
f 559/559/494 540/540/478 560/560/495
f 540/540/478 538/538/476 560/560/495
f 560/560/495 538/538/476 561/561/496
f 538/538/476 536/536/474 561/561/496
f 561/561/496 536/536/474 562/562/497
f 536/536/474 534/534/472 562/562/497
f 562/562/497 534/534/472 563/563/498
f 534/534/472 532/532/470 563/563/498
f 563/563/498 532/532/470 564/564/499
f 532/532/470 530/530/468 564/564/499
f 530/530/468 554/554/489 564/564/499
f 564/564/499 554/554/489 565/565/500
f 554/554/489 555/555/490 565/565/500
f 555/555/490 566/566/501 565/565/500
f 565/565/500 566/566/501 567/567/502
f 566/566/501 568/568/503 567/567/502
f 567/567/502 569/569/504 565/565/500
f 565/565/500 569/569/504 564/564/499
f 564/564/499 569/569/504 563/563/498
f 569/569/504 570/570/505 563/563/498
f 563/563/498 570/570/505 562/562/497
f 570/570/505 571/571/506 562/562/497
f 562/562/497 571/571/506 561/561/496
f 571/571/506 572/572/507 561/561/496
f 561/561/496 572/572/507 560/560/495
f 572/572/507 573/573/508 560/560/495
f 560/560/495 573/573/508 559/559/494
f 573/573/508 574/574/509 559/559/494
f 559/559/494 574/574/509 558/558/493
f 574/574/509 575/575/510 558/558/493
f 558/558/493 575/575/510 557/557/492
f 575/575/510 576/576/511 557/557/492
f 557/557/492 576/576/511 556/556/491
f 576/576/511 577/577/512 556/556/491
f 556/556/491 577/577/512 551/551/487
f 577/577/512 578/578/513 551/551/487
f 551/551/487 578/578/513 553/552/488
f 553/552/488 578/578/513 555/579/490
f 578/578/513 580/580/514 555/579/490
f 555/579/490 580/580/514 566/581/501
f 580/580/514 578/578/513 582/582/515
f 578/578/513 577/577/512 582/582/515
f 582/582/515 577/577/512 583/583/516
f 577/577/512 576/576/511 583/583/516
f 583/583/516 576/576/511 584/584/517
f 576/576/511 575/575/510 584/584/517
f 584/584/517 575/575/510 585/585/518
f 575/575/510 574/574/509 585/585/518
f 585/585/518 574/574/509 586/586/519
f 574/574/509 573/573/508 586/586/519
f 586/586/519 573/573/508 587/587/520
f 573/573/508 572/572/507 587/587/520
f 587/587/520 572/572/507 588/588/521
f 572/572/507 571/571/506 588/588/521
f 588/588/521 571/571/506 589/589/522
f 571/571/506 570/570/505 589/589/522
f 589/589/522 570/570/505 590/590/523
f 570/570/505 569/569/504 590/590/523
f 569/569/504 567/567/502 590/590/523
f 590/590/523 567/567/502 591/591/524
f 567/567/502 568/568/503 591/591/524
f 568/568/503 607/592/525 591/591/524
f 591/591/524 607/592/525 593/593/526
f 607/592/525 594/594/527 593/593/526
f 593/593/526 595/595/528 591/591/524
f 591/591/524 595/595/528 590/590/523
f 590/590/523 595/595/528 589/589/522
f 595/595/528 596/596/529 589/589/522
f 589/589/522 596/596/529 588/588/521
f 596/596/529 597/597/530 588/588/521
f 588/588/521 597/597/530 587/587/520
f 597/597/530 598/598/531 587/587/520
f 587/587/520 598/598/531 586/586/519
f 598/598/531 599/599/532 586/586/519
f 586/586/519 599/599/532 585/585/518
f 599/599/532 600/600/533 585/585/518
f 585/585/518 600/600/533 584/584/517
f 600/600/533 601/601/534 584/584/517
f 584/584/517 601/601/534 583/583/516
f 601/601/534 602/602/535 583/583/516
f 583/583/516 602/602/535 582/582/515
f 602/602/535 603/603/536 582/582/515
f 582/582/515 603/603/536 580/580/514
f 603/603/536 604/604/537 580/580/514
f 580/580/514 604/604/537 566/581/501
f 566/581/501 604/604/537 568/605/503
f 604/604/537 606/606/538 568/605/503
f 568/605/503 606/606/538 607/607/525
f 606/606/538 604/604/537 608/608/539
f 604/604/537 603/603/536 608/608/539
f 608/608/539 603/603/536 609/609/540
f 603/603/536 602/602/535 609/609/540
f 609/609/540 602/602/535 610/610/541
f 602/602/535 601/601/534 610/610/541
f 610/610/541 601/601/534 611/611/542
f 601/601/534 600/600/533 611/611/542
f 611/611/542 600/600/533 612/612/543
f 600/600/533 599/599/532 612/612/543
f 612/612/543 599/599/532 613/613/544
f 599/599/532 598/598/531 613/613/544
f 613/613/544 598/598/531 614/614/545
f 598/598/531 597/597/530 614/614/545
f 614/614/545 597/597/530 615/615/546
f 597/597/530 596/596/529 615/615/546
f 615/615/546 596/596/529 616/616/547
f 596/596/529 595/595/528 616/616/547
f 595/595/528 593/593/526 616/616/547
f 616/616/547 593/593/526 617/617/548
f 593/593/526 594/594/527 617/617/548
f 594/594/527 633/618/549 617/617/548
f 617/617/548 633/618/549 619/619/550
f 633/618/549 620/620/551 619/619/550
f 619/619/550 621/621/552 617/617/548
f 617/617/548 621/621/552 616/616/547
f 616/616/547 621/621/552 615/615/546
f 621/621/552 622/622/553 615/615/546
f 615/615/546 622/622/553 614/614/545
f 622/622/553 623/623/554 614/614/545
f 614/614/545 623/623/554 613/613/544
f 623/623/554 624/624/555 613/613/544
f 613/613/544 624/624/555 612/612/543
f 624/624/555 625/625/556 612/612/543
f 612/612/543 625/625/556 611/611/542
f 625/625/556 626/626/557 611/611/542
f 611/611/542 626/626/557 610/610/541
f 626/626/557 627/627/558 610/610/541
f 610/610/541 627/627/558 609/609/540
f 627/627/558 628/628/559 609/609/540
f 609/609/540 628/628/559 608/608/539
f 628/628/559 629/629/560 608/608/539
f 608/608/539 629/629/560 606/606/538
f 629/629/560 630/630/561 606/606/538
f 606/606/538 630/630/561 607/607/525
f 607/607/525 630/630/561 594/631/527
f 630/630/561 632/632/562 594/631/527
f 594/631/527 632/632/562 633/633/549
f 632/632/562 630/630/561 634/634/563
f 630/630/561 629/629/560 634/634/563
f 634/634/563 629/629/560 635/635/564
f 629/629/560 628/628/559 635/635/564
f 635/635/564 628/628/559 636/636/565
f 628/628/559 627/627/558 636/636/565
f 636/636/565 627/627/558 637/637/566
f 627/627/558 626/626/557 637/637/566
f 637/637/566 626/626/557 638/638/567
f 626/626/557 625/625/556 638/638/567
f 638/638/567 625/625/556 639/639/568
f 625/625/556 624/624/555 639/639/568
f 639/639/568 624/624/555 640/640/569
f 624/624/555 623/623/554 640/640/569
f 640/640/569 623/623/554 641/641/570
f 623/623/554 622/622/553 641/641/570
f 641/641/570 622/622/553 642/642/571
f 622/622/553 621/621/552 642/642/571
f 621/621/552 619/619/550 642/642/571
f 642/642/571 619/619/550 643/643/572
f 619/619/550 620/620/551 643/643/572
f 620/620/551 659/644/573 643/643/572
f 643/643/572 659/644/573 645/645/574
f 659/644/573 683/646/575 645/645/574
f 645/645/574 647/647/576 643/643/572
f 643/643/572 647/647/576 642/642/571
f 642/642/571 647/647/576 641/641/570
f 647/647/576 648/648/577 641/641/570
f 641/641/570 648/648/577 640/640/569
f 648/648/577 649/649/578 640/640/569
f 640/640/569 649/649/578 639/639/568
f 649/649/578 650/650/579 639/639/568
f 639/639/568 650/650/579 638/638/567
f 650/650/579 651/651/580 638/638/567
f 638/638/567 651/651/580 637/637/566
f 651/651/580 652/652/581 637/637/566
f 637/637/566 652/652/581 636/636/565
f 652/652/581 653/653/582 636/636/565
f 636/636/565 653/653/582 635/635/564
f 653/653/582 654/654/583 635/635/564
f 635/635/564 654/654/583 634/634/563
f 654/654/583 655/655/584 634/634/563
f 634/634/563 655/655/584 632/632/562
f 655/655/584 656/656/585 632/632/562
f 632/632/562 656/656/585 633/633/549
f 633/633/549 656/656/585 620/657/551
f 656/656/585 658/658/586 620/657/551
f 620/657/551 658/658/586 659/659/573
f 658/658/586 656/656/585 660/660/587
f 656/656/585 655/655/584 660/660/587
f 660/660/587 655/655/584 661/661/588
f 655/655/584 654/654/583 661/661/588
f 661/661/588 654/654/583 662/662/589
f 654/654/583 653/653/582 662/662/589
f 662/662/589 653/653/582 663/663/590
f 653/653/582 652/652/581 663/663/590
f 663/663/590 652/652/581 664/664/591
f 652/652/581 651/651/580 664/664/591
f 664/664/591 651/651/580 665/665/592
f 651/651/580 650/650/579 665/665/592
f 665/665/592 650/650/579 666/666/593
f 650/650/579 649/649/578 666/666/593
f 666/666/593 649/649/578 667/667/594
f 649/649/578 648/648/577 667/667/594
f 667/667/594 648/648/577 668/668/595
f 648/648/577 647/647/576 668/668/595
f 647/647/576 645/645/574 668/668/595
f 668/668/595 645/645/574 669/669/596
f 645/645/574 683/646/575 669/669/596
f 683/646/575 685/670/597 669/669/596
f 669/669/596 685/670/597 671/671/598
f 685/670/597 672/672/599 671/671/598
f 671/671/598 673/673/600 669/669/596
f 669/669/596 673/673/600 668/668/595
f 668/668/595 673/673/600 667/667/594
f 673/673/600 674/674/601 667/667/594
f 667/667/594 674/674/601 666/666/593
f 674/674/601 675/675/602 666/666/593
f 666/666/593 675/675/602 665/665/592
f 675/675/602 676/676/603 665/665/592
f 665/665/592 676/676/603 664/664/591
f 676/676/603 677/677/604 664/664/591
f 664/664/591 677/677/604 663/663/590
f 677/677/604 678/678/605 663/663/590
f 663/663/590 678/678/605 662/662/589
f 678/678/605 679/679/606 662/662/589
f 662/662/589 679/679/606 661/661/588
f 679/679/606 680/680/607 661/661/588
f 661/661/588 680/680/607 660/660/587
f 680/680/607 681/681/608 660/660/587
f 660/660/587 681/681/608 658/658/586
f 681/681/608 682/682/609 658/658/586
f 658/658/586 682/682/609 659/659/573
f 659/659/573 682/682/609 683/683/575
f 682/682/609 684/684/610 683/683/575
f 683/683/575 684/684/610 685/685/597
f 684/684/610 682/682/609 686/686/611
f 682/682/609 681/681/608 686/686/611
f 686/686/611 681/681/608 687/687/612
f 681/681/608 680/680/607 687/687/612
f 687/687/612 680/680/607 688/688/613
f 680/680/607 679/679/606 688/688/613
f 688/688/613 679/679/606 689/689/614
f 679/679/606 678/678/605 689/689/614
f 689/689/614 678/678/605 690/690/615
f 678/678/605 677/677/604 690/690/615
f 690/690/615 677/677/604 691/691/616
f 677/677/604 676/676/603 691/691/616
f 691/691/616 676/676/603 692/692/617
f 676/676/603 675/675/602 692/692/617
f 692/692/617 675/675/602 693/693/618
f 675/675/602 674/674/601 693/693/618
f 693/693/618 674/674/601 694/694/619
f 674/674/601 673/673/600 694/694/619
f 673/673/600 671/671/598 694/694/619
f 694/694/619 671/671/598 695/695/620
f 671/671/598 672/672/599 695/695/620
f 672/672/599 696/696/621 695/695/620
f 695/695/620 696/696/621 697/697/622
f 696/696/621 698/698/623 697/697/622
f 697/697/622 699/699/624 695/695/620
f 695/695/620 699/699/624 694/694/619
f 694/694/619 699/699/624 693/693/618
f 699/699/624 700/700/625 693/693/618
f 693/693/618 700/700/625 692/692/617
f 700/700/625 701/701/626 692/692/617
f 692/692/617 701/701/626 691/691/616
f 701/701/626 702/702/627 691/691/616
f 691/691/616 702/702/627 690/690/615
f 702/702/627 703/703/628 690/690/615
f 690/690/615 703/703/628 689/689/614
f 703/703/628 704/704/629 689/689/614
f 689/689/614 704/704/629 688/688/613
f 704/704/629 705/705/630 688/688/613
f 688/688/613 705/705/630 687/687/612
f 705/705/630 706/706/631 687/687/612
f 687/687/612 706/706/631 686/686/611
f 706/706/631 707/707/632 686/686/611
f 686/686/611 707/707/632 684/684/610
f 707/707/632 708/708/633 684/684/610
f 684/684/610 708/708/633 685/685/597
f 685/685/597 708/708/633 672/709/599
f 708/708/633 710/710/634 672/709/599
f 672/709/599 710/710/634 696/711/621
f 710/710/634 708/708/633 712/712/635
f 708/708/633 707/707/632 712/712/635
f 712/712/635 707/707/632 713/713/636
f 707/707/632 706/706/631 713/713/636
f 713/713/636 706/706/631 714/714/637
f 706/706/631 705/705/630 714/714/637
f 714/714/637 705/705/630 715/715/638
f 705/705/630 704/704/629 715/715/638
f 715/715/638 704/704/629 716/716/639
f 704/704/629 703/703/628 716/716/639
f 716/716/639 703/703/628 717/717/640
f 703/703/628 702/702/627 717/717/640
f 717/717/640 702/702/627 718/718/641
f 702/702/627 701/701/626 718/718/641
f 718/718/641 701/701/626 719/719/642
f 701/701/626 700/700/625 719/719/642
f 719/719/642 700/700/625 720/720/643
f 700/700/625 699/699/624 720/720/643
f 699/699/624 697/697/622 720/720/643
f 720/720/643 697/697/622 721/721/644
f 697/697/622 698/698/623 721/721/644
f 698/698/623 722/722/645 721/721/644
f 721/721/644 722/722/645 723/723/646
f 722/722/645 724/724/647 723/723/646
f 723/723/646 725/725/648 721/721/644
f 721/721/644 725/725/648 720/720/643
f 720/720/643 725/725/648 719/719/642
f 725/725/648 726/726/649 719/719/642
f 719/719/642 726/726/649 718/718/641
f 726/726/649 727/727/650 718/718/641
f 718/718/641 727/727/650 717/717/640
f 727/727/650 728/728/651 717/717/640
f 717/717/640 728/728/651 716/716/639
f 728/728/651 729/729/652 716/716/639
f 716/716/639 729/729/652 715/715/638
f 729/729/652 730/730/653 715/715/638
f 715/715/638 730/730/653 714/714/637
f 730/730/653 731/731/654 714/714/637
f 714/714/637 731/731/654 713/713/636
f 731/731/654 732/732/655 713/713/636
f 713/713/636 732/732/655 712/712/635
f 732/732/655 733/733/656 712/712/635
f 712/712/635 733/733/656 710/710/634
f 733/733/656 734/734/657 710/710/634
f 710/710/634 734/734/657 696/711/621
f 696/711/621 734/734/657 698/735/623
f 734/734/657 736/736/658 698/735/623
f 698/735/623 736/736/658 722/737/645
f 736/736/658 734/734/657 738/738/659
f 734/734/657 733/733/656 738/738/659
f 738/738/659 733/733/656 739/739/660
f 733/733/656 732/732/655 739/739/660
f 739/739/660 732/732/655 740/740/661
f 732/732/655 731/731/654 740/740/661
f 740/740/661 731/731/654 741/741/662
f 731/731/654 730/730/653 741/741/662
f 741/741/662 730/730/653 742/742/663
f 730/730/653 729/729/652 742/742/663
f 742/742/663 729/729/652 743/743/664
f 729/729/652 728/728/651 743/743/664
f 743/743/664 728/728/651 744/744/665
f 728/728/651 727/727/650 744/744/665
f 744/744/665 727/727/650 745/745/666
f 727/727/650 726/726/649 745/745/666
f 745/745/666 726/726/649 746/746/667
f 726/726/649 725/725/648 746/746/667
f 725/725/648 723/723/646 746/746/667
f 746/746/667 723/723/646 747/747/668
f 723/723/646 724/724/647 747/747/668
f 724/724/647 748/748/669 747/747/668
f 748/748/669 749/749/670 747/747/668
f 749/749/670 750/750/671 747/747/668
f 747/747/668 750/750/671 746/746/667
f 746/746/667 750/750/671 745/745/666
f 750/750/671 751/751/672 745/745/666
f 745/745/666 751/751/672 744/744/665
f 751/751/672 752/752/673 744/744/665
f 744/744/665 752/752/673 743/743/664
f 752/752/673 753/753/674 743/743/664
f 743/743/664 753/753/674 742/742/663
f 753/753/674 754/754/675 742/742/663
f 742/742/663 754/754/675 741/741/662
f 754/754/675 755/755/676 741/741/662
f 741/741/662 755/755/676 740/740/661
f 755/755/676 756/756/677 740/740/661
f 740/740/661 756/756/677 739/739/660
f 756/756/677 757/757/678 739/739/660
f 739/739/660 757/757/678 738/738/659
f 757/757/678 758/758/679 738/738/659
f 738/738/659 758/758/679 736/736/658
f 758/758/679 759/759/680 736/736/658
f 736/736/658 759/759/680 722/737/645
f 722/737/645 759/759/680 724/760/647
f 759/759/680 773/761/681 724/760/647
f 724/760/647 773/761/681 748/762/669
f 773/761/681 759/759/680 785/763/682
f 759/759/680 758/758/679 785/763/682
f 785/763/682 758/758/679 764/764/683
f 758/758/679 757/757/678 764/764/683
f 764/764/683 757/757/678 765/765/684
f 757/757/678 756/756/677 765/765/684
f 765/765/684 756/756/677 766/766/685
f 756/756/677 755/755/676 766/766/685
f 766/766/685 755/755/676 786/767/686
f 755/755/676 754/754/675 786/767/686
f 786/767/686 754/754/675 768/768/687
f 754/754/675 753/753/674 768/768/687
f 768/768/687 753/753/674 769/769/688
f 753/753/674 752/752/673 769/769/688
f 769/769/688 752/752/673 777/770/689
f 752/752/673 751/751/672 777/770/689
f 777/770/689 751/751/672 784/771/690
f 751/751/672 750/750/671 784/771/690
f 784/771/690 750/750/671 749/749/670
f 748/772/669 773/773/681 749/774/670
f 749/774/670 773/773/681 775/775/691
f 773/773/681 776/776/692 775/775/691
f 775/775/691 776/776/692 777/777/689
f 777/777/689 776/776/692 769/778/688
f 769/778/688 776/776/692 768/779/687
f 776/776/692 780/780/693 768/779/687
f 768/779/687 780/780/693 766/781/685
f 780/780/693 764/782/683 766/781/685
f 766/781/685 764/782/683 765/783/684
f 775/775/691 777/777/689 749/774/670
f 749/774/670 777/777/689 784/784/690
f 773/773/681 785/785/682 776/776/692
f 776/776/692 785/785/682 780/780/693
f 785/785/682 764/782/683 780/780/693
f 766/781/685 786/786/686 768/779/687
f 787/787/694 788/788/695 789/789/696
f 789/789/696 788/788/695 790/790/697
f 788/788/695 787/787/694 791/791/698
f 787/787/694 792/792/699 791/791/698
f 791/791/698 792/792/699 793/793/700
f 792/792/699 794/794/701 793/793/700
f 793/793/700 794/794/701 795/795/702
f 794/794/701 796/796/703 795/795/702
f 795/795/702 796/796/703 797/797/704
f 796/796/703 798/798/705 797/797/704
f 797/797/704 798/798/705 799/799/706
f 798/798/705 800/800/707 799/799/706
f 799/799/706 800/800/707 801/801/708
f 800/800/707 802/802/709 801/801/708
f 801/801/708 802/802/709 803/803/710
f 802/802/709 821/804/711 803/803/710
f 803/803/710 821/804/711 805/805/712
f 821/804/711 802/802/709 806/806/713
f 806/806/713 802/802/709 807/807/714
f 802/802/709 800/800/707 807/807/714
f 807/807/714 800/800/707 808/808/715
f 800/800/707 798/798/705 808/808/715
f 808/808/715 798/798/705 809/809/716
f 798/798/705 796/796/703 809/809/716
f 809/809/716 796/796/703 810/810/717
f 796/796/703 794/794/701 810/810/717
f 810/810/717 794/794/701 811/811/718
f 794/794/701 792/792/699 811/811/718
f 811/811/718 792/792/699 812/812/719
f 792/792/699 787/787/694 812/812/719
f 812/812/719 787/787/694 813/813/720
f 787/787/694 789/789/696 813/813/720
f 813/813/720 789/789/696 814/814/721
f 814/814/721 789/789/696 815/815/722
f 789/789/696 790/790/697 815/815/722
f 790/790/697 816/816/723 815/815/722
f 815/815/722 816/816/723 817/817/724
f 816/816/723 818/818/725 817/817/724
f 817/817/724 818/818/725 819/819/726
f 818/818/725 805/820/712 819/819/726
f 805/820/712 821/821/711 819/819/726
f 819/819/726 821/821/711 822/822/727
f 821/821/711 806/823/713 822/822/727
f 822/822/727 806/823/713 824/824/728
f 806/823/713 856/825/729 824/824/728
f 824/824/728 856/825/729 826/826/730
f 856/825/729 1032/827/731 826/826/730
f 826/826/730 1032/827/731 828/828/732
f 1032/827/731 1033/829/733 828/828/732
f 828/828/732 1033/829/733 830/830/383
f 1033/829/733 831/831/374 830/830/383
f 830/830/383 831/831/374 832/832/734
f 831/831/374 833/833/735 832/832/734
f 832/832/734 833/833/735 834/834/736
f 833/833/735 835/835/737 834/834/736
f 834/834/736 835/835/737 836/836/738
f 835/835/737 837/837/739 836/836/738
f 836/836/738 837/837/739 838/838/740
f 837/837/739 1024/839/741 838/838/740
f 838/838/740 1024/839/741 840/840/742
f 1024/839/741 841/841/743 840/840/742
f 840/840/742 841/841/743 842/842/744
f 841/841/743 843/843/745 842/842/744
f 842/842/744 843/843/745 844/844/746
f 843/843/745 845/845/747 844/844/746
f 844/844/746 845/845/747 846/846/748
f 845/845/747 847/847/749 846/846/748
f 846/846/748 847/847/749 848/848/750
f 847/847/749 1019/849/751 848/848/750
f 848/848/750 1019/849/751 850/850/752
f 1019/849/751 1018/851/753 850/850/752
f 850/850/752 1018/851/753 852/852/754
f 1018/851/753 853/853/755 852/852/754
f 852/852/754 853/853/755 1041/854/756
f 853/853/755 1016/855/757 1041/854/756
f 807/807/714 856/856/729 806/806/713
f 1041/854/756 1040/857/758 852/852/754
f 852/852/754 1040/857/758 858/858/759
f 1040/857/758 1038/859/760 858/858/759
f 852/852/754 858/858/759 850/850/752
f 858/858/759 860/860/761 850/850/752
f 850/850/752 860/860/761 848/848/750
f 860/860/761 861/861/762 848/848/750
f 848/848/750 861/861/762 846/846/748
f 861/861/762 862/862/763 846/846/748
f 846/846/748 862/862/763 844/844/746
f 862/862/763 863/863/764 844/844/746
f 844/844/746 863/863/764 842/842/744
f 863/863/764 864/864/765 842/842/744
f 842/842/744 864/864/765 840/840/742
f 864/864/765 865/865/766 840/840/742
f 840/840/742 865/865/766 838/838/740
f 865/865/766 866/866/767 838/838/740
f 838/838/740 866/866/767 836/836/738
f 866/866/767 867/867/768 836/836/738
f 836/836/738 867/867/768 834/834/736
f 867/867/768 868/868/769 834/834/736
f 834/834/736 868/868/769 832/832/734
f 868/868/769 869/869/770 832/832/734
f 832/832/734 869/869/770 830/830/383
f 869/869/770 870/870/408 830/830/383
f 830/830/383 870/870/408 828/828/732
f 870/870/408 871/871/771 828/828/732
f 828/828/732 871/871/771 826/826/730
f 871/871/771 872/872/772 826/826/730
f 826/826/730 872/872/772 824/824/728
f 872/872/772 873/873/773 824/824/728
f 824/824/728 873/873/773 822/822/727
f 873/873/773 874/874/774 822/822/727
f 822/822/727 874/874/774 819/819/726
f 819/819/726 874/874/774 817/817/724
f 874/874/774 875/875/775 817/817/724
f 817/817/724 875/875/775 815/815/722
f 815/815/722 875/875/775 814/814/721
f 814/814/721 875/875/775 876/876/776
f 876/876/776 875/875/775 877/877/777
f 875/875/775 874/874/774 877/877/777
f 874/874/774 873/873/773 877/877/777
f 877/877/777 873/873/773 878/878/778
f 873/873/773 872/872/772 878/878/778
f 878/878/778 872/872/772 879/879/779
f 872/872/772 871/871/771 879/879/779
f 879/879/779 871/871/771 880/880/418
f 871/871/771 870/870/408 880/880/418
f 880/880/418 870/870/408 881/881/780
f 870/870/408 869/869/770 881/881/780
f 881/881/780 869/869/770 882/882/781
f 869/869/770 868/868/769 882/882/781
f 882/882/781 868/868/769 883/883/782
f 868/868/769 867/867/768 883/883/782
f 883/883/782 867/867/768 884/884/783
f 867/867/768 866/866/767 884/884/783
f 884/884/783 866/866/767 885/885/784
f 866/866/767 865/865/766 885/885/784
f 885/885/784 865/865/766 886/886/785
f 865/865/766 864/864/765 886/886/785
f 886/886/785 864/864/765 887/887/786
f 864/864/765 863/863/764 887/887/786
f 887/887/786 863/863/764 888/888/787
f 863/863/764 862/862/763 888/888/787
f 888/888/787 862/862/763 889/889/788
f 862/862/763 861/861/762 889/889/788
f 889/889/788 861/861/762 890/890/789
f 861/861/762 860/860/761 890/890/789
f 890/890/789 860/860/761 891/891/790
f 860/860/761 858/858/759 891/891/790
f 858/858/759 1038/859/760 891/891/790
f 1038/859/760 892/892/791 891/891/790
f 891/891/790 892/892/791 893/893/792
f 892/892/791 1035/894/793 893/893/792
f 891/891/790 893/893/792 890/890/789
f 893/893/792 895/895/794 890/890/789
f 890/890/789 895/895/794 889/889/788
f 895/895/794 896/896/795 889/889/788
f 889/889/788 896/896/795 888/888/787
f 896/896/795 897/897/796 888/888/787
f 888/888/787 897/897/796 887/887/786
f 897/897/796 898/898/797 887/887/786
f 887/887/786 898/898/797 886/886/785
f 898/898/797 899/899/798 886/886/785
f 886/886/785 899/899/798 885/885/784
f 899/899/798 900/900/799 885/885/784
f 885/885/784 900/900/799 884/884/783
f 900/900/799 901/901/800 884/884/783
f 884/884/783 901/901/800 883/883/782
f 901/901/800 902/902/801 883/883/782
f 883/883/782 902/902/801 882/882/781
f 902/902/801 903/903/802 882/882/781
f 882/882/781 903/903/802 881/881/780
f 903/903/802 904/904/803 881/881/780
f 881/881/780 904/904/803 880/880/418
f 904/904/803 905/905/443 880/880/418
f 880/880/418 905/905/443 879/879/779
f 905/905/443 906/906/804 879/879/779
f 879/879/779 906/906/804 878/878/778
f 906/906/804 907/907/805 878/878/778
f 878/878/778 907/907/805 877/877/777
f 877/877/777 907/907/805 876/876/776
f 907/907/805 908/908/806 876/876/776
f 876/876/776 908/908/806 909/909/807
f 908/908/806 910/910/808 909/909/807
f 910/910/808 911/911/809 909/909/807
f 909/909/807 911/911/809 813/813/720
f 911/911/809 812/812/719 813/813/720
f 876/876/776 909/909/807 814/814/721
f 909/909/807 813/813/720 814/814/721
f 907/907/805 912/912/810 908/908/806
f 912/912/810 913/913/811 908/908/806
f 908/908/806 913/913/811 910/910/808
f 907/907/805 906/906/804 912/912/810
f 912/912/810 906/906/804 914/914/448
f 906/906/804 905/905/443 914/914/448
f 914/914/448 905/905/443 915/915/812
f 905/905/443 904/904/803 915/915/812
f 915/915/812 904/904/803 916/916/813
f 904/904/803 903/903/802 916/916/813
f 916/916/813 903/903/802 917/917/814
f 903/903/802 902/902/801 917/917/814
f 917/917/814 902/902/801 918/918/815
f 902/902/801 901/901/800 918/918/815
f 918/918/815 901/901/800 919/919/816
f 901/901/800 900/900/799 919/919/816
f 919/919/816 900/900/799 920/920/817
f 900/900/799 899/899/798 920/920/817
f 920/920/817 899/899/798 921/921/818
f 899/899/798 898/898/797 921/921/818
f 921/921/818 898/898/797 922/922/819
f 898/898/797 897/897/796 922/922/819
f 922/922/819 897/897/796 923/923/820
f 897/897/796 896/896/795 923/923/820
f 923/923/820 896/896/795 924/924/821
f 896/896/795 895/895/794 924/924/821
f 924/924/821 895/895/794 925/925/822
f 895/895/794 893/893/792 925/925/822
f 893/893/792 1035/894/793 925/925/822
f 1035/894/793 1034/926/823 925/925/822
f 925/925/822 1034/926/823 927/927/824
f 1034/926/823 1036/928/825 927/927/824
f 925/925/822 927/927/824 924/924/821
f 927/927/824 929/929/826 924/924/821
f 924/924/821 929/929/826 923/923/820
f 929/929/826 930/930/827 923/923/820
f 923/923/820 930/930/827 922/922/819
f 930/930/827 931/931/828 922/922/819
f 922/922/819 931/931/828 921/921/818
f 931/931/828 932/932/829 921/921/818
f 921/921/818 932/932/829 920/920/817
f 932/932/829 933/933/830 920/920/817
f 920/920/817 933/933/830 919/919/816
f 933/933/830 934/934/831 919/919/816
f 919/919/816 934/934/831 918/918/815
f 934/934/831 935/935/832 918/918/815
f 918/918/815 935/935/832 917/917/814
f 935/935/832 936/936/833 917/917/814
f 917/917/814 936/936/833 916/916/813
f 936/936/833 937/937/834 916/916/813
f 916/916/813 937/937/834 915/915/812
f 937/937/834 938/938/835 915/915/812
f 915/915/812 938/938/835 914/914/448
f 938/938/835 939/939/268 914/914/448
f 914/914/448 939/939/268 912/912/810
f 912/912/810 939/939/268 913/913/811
f 913/913/811 939/939/268 940/940/267
f 940/940/267 939/939/268 941/941/836
f 939/939/268 938/938/835 941/941/836
f 941/941/836 938/938/835 942/942/837
f 938/938/835 937/937/834 942/942/837
f 942/942/837 937/937/834 943/943/838
f 937/937/834 936/936/833 943/943/838
f 943/943/838 936/936/833 944/944/839
f 936/936/833 935/935/832 944/944/839
f 944/944/839 935/935/832 945/945/840
f 935/935/832 934/934/831 945/945/840
f 945/945/840 934/934/831 946/946/841
f 934/934/831 933/933/830 946/946/841
f 946/946/841 933/933/830 947/947/842
f 933/933/830 932/932/829 947/947/842
f 947/947/842 932/932/829 948/948/843
f 932/932/829 931/931/828 948/948/843
f 948/948/843 931/931/828 949/949/844
f 931/931/828 930/930/827 949/949/844
f 949/949/844 930/930/827 950/950/845
f 930/930/827 929/929/826 950/950/845
f 950/950/845 929/929/826 951/951/846
f 929/929/826 927/927/824 951/951/846
f 927/927/824 1036/928/825 951/951/846
f 1036/928/825 952/952/847 951/951/846
f 951/951/846 952/952/847 953/953/848
f 952/952/847 954/954/849 953/953/848
f 951/951/846 953/953/848 950/950/845
f 953/953/848 955/955/850 950/950/845
f 950/950/845 955/955/850 949/949/844
f 955/955/850 956/956/851 949/949/844
f 949/949/844 956/956/851 948/948/843
f 956/956/851 957/957/852 948/948/843
f 948/948/843 957/957/852 947/947/842
f 957/957/852 958/958/853 947/947/842
f 947/947/842 958/958/853 946/946/841
f 958/958/853 959/959/854 946/946/841
f 946/946/841 959/959/854 945/945/840
f 959/959/854 960/960/855 945/945/840
f 945/945/840 960/960/855 944/944/839
f 960/960/855 961/961/856 944/944/839
f 944/944/839 961/961/856 943/943/838
f 961/961/856 962/962/857 943/943/838
f 943/943/838 962/962/857 942/942/837
f 962/962/857 963/963/858 942/942/837
f 942/942/837 963/963/858 941/941/836
f 963/963/858 964/964/859 941/941/836
f 941/941/836 964/964/859 940/940/267
f 964/964/859 965/965/306 940/940/267
f 965/965/306 966/966/860 940/940/267
f 940/940/267 966/966/860 913/913/811
f 913/913/811 966/966/860 910/910/808
f 966/966/860 967/967/861 910/910/808
f 910/910/808 967/967/861 911/911/809
f 967/967/861 968/968/862 911/911/809
f 911/911/809 968/968/862 812/812/719
f 812/812/719 968/968/862 811/811/718
f 968/968/862 969/969/863 811/811/718
f 811/811/718 969/969/863 810/810/717
f 969/969/863 968/968/862 970/970/864
f 968/968/862 967/967/861 970/970/864
f 970/970/864 967/967/861 971/971/865
f 967/967/861 966/966/860 971/971/865
f 966/966/860 965/965/306 971/971/865
f 971/971/865 965/965/306 972/972/315
f 972/972/315 965/965/306 973/973/866
f 965/965/306 964/964/859 973/973/866
f 973/973/866 964/964/859 974/974/867
f 964/964/859 963/963/858 974/974/867
f 974/974/867 963/963/858 975/975/868
f 963/963/858 962/962/857 975/975/868
f 975/975/868 962/962/857 976/976/869
f 962/962/857 961/961/856 976/976/869
f 976/976/869 961/961/856 977/977/870
f 961/961/856 960/960/855 977/977/870
f 977/977/870 960/960/855 978/978/871
f 960/960/855 959/959/854 978/978/871
f 978/978/871 959/959/854 979/979/872
f 959/959/854 958/958/853 979/979/872
f 979/979/872 958/958/853 980/980/873
f 958/958/853 957/957/852 980/980/873
f 980/980/873 957/957/852 981/981/874
f 957/957/852 956/956/851 981/981/874
f 981/981/874 956/956/851 982/982/875
f 956/956/851 955/955/850 982/982/875
f 982/982/875 955/955/850 983/983/876
f 955/955/850 953/953/848 983/983/876
f 953/953/848 954/954/849 983/983/876
f 954/954/849 1045/984/877 983/983/876
f 983/983/876 1045/984/877 985/985/878
f 1045/984/877 986/986/879 985/985/878
f 983/983/876 985/985/878 982/982/875
f 985/985/878 987/987/880 982/982/875
f 982/982/875 987/987/880 981/981/874
f 987/987/880 988/988/881 981/981/874
f 981/981/874 988/988/881 980/980/873
f 988/988/881 989/989/882 980/980/873
f 980/980/873 989/989/882 979/979/872
f 989/989/882 990/990/883 979/979/872
f 979/979/872 990/990/883 978/978/871
f 990/990/883 991/991/884 978/978/871
f 978/978/871 991/991/884 977/977/870
f 991/991/884 992/992/885 977/977/870
f 977/977/870 992/992/885 976/976/869
f 992/992/885 993/993/886 976/976/869
f 976/976/869 993/993/886 975/975/868
f 993/993/886 994/994/887 975/975/868
f 975/975/868 994/994/887 974/974/867
f 994/994/887 995/995/888 974/974/867
f 974/974/867 995/995/888 973/973/866
f 995/995/888 996/996/889 973/973/866
f 973/973/866 996/996/889 972/972/315
f 996/996/889 997/997/890 972/972/315
f 997/997/890 998/998/891 972/972/315
f 972/972/315 998/998/891 971/971/865
f 971/971/865 998/998/891 970/970/864
f 998/998/891 999/999/892 970/970/864
f 970/970/864 999/999/892 969/969/863
f 999/999/892 1000/1000/893 969/969/863
f 969/969/863 1000/1000/893 810/810/717
f 810/810/717 1000/1000/893 809/809/716
f 1000/1000/893 1001/1001/894 809/809/716
f 809/809/716 1001/1001/894 808/808/715
f 1001/1001/894 1000/1000/893 1002/1002/895
f 1000/1000/893 999/999/892 1002/1002/895
f 1002/1002/895 999/999/892 1003/1003/896
f 999/999/892 998/998/891 1003/1003/896
f 998/998/891 997/997/890 1003/1003/896
f 1003/1003/896 997/997/890 1004/1004/349
f 1004/1004/349 997/997/890 1005/1005/897
f 997/997/890 996/996/889 1005/1005/897
f 1005/1005/897 996/996/889 1006/1006/898
f 996/996/889 995/995/888 1006/1006/898
f 1006/1006/898 995/995/888 1007/1007/899
f 995/995/888 994/994/887 1007/1007/899
f 1007/1007/899 994/994/887 1008/1008/900
f 994/994/887 993/993/886 1008/1008/900
f 1008/1008/900 993/993/886 1009/1009/901
f 993/993/886 992/992/885 1009/1009/901
f 1009/1009/901 992/992/885 1010/1010/902
f 992/992/885 991/991/884 1010/1010/902
f 1010/1010/902 991/991/884 1011/1011/903
f 991/991/884 990/990/883 1011/1011/903
f 1011/1011/903 990/990/883 1012/1012/904
f 990/990/883 989/989/882 1012/1012/904
f 1012/1012/904 989/989/882 1013/1013/905
f 989/989/882 988/988/881 1013/1013/905
f 1013/1013/905 988/988/881 1014/1014/906
f 988/988/881 987/987/880 1014/1014/906
f 1014/1014/906 987/987/880 1015/1015/907
f 987/987/880 985/985/878 1015/1015/907
f 985/985/878 986/986/879 1015/1015/907
f 986/986/879 1016/1016/757 1015/1015/907
f 1016/1016/757 853/1017/755 1015/1015/907
f 1015/1015/907 853/1017/755 1014/1014/906
f 853/1017/755 1018/1018/753 1014/1014/906
f 1014/1014/906 1018/1018/753 1013/1013/905
f 1018/1018/753 1019/1019/751 1013/1013/905
f 1013/1013/905 1019/1019/751 1012/1012/904
f 1019/1019/751 847/1020/749 1012/1012/904
f 1012/1012/904 847/1020/749 1011/1011/903
f 847/1020/749 845/1021/747 1011/1011/903
f 1011/1011/903 845/1021/747 1010/1010/902
f 845/1021/747 843/1022/745 1010/1010/902
f 1010/1010/902 843/1022/745 1009/1009/901
f 843/1022/745 841/1023/743 1009/1009/901
f 1009/1009/901 841/1023/743 1008/1008/900
f 841/1023/743 1024/1024/741 1008/1008/900
f 1008/1008/900 1024/1024/741 1007/1007/899
f 1024/1024/741 837/1025/739 1007/1007/899
f 1007/1007/899 837/1025/739 1006/1006/898
f 837/1025/739 835/1026/737 1006/1006/898
f 1006/1006/898 835/1026/737 1005/1005/897
f 835/1026/737 833/1027/735 1005/1005/897
f 1005/1005/897 833/1027/735 1004/1004/349
f 833/1027/735 831/1028/374 1004/1004/349
f 831/1028/374 1029/1029/908 1004/1004/349
f 1004/1004/349 1029/1029/908 1003/1003/896
f 1003/1003/896 1029/1029/908 1002/1002/895
f 1029/1029/908 1030/1030/909 1002/1002/895
f 1002/1002/895 1030/1030/909 1001/1001/894
f 1030/1030/909 1031/1031/910 1001/1001/894
f 1001/1001/894 1031/1031/910 808/808/715
f 808/808/715 1031/1031/910 807/807/714
f 807/807/714 1031/1031/910 856/856/729
f 856/856/729 1031/1031/910 1032/1032/731
f 1031/1031/910 1030/1030/909 1032/1032/731
f 1032/1032/731 1030/1030/909 1033/1033/733
f 1030/1030/909 1029/1029/908 1033/1033/733
f 1033/1033/733 1029/1029/908 831/1028/374
f 1034/1034/823 1035/1035/793 1036/1036/825
f 1036/1036/825 1035/1035/793 1037/1037/911
f 1035/1035/793 1038/1038/760 1037/1037/911
f 1037/1037/911 1038/1038/760 1039/1039/912
f 1038/1038/760 1040/1040/758 1039/1039/912
f 1040/1040/758 1041/1041/756 1039/1039/912
f 1039/1039/912 1041/1041/756 1042/1042/913
f 1041/1041/756 986/1043/879 1042/1042/913
f 1042/1042/913 986/1043/879 954/1044/849
f 986/1043/879 1045/1045/877 954/1044/849
f 1038/1038/760 1035/1035/793 892/1046/791
f 1037/1037/911 1039/1039/912 1036/1036/825
f 1036/1036/825 1039/1039/912 952/1047/847
f 1039/1039/912 1042/1042/913 952/1047/847
f 952/1047/847 1042/1042/913 954/1044/849
f 986/1043/879 1041/1041/756 1016/1048/757
f 1049/1049/914 1315/1050/915 1051/1051/916
f 1315/1050/915 1052/1052/917 1051/1051/916
f 1315/1050/915 1049/1049/914 1053/1053/918
f 1049/1049/914 1054/1054/919 1053/1053/918
f 1053/1053/918 1054/1054/919 1055/1055/920
f 1054/1054/919 1056/1056/921 1055/1055/920
f 1055/1055/920 1056/1056/921 1312/1057/922
f 1056/1056/921 1058/1058/923 1312/1057/922
f 1312/1057/922 1058/1058/923 1323/1059/924
f 1058/1058/923 1060/1060/925 1323/1059/924
f 1323/1059/924 1060/1060/925 1324/1061/926
f 1060/1060/925 1062/1062/927 1324/1061/926
f 1324/1061/926 1062/1062/927 1063/1063/928
f 1062/1062/927 1064/1064/929 1063/1063/928
f 1063/1063/928 1064/1064/929 1321/1065/930
f 1064/1064/929 1066/1066/931 1321/1065/930
f 1321/1065/930 1066/1066/931 1067/1067/932
f 1066/1066/931 1064/1064/929 1085/1068/933
f 1085/1068/933 1064/1064/929 1069/1069/934
f 1064/1064/929 1062/1062/927 1069/1069/934
f 1069/1069/934 1062/1062/927 1070/1070/935
f 1062/1062/927 1060/1060/925 1070/1070/935
f 1070/1070/935 1060/1060/925 1071/1071/936
f 1060/1060/925 1058/1058/923 1071/1071/936
f 1071/1071/936 1058/1058/923 1072/1072/937
f 1058/1058/923 1056/1056/921 1072/1072/937
f 1072/1072/937 1056/1056/921 1073/1073/938
f 1056/1056/921 1054/1054/919 1073/1073/938
f 1073/1073/938 1054/1054/919 1074/1074/939
f 1054/1054/919 1049/1049/914 1074/1074/939
f 1074/1074/939 1049/1049/914 1075/1075/940
f 1049/1049/914 1051/1051/916 1075/1075/940
f 1075/1075/940 1051/1051/916 1076/1076/941
f 1076/1076/941 1051/1051/916 1077/1077/942
f 1051/1051/916 1052/1052/917 1077/1077/942
f 1052/1052/917 1318/1078/943 1077/1077/942
f 1077/1077/942 1318/1078/943 1079/1079/944
f 1318/1078/943 1320/1080/945 1079/1079/944
f 1079/1079/944 1320/1080/945 1081/1081/946
f 1320/1080/945 1067/1082/932 1081/1081/946
f 1067/1082/932 1066/1083/931 1081/1081/946
f 1081/1081/946 1066/1083/931 1084/1084/947
f 1066/1083/931 1085/1085/933 1084/1084/947
f 1084/1084/947 1085/1085/933 1086/1086/948
f 1085/1085/933 1118/1087/949 1086/1086/948
f 1086/1086/948 1118/1087/949 1088/1088/950
f 1118/1087/949 1294/1089/951 1088/1088/950
f 1088/1088/950 1294/1089/951 1090/1090/952
f 1294/1089/951 1295/1091/953 1090/1090/952
f 1090/1090/952 1295/1091/953 1092/1092/954
f 1295/1091/953 1093/1093/955 1092/1092/954
f 1092/1092/954 1093/1093/955 1094/1094/956
f 1093/1093/955 1289/1095/957 1094/1094/956
f 1094/1094/956 1289/1095/957 1096/1096/958
f 1289/1095/957 1097/1097/959 1096/1096/958
f 1096/1096/958 1097/1097/959 1098/1098/960
f 1097/1097/959 1099/1099/961 1098/1098/960
f 1098/1098/960 1099/1099/961 1100/1100/962
f 1099/1099/961 1101/1101/963 1100/1100/962
f 1100/1100/962 1101/1101/963 1102/1102/964
f 1101/1101/963 1285/1103/965 1102/1102/964
f 1102/1102/964 1285/1103/965 1104/1104/966
f 1285/1103/965 1284/1105/967 1104/1104/966
f 1104/1104/966 1284/1105/967 1106/1106/968
f 1284/1105/967 1107/1107/969 1106/1106/968
f 1106/1106/968 1107/1107/969 1108/1108/970
f 1107/1107/969 1109/1109/971 1108/1108/970
f 1108/1108/970 1109/1109/971 1110/1110/972
f 1109/1109/971 1111/1111/973 1110/1110/972
f 1110/1110/972 1111/1111/973 1112/1112/974
f 1111/1111/973 1113/1113/975 1112/1112/974
f 1112/1112/974 1113/1113/975 1114/1114/976
f 1113/1113/975 1279/1115/977 1114/1114/976
f 1114/1114/976 1279/1115/977 1116/1116/978
f 1279/1115/977 1278/1117/979 1116/1116/978
f 1069/1069/934 1118/1118/949 1085/1068/933
f 1116/1116/978 1302/1119/980 1114/1114/976
f 1114/1114/976 1302/1119/980 1120/1120/981
f 1302/1119/980 1300/1121/982 1120/1120/981
f 1114/1114/976 1120/1120/981 1112/1112/974
f 1120/1120/981 1122/1122/983 1112/1112/974
f 1112/1112/974 1122/1122/983 1110/1110/972
f 1122/1122/983 1123/1123/984 1110/1110/972
f 1110/1110/972 1123/1123/984 1108/1108/970
f 1123/1123/984 1124/1124/985 1108/1108/970
f 1108/1108/970 1124/1124/985 1106/1106/968
f 1124/1124/985 1125/1125/986 1106/1106/968
f 1106/1106/968 1125/1125/986 1104/1104/966
f 1125/1125/986 1126/1126/987 1104/1104/966
f 1104/1104/966 1126/1126/987 1102/1102/964
f 1126/1126/987 1127/1127/988 1102/1102/964
f 1102/1102/964 1127/1127/988 1100/1100/962
f 1127/1127/988 1128/1128/989 1100/1100/962
f 1100/1100/962 1128/1128/989 1098/1098/960
f 1128/1128/989 1129/1129/990 1098/1098/960
f 1098/1098/960 1129/1129/990 1096/1096/958
f 1129/1129/990 1130/1130/991 1096/1096/958
f 1096/1096/958 1130/1130/991 1094/1094/956
f 1130/1130/991 1131/1131/992 1094/1094/956
f 1094/1094/956 1131/1131/992 1092/1092/954
f 1131/1131/992 1132/1132/993 1092/1092/954
f 1092/1092/954 1132/1132/993 1090/1090/952
f 1132/1132/993 1133/1133/994 1090/1090/952
f 1090/1090/952 1133/1133/994 1088/1088/950
f 1133/1133/994 1134/1134/995 1088/1088/950
f 1088/1088/950 1134/1134/995 1086/1086/948
f 1134/1134/995 1135/1135/996 1086/1086/948
f 1086/1086/948 1135/1135/996 1084/1084/947
f 1135/1135/996 1136/1136/997 1084/1084/947
f 1084/1084/947 1136/1136/997 1081/1081/946
f 1081/1081/946 1136/1136/997 1079/1079/944
f 1136/1136/997 1137/1137/998 1079/1079/944
f 1079/1079/944 1137/1137/998 1077/1077/942
f 1077/1077/942 1137/1137/998 1076/1076/941
f 1076/1076/941 1137/1137/998 1138/1138/999
f 1138/1138/999 1137/1137/998 1139/1139/1000
f 1137/1137/998 1136/1136/997 1139/1139/1000
f 1136/1136/997 1135/1135/996 1139/1139/1000
f 1139/1139/1000 1135/1135/996 1140/1140/1001
f 1135/1135/996 1134/1134/995 1140/1140/1001
f 1140/1140/1001 1134/1134/995 1141/1141/1002
f 1134/1134/995 1133/1133/994 1141/1141/1002
f 1141/1141/1002 1133/1133/994 1142/1142/1003
f 1133/1133/994 1132/1132/993 1142/1142/1003
f 1142/1142/1003 1132/1132/993 1143/1143/1004
f 1132/1132/993 1131/1131/992 1143/1143/1004
f 1143/1143/1004 1131/1131/992 1144/1144/1005
f 1131/1131/992 1130/1130/991 1144/1144/1005
f 1144/1144/1005 1130/1130/991 1145/1145/1006
f 1130/1130/991 1129/1129/990 1145/1145/1006
f 1145/1145/1006 1129/1129/990 1146/1146/1007
f 1129/1129/990 1128/1128/989 1146/1146/1007
f 1146/1146/1007 1128/1128/989 1147/1147/1008
f 1128/1128/989 1127/1127/988 1147/1147/1008
f 1147/1147/1008 1127/1127/988 1148/1148/1009
f 1127/1127/988 1126/1126/987 1148/1148/1009
f 1148/1148/1009 1126/1126/987 1149/1149/1010
f 1126/1126/987 1125/1125/986 1149/1149/1010
f 1149/1149/1010 1125/1125/986 1150/1150/1011
f 1125/1125/986 1124/1124/985 1150/1150/1011
f 1150/1150/1011 1124/1124/985 1151/1151/1012
f 1124/1124/985 1123/1123/984 1151/1151/1012
f 1151/1151/1012 1123/1123/984 1152/1152/1013
f 1123/1123/984 1122/1122/983 1152/1152/1013
f 1152/1152/1013 1122/1122/983 1153/1153/1014
f 1122/1122/983 1120/1120/981 1153/1153/1014
f 1120/1120/981 1300/1121/982 1153/1153/1014
f 1300/1121/982 1154/1154/1015 1153/1153/1014
f 1153/1153/1014 1154/1154/1015 1155/1155/1016
f 1154/1154/1015 1156/1156/1017 1155/1155/1016
f 1153/1153/1014 1155/1155/1016 1152/1152/1013
f 1155/1155/1016 1157/1157/1018 1152/1152/1013
f 1152/1152/1013 1157/1157/1018 1151/1151/1012
f 1157/1157/1018 1158/1158/1019 1151/1151/1012
f 1151/1151/1012 1158/1158/1019 1150/1150/1011
f 1158/1158/1019 1159/1159/1020 1150/1150/1011
f 1150/1150/1011 1159/1159/1020 1149/1149/1010
f 1159/1159/1020 1160/1160/1021 1149/1149/1010
f 1149/1149/1010 1160/1160/1021 1148/1148/1009
f 1160/1160/1021 1161/1161/1022 1148/1148/1009
f 1148/1148/1009 1161/1161/1022 1147/1147/1008
f 1161/1161/1022 1162/1162/1023 1147/1147/1008
f 1147/1147/1008 1162/1162/1023 1146/1146/1007
f 1162/1162/1023 1163/1163/1024 1146/1146/1007
f 1146/1146/1007 1163/1163/1024 1145/1145/1006
f 1163/1163/1024 1164/1164/1025 1145/1145/1006
f 1145/1145/1006 1164/1164/1025 1144/1144/1005
f 1164/1164/1025 1165/1165/1026 1144/1144/1005
f 1144/1144/1005 1165/1165/1026 1143/1143/1004
f 1165/1165/1026 1166/1166/1027 1143/1143/1004
f 1143/1143/1004 1166/1166/1027 1142/1142/1003
f 1166/1166/1027 1167/1167/1028 1142/1142/1003
f 1142/1142/1003 1167/1167/1028 1141/1141/1002
f 1167/1167/1028 1168/1168/1029 1141/1141/1002
f 1141/1141/1002 1168/1168/1029 1140/1140/1001
f 1168/1168/1029 1169/1169/1030 1140/1140/1001
f 1140/1140/1001 1169/1169/1030 1139/1139/1000
f 1139/1139/1000 1169/1169/1030 1138/1138/999
f 1169/1169/1030 1170/1170/1031 1138/1138/999
f 1138/1138/999 1170/1170/1031 1171/1171/1032
f 1170/1170/1031 1172/1172/1033 1171/1171/1032
f 1172/1172/1033 1173/1173/1034 1171/1171/1032
f 1171/1171/1032 1173/1173/1034 1075/1075/940
f 1173/1173/1034 1074/1074/939 1075/1075/940
f 1138/1138/999 1171/1171/1032 1076/1076/941
f 1171/1171/1032 1075/1075/940 1076/1076/941
f 1169/1169/1030 1174/1174/1035 1170/1170/1031
f 1174/1174/1035 1175/1175/1036 1170/1170/1031
f 1170/1170/1031 1175/1175/1036 1172/1172/1033
f 1169/1169/1030 1168/1168/1029 1174/1174/1035
f 1174/1174/1035 1168/1168/1029 1176/1176/1037
f 1168/1168/1029 1167/1167/1028 1176/1176/1037
f 1176/1176/1037 1167/1167/1028 1177/1177/1038
f 1167/1167/1028 1166/1166/1027 1177/1177/1038
f 1177/1177/1038 1166/1166/1027 1178/1178/1039
f 1166/1166/1027 1165/1165/1026 1178/1178/1039
f 1178/1178/1039 1165/1165/1026 1179/1179/1040
f 1165/1165/1026 1164/1164/1025 1179/1179/1040
f 1179/1179/1040 1164/1164/1025 1180/1180/1041
f 1164/1164/1025 1163/1163/1024 1180/1180/1041
f 1180/1180/1041 1163/1163/1024 1181/1181/1042
f 1163/1163/1024 1162/1162/1023 1181/1181/1042
f 1181/1181/1042 1162/1162/1023 1182/1182/1043
f 1162/1162/1023 1161/1161/1022 1182/1182/1043
f 1182/1182/1043 1161/1161/1022 1183/1183/1044
f 1161/1161/1022 1160/1160/1021 1183/1183/1044
f 1183/1183/1044 1160/1160/1021 1184/1184/1045
f 1160/1160/1021 1159/1159/1020 1184/1184/1045
f 1184/1184/1045 1159/1159/1020 1185/1185/1046
f 1159/1159/1020 1158/1158/1019 1185/1185/1046
f 1185/1185/1046 1158/1158/1019 1186/1186/1047
f 1158/1158/1019 1157/1157/1018 1186/1186/1047
f 1186/1186/1047 1157/1157/1018 1187/1187/1048
f 1157/1157/1018 1155/1155/1016 1187/1187/1048
f 1155/1155/1016 1156/1156/1017 1187/1187/1048
f 1156/1156/1017 1296/1188/1049 1187/1187/1048
f 1187/1187/1048 1296/1188/1049 1189/1189/1050
f 1296/1188/1049 1190/1190/1051 1189/1189/1050
f 1187/1187/1048 1189/1189/1050 1186/1186/1047
f 1189/1189/1050 1191/1191/1052 1186/1186/1047
f 1186/1186/1047 1191/1191/1052 1185/1185/1046
f 1191/1191/1052 1192/1192/1053 1185/1185/1046
f 1185/1185/1046 1192/1192/1053 1184/1184/1045
f 1192/1192/1053 1193/1193/1054 1184/1184/1045
f 1184/1184/1045 1193/1193/1054 1183/1183/1044
f 1193/1193/1054 1194/1194/1055 1183/1183/1044
f 1183/1183/1044 1194/1194/1055 1182/1182/1043
f 1194/1194/1055 1195/1195/1056 1182/1182/1043
f 1182/1182/1043 1195/1195/1056 1181/1181/1042
f 1195/1195/1056 1196/1196/1057 1181/1181/1042
f 1181/1181/1042 1196/1196/1057 1180/1180/1041
f 1196/1196/1057 1197/1197/1058 1180/1180/1041
f 1180/1180/1041 1197/1197/1058 1179/1179/1040
f 1197/1197/1058 1198/1198/1059 1179/1179/1040
f 1179/1179/1040 1198/1198/1059 1178/1178/1039
f 1198/1198/1059 1199/1199/1060 1178/1178/1039
f 1178/1178/1039 1199/1199/1060 1177/1177/1038
f 1199/1199/1060 1200/1200/1061 1177/1177/1038
f 1177/1177/1038 1200/1200/1061 1176/1176/1037
f 1200/1200/1061 1201/1201/1062 1176/1176/1037
f 1176/1176/1037 1201/1201/1062 1174/1174/1035
f 1174/1174/1035 1201/1201/1062 1175/1175/1036
f 1175/1175/1036 1201/1201/1062 1202/1202/1063
f 1202/1202/1063 1201/1201/1062 1203/1203/1064
f 1201/1201/1062 1200/1200/1061 1203/1203/1064
f 1203/1203/1064 1200/1200/1061 1204/1204/1065
f 1200/1200/1061 1199/1199/1060 1204/1204/1065
f 1204/1204/1065 1199/1199/1060 1205/1205/1066
f 1199/1199/1060 1198/1198/1059 1205/1205/1066
f 1205/1205/1066 1198/1198/1059 1206/1206/1067
f 1198/1198/1059 1197/1197/1058 1206/1206/1067
f 1206/1206/1067 1197/1197/1058 1207/1207/1068
f 1197/1197/1058 1196/1196/1057 1207/1207/1068
f 1207/1207/1068 1196/1196/1057 1208/1208/1069
f 1196/1196/1057 1195/1195/1056 1208/1208/1069
f 1208/1208/1069 1195/1195/1056 1209/1209/1070
f 1195/1195/1056 1194/1194/1055 1209/1209/1070
f 1209/1209/1070 1194/1194/1055 1210/1210/1071
f 1194/1194/1055 1193/1193/1054 1210/1210/1071
f 1210/1210/1071 1193/1193/1054 1211/1211/1072
f 1193/1193/1054 1192/1192/1053 1211/1211/1072
f 1211/1211/1072 1192/1192/1053 1212/1212/1073
f 1192/1192/1053 1191/1191/1052 1212/1212/1073
f 1212/1212/1073 1191/1191/1052 1213/1213/1074
f 1191/1191/1052 1189/1189/1050 1213/1213/1074
f 1189/1189/1050 1190/1190/1051 1213/1213/1074
f 1190/1190/1051 1309/1214/1075 1213/1213/1074
f 1213/1213/1074 1309/1214/1075 1215/1215/1076
f 1309/1214/1075 1306/1216/1077 1215/1215/1076
f 1213/1213/1074 1215/1215/1076 1212/1212/1073
f 1215/1215/1076 1217/1217/1078 1212/1212/1073
f 1212/1212/1073 1217/1217/1078 1211/1211/1072
f 1217/1217/1078 1218/1218/1079 1211/1211/1072
f 1211/1211/1072 1218/1218/1079 1210/1210/1071
f 1218/1218/1079 1219/1219/1080 1210/1210/1071
f 1210/1210/1071 1219/1219/1080 1209/1209/1070
f 1219/1219/1080 1220/1220/1081 1209/1209/1070
f 1209/1209/1070 1220/1220/1081 1208/1208/1069
f 1220/1220/1081 1221/1221/1082 1208/1208/1069
f 1208/1208/1069 1221/1221/1082 1207/1207/1068
f 1221/1221/1082 1222/1222/1083 1207/1207/1068
f 1207/1207/1068 1222/1222/1083 1206/1206/1067
f 1222/1222/1083 1223/1223/1084 1206/1206/1067
f 1206/1206/1067 1223/1223/1084 1205/1205/1066
f 1223/1223/1084 1224/1224/1085 1205/1205/1066
f 1205/1205/1066 1224/1224/1085 1204/1204/1065
f 1224/1224/1085 1225/1225/1086 1204/1204/1065
f 1204/1204/1065 1225/1225/1086 1203/1203/1064
f 1225/1225/1086 1226/1226/1087 1203/1203/1064
f 1203/1203/1064 1226/1226/1087 1202/1202/1063
f 1226/1226/1087 1227/1227/1088 1202/1202/1063
f 1227/1227/1088 1228/1228/1089 1202/1202/1063
f 1202/1202/1063 1228/1228/1089 1175/1175/1036
f 1175/1175/1036 1228/1228/1089 1172/1172/1033
f 1228/1228/1089 1229/1229/1090 1172/1172/1033
f 1172/1172/1033 1229/1229/1090 1173/1173/1034
f 1229/1229/1090 1230/1230/1091 1173/1173/1034
f 1173/1173/1034 1230/1230/1091 1074/1074/939
f 1074/1074/939 1230/1230/1091 1073/1073/938
f 1230/1230/1091 1231/1231/1092 1073/1073/938
f 1073/1073/938 1231/1231/1092 1072/1072/937
f 1231/1231/1092 1230/1230/1091 1232/1232/1093
f 1230/1230/1091 1229/1229/1090 1232/1232/1093
f 1232/1232/1093 1229/1229/1090 1233/1233/1094
f 1229/1229/1090 1228/1228/1089 1233/1233/1094
f 1228/1228/1089 1227/1227/1088 1233/1233/1094
f 1233/1233/1094 1227/1227/1088 1234/1234/1095
f 1234/1234/1095 1227/1227/1088 1235/1235/1096
f 1227/1227/1088 1226/1226/1087 1235/1235/1096
f 1235/1235/1096 1226/1226/1087 1236/1236/1097
f 1226/1226/1087 1225/1225/1086 1236/1236/1097
f 1236/1236/1097 1225/1225/1086 1237/1237/1098
f 1225/1225/1086 1224/1224/1085 1237/1237/1098
f 1237/1237/1098 1224/1224/1085 1238/1238/1099
f 1224/1224/1085 1223/1223/1084 1238/1238/1099
f 1238/1238/1099 1223/1223/1084 1239/1239/1100
f 1223/1223/1084 1222/1222/1083 1239/1239/1100
f 1239/1239/1100 1222/1222/1083 1240/1240/1101
f 1222/1222/1083 1221/1221/1082 1240/1240/1101
f 1240/1240/1101 1221/1221/1082 1241/1241/1102
f 1221/1221/1082 1220/1220/1081 1241/1241/1102
f 1241/1241/1102 1220/1220/1081 1242/1242/1103
f 1220/1220/1081 1219/1219/1080 1242/1242/1103
f 1242/1242/1103 1219/1219/1080 1243/1243/1104
f 1219/1219/1080 1218/1218/1079 1243/1243/1104
f 1243/1243/1104 1218/1218/1079 1244/1244/1105
f 1218/1218/1079 1217/1217/1078 1244/1244/1105
f 1244/1244/1105 1217/1217/1078 1245/1245/1106
f 1217/1217/1078 1215/1215/1076 1245/1245/1106
f 1215/1215/1076 1306/1216/1077 1245/1245/1106
f 1306/1216/1077 1246/1246/1107 1245/1245/1106
f 1245/1245/1106 1246/1246/1107 1247/1247/1108
f 1246/1246/1107 1248/1248/1109 1247/1247/1108
f 1245/1245/1106 1247/1247/1108 1244/1244/1105
f 1247/1247/1108 1249/1249/1110 1244/1244/1105
f 1244/1244/1105 1249/1249/1110 1243/1243/1104
f 1249/1249/1110 1250/1250/1111 1243/1243/1104
f 1243/1243/1104 1250/1250/1111 1242/1242/1103
f 1250/1250/1111 1251/1251/1112 1242/1242/1103
f 1242/1242/1103 1251/1251/1112 1241/1241/1102
f 1251/1251/1112 1252/1252/1113 1241/1241/1102
f 1241/1241/1102 1252/1252/1113 1240/1240/1101
f 1252/1252/1113 1253/1253/1114 1240/1240/1101
f 1240/1240/1101 1253/1253/1114 1239/1239/1100
f 1253/1253/1114 1254/1254/1115 1239/1239/1100
f 1239/1239/1100 1254/1254/1115 1238/1238/1099
f 1254/1254/1115 1255/1255/1116 1238/1238/1099
f 1238/1238/1099 1255/1255/1116 1237/1237/1098
f 1255/1255/1116 1256/1256/1117 1237/1237/1098
f 1237/1237/1098 1256/1256/1117 1236/1236/1097
f 1256/1256/1117 1257/1257/1118 1236/1236/1097
f 1236/1236/1097 1257/1257/1118 1235/1235/1096
f 1257/1257/1118 1258/1258/1119 1235/1235/1096
f 1235/1235/1096 1258/1258/1119 1234/1234/1095
f 1258/1258/1119 1259/1259/1120 1234/1234/1095
f 1259/1259/1120 1260/1260/1121 1234/1234/1095
f 1234/1234/1095 1260/1260/1121 1233/1233/1094
f 1233/1233/1094 1260/1260/1121 1232/1232/1093
f 1260/1260/1121 1261/1261/1122 1232/1232/1093
f 1232/1232/1093 1261/1261/1122 1231/1231/1092
f 1261/1261/1122 1262/1262/1123 1231/1231/1092
f 1231/1231/1092 1262/1262/1123 1072/1072/937
f 1072/1072/937 1262/1262/1123 1071/1071/936
f 1262/1262/1123 1263/1263/1124 1071/1071/936
f 1071/1071/936 1263/1263/1124 1070/1070/935
f 1263/1263/1124 1262/1262/1123 1264/1264/1125
f 1262/1262/1123 1261/1261/1122 1264/1264/1125
f 1264/1264/1125 1261/1261/1122 1265/1265/1126
f 1261/1261/1122 1260/1260/1121 1265/1265/1126
f 1260/1260/1121 1259/1259/1120 1265/1265/1126
f 1265/1265/1126 1259/1259/1120 1266/1266/1127
f 1266/1266/1127 1259/1259/1120 1267/1267/1128
f 1259/1259/1120 1258/1258/1119 1267/1267/1128
f 1267/1267/1128 1258/1258/1119 1268/1268/1129
f 1258/1258/1119 1257/1257/1118 1268/1268/1129
f 1268/1268/1129 1257/1257/1118 1269/1269/1130
f 1257/1257/1118 1256/1256/1117 1269/1269/1130
f 1269/1269/1130 1256/1256/1117 1270/1270/1131
f 1256/1256/1117 1255/1255/1116 1270/1270/1131
f 1270/1270/1131 1255/1255/1116 1271/1271/1132
f 1255/1255/1116 1254/1254/1115 1271/1271/1132
f 1271/1271/1132 1254/1254/1115 1272/1272/1133
f 1254/1254/1115 1253/1253/1114 1272/1272/1133
f 1272/1272/1133 1253/1253/1114 1273/1273/1134
f 1253/1253/1114 1252/1252/1113 1273/1273/1134
f 1273/1273/1134 1252/1252/1113 1274/1274/1135
f 1252/1252/1113 1251/1251/1112 1274/1274/1135
f 1274/1274/1135 1251/1251/1112 1275/1275/1136
f 1251/1251/1112 1250/1250/1111 1275/1275/1136
f 1275/1275/1136 1250/1250/1111 1276/1276/1137
f 1250/1250/1111 1249/1249/1110 1276/1276/1137
f 1276/1276/1137 1249/1249/1110 1277/1277/1138
f 1249/1249/1110 1247/1247/1108 1277/1277/1138
f 1247/1247/1108 1248/1248/1109 1277/1277/1138
f 1248/1248/1109 1278/1278/979 1277/1277/1138
f 1278/1278/979 1279/1279/977 1277/1277/1138
f 1277/1277/1138 1279/1279/977 1276/1276/1137
f 1279/1279/977 1113/1280/975 1276/1276/1137
f 1276/1276/1137 1113/1280/975 1275/1275/1136
f 1113/1280/975 1111/1281/973 1275/1275/1136
f 1275/1275/1136 1111/1281/973 1274/1274/1135
f 1111/1281/973 1109/1282/971 1274/1274/1135
f 1274/1274/1135 1109/1282/971 1273/1273/1134
f 1109/1282/971 1107/1283/969 1273/1273/1134
f 1273/1273/1134 1107/1283/969 1272/1272/1133
f 1107/1283/969 1284/1284/967 1272/1272/1133
f 1272/1272/1133 1284/1284/967 1271/1271/1132
f 1284/1284/967 1285/1285/965 1271/1271/1132
f 1271/1271/1132 1285/1285/965 1270/1270/1131
f 1285/1285/965 1101/1286/963 1270/1270/1131
f 1270/1270/1131 1101/1286/963 1269/1269/1130
f 1101/1286/963 1099/1287/961 1269/1269/1130
f 1269/1269/1130 1099/1287/961 1268/1268/1129
f 1099/1287/961 1097/1288/959 1268/1268/1129
f 1268/1268/1129 1097/1288/959 1267/1267/1128
f 1097/1288/959 1289/1289/957 1267/1267/1128
f 1267/1267/1128 1289/1289/957 1266/1266/1127
f 1289/1289/957 1093/1290/955 1266/1266/1127
f 1093/1290/955 1291/1291/1139 1266/1266/1127
f 1266/1266/1127 1291/1291/1139 1265/1265/1126
f 1265/1265/1126 1291/1291/1139 1264/1264/1125
f 1291/1291/1139 1292/1292/1140 1264/1264/1125
f 1264/1264/1125 1292/1292/1140 1263/1263/1124
f 1292/1292/1140 1293/1293/1141 1263/1263/1124
f 1263/1263/1124 1293/1293/1141 1070/1070/935
f 1070/1070/935 1293/1293/1141 1069/1069/934
f 1069/1069/934 1293/1293/1141 1118/1118/949
f 1118/1118/949 1293/1293/1141 1294/1294/951
f 1293/1293/1141 1292/1292/1140 1294/1294/951
f 1294/1294/951 1292/1292/1140 1295/1295/953
f 1292/1292/1140 1291/1291/1139 1295/1295/953
f 1295/1295/953 1291/1291/1139 1093/1290/955
f 1296/1296/1049 1156/1297/1017 1190/1298/1051
f 1190/1298/1051 1156/1297/1017 1299/1299/1142
f 1156/1297/1017 1300/1300/982 1299/1299/1142
f 1299/1299/1142 1300/1300/982 1301/1301/1143
f 1300/1300/982 1302/1302/980 1301/1301/1143
f 1302/1302/980 1116/1303/978 1301/1301/1143
f 1301/1301/1143 1116/1303/978 1304/1304/1144
f 1116/1303/978 1248/1305/1109 1304/1304/1144
f 1304/1304/1144 1248/1305/1109 1306/1306/1077
f 1248/1305/1109 1246/1307/1107 1306/1306/1077
f 1300/1300/982 1156/1297/1017 1154/1308/1015
f 1299/1299/1142 1301/1301/1143 1190/1298/1051
f 1190/1298/1051 1301/1301/1143 1309/1309/1075
f 1301/1301/1143 1304/1304/1144 1309/1309/1075
f 1309/1309/1075 1304/1304/1144 1306/1306/1077
f 1248/1305/1109 1116/1303/978 1278/1310/979
f 1055/1311/920 1312/1312/922 1053/1313/918
f 1312/1312/922 1314/1314/1145 1053/1313/918
f 1053/1313/918 1314/1314/1145 1315/1315/915
f 1315/1315/915 1314/1314/1145 1052/1316/917
f 1314/1314/1145 1317/1317/1146 1052/1316/917
f 1052/1316/917 1317/1317/1146 1318/1318/943
f 1317/1317/1146 1319/1319/1147 1318/1318/943
f 1318/1318/943 1319/1319/1147 1320/1320/945
f 1319/1319/1147 1321/1321/930 1320/1320/945
f 1320/1320/945 1321/1321/930 1067/1322/932
f 1312/1312/922 1323/1323/924 1314/1314/1145
f 1314/1314/1145 1323/1323/924 1317/1317/1146
f 1323/1323/924 1324/1324/926 1317/1317/1146
f 1317/1317/1146 1324/1324/926 1319/1319/1147
f 1319/1319/1147 1324/1324/926 1321/1321/930
f 1324/1324/926 1063/1325/928 1321/1321/930
f 1326/1326/1148 1327/1327/1149 1328/1328/1150
f 1327/1327/1149 1329/1329/1151 1328/1328/1150
f 1328/1328/1150 1329/1329/1151 1578/1330/1152
f 1329/1329/1151 1331/1331/1153 1578/1330/1152
f 1578/1330/1152 1331/1331/1153 1580/1332/1154
f 1331/1331/1153 1333/1333/1155 1580/1332/1154
f 1580/1332/1154 1333/1333/1155 1582/1334/1156
f 1333/1333/1155 1335/1335/1157 1582/1334/1156
f 1582/1334/1156 1335/1335/1157 1358/1336/1158
f 1358/1336/1158 1335/1335/1157 1357/1337/1159
f 1335/1335/1157 1338/1338/1160 1357/1337/1159
f 1357/1337/1159 1338/1338/1160 1339/1339/1161
f 1338/1338/1160 1335/1335/1157 1340/1340/1162
f 1335/1335/1157 1333/1333/1155 1340/1340/1162
f 1340/1340/1162 1333/1333/1155 1341/1341/1163
f 1333/1333/1155 1331/1331/1153 1341/1341/1163
f 1341/1341/1163 1331/1331/1153 1342/1342/1164
f 1331/1331/1153 1329/1329/1151 1342/1342/1164
f 1342/1342/1164 1329/1329/1151 1343/1343/1165
f 1329/1329/1151 1327/1327/1149 1343/1343/1165
f 1343/1343/1165 1327/1327/1149 1344/1344/1166
f 1344/1344/1166 1327/1327/1149 1345/1345/1167
f 1327/1327/1149 1326/1326/1148 1345/1345/1167
f 1326/1326/1148 1346/1346/1168 1345/1345/1167
f 1345/1345/1167 1346/1346/1168 1347/1347/1169
f 1346/1346/1168 1348/1348/1170 1347/1347/1169
f 1347/1347/1169 1348/1348/1170 1349/1349/1171
f 1348/1348/1170 1585/1350/1172 1349/1349/1171
f 1349/1349/1171 1585/1350/1172 1351/1351/1173
f 1585/1350/1172 1352/1352/1174 1351/1351/1173
f 1351/1351/1173 1352/1352/1174 1353/1353/1175
f 1352/1352/1174 1354/1354/1176 1353/1353/1175
f 1353/1353/1175 1354/1354/1176 1355/1355/1177
f 1354/1354/1176 1583/1356/1178 1355/1355/1177
f 1355/1355/1177 1583/1356/1178 1357/1357/1159
f 1583/1356/1178 1358/1358/1158 1357/1357/1159
f 1357/1357/1159 1339/1359/1161 1355/1355/1177
f 1339/1359/1161 1360/1360/1179 1355/1355/1177
f 1355/1355/1177 1360/1360/1179 1353/1353/1175
f 1360/1360/1179 1361/1361/1180 1353/1353/1175
f 1353/1353/1175 1361/1361/1180 1351/1351/1173
f 1361/1361/1180 1362/1362/1181 1351/1351/1173
f 1351/1351/1173 1362/1362/1181 1349/1349/1171
f 1362/1362/1181 1363/1363/1182 1349/1349/1171
f 1349/1349/1171 1363/1363/1182 1347/1347/1169
f 1363/1363/1182 1364/1364/1183 1347/1347/1169
f 1347/1347/1169 1364/1364/1183 1345/1345/1167
f 1345/1345/1167 1364/1364/1183 1344/1344/1166
f 1344/1344/1166 1364/1364/1183 1365/1365/1184
f 1365/1365/1184 1364/1364/1183 1366/1366/1185
f 1364/1364/1183 1363/1363/1182 1366/1366/1185
f 1366/1366/1185 1363/1363/1182 1367/1367/1186
f 1363/1363/1182 1362/1362/1181 1367/1367/1186
f 1367/1367/1186 1362/1362/1181 1368/1368/1187
f 1362/1362/1181 1361/1361/1180 1368/1368/1187
f 1368/1368/1187 1361/1361/1180 1369/1369/1188
f 1361/1361/1180 1360/1360/1179 1369/1369/1188
f 1369/1369/1188 1360/1360/1179 1370/1370/1189
f 1360/1360/1179 1339/1359/1161 1370/1370/1189
f 1370/1370/1189 1385/1371/1190 1369/1369/1188
f 1385/1371/1190 1372/1372/1191 1369/1369/1188
f 1369/1369/1188 1372/1372/1191 1368/1368/1187
f 1372/1372/1191 1373/1373/1192 1368/1368/1187
f 1368/1368/1187 1373/1373/1192 1367/1367/1186
f 1373/1373/1192 1374/1374/1193 1367/1367/1186
f 1367/1367/1186 1374/1374/1193 1366/1366/1185
f 1374/1374/1193 1375/1375/1194 1366/1366/1185
f 1366/1366/1185 1375/1375/1194 1365/1365/1184
f 1375/1375/1194 1376/1376/1195 1365/1365/1184
f 1376/1376/1195 1377/1377/1196 1365/1365/1184
f 1365/1365/1184 1377/1377/1196 1344/1344/1166
f 1344/1344/1166 1377/1377/1196 1343/1343/1165
f 1377/1377/1196 1378/1378/1197 1343/1343/1165
f 1343/1343/1165 1378/1378/1197 1342/1342/1164
f 1378/1378/1197 1379/1379/1198 1342/1342/1164
f 1342/1342/1164 1379/1379/1198 1341/1341/1163
f 1379/1379/1198 1380/1380/1199 1341/1341/1163
f 1341/1341/1163 1380/1380/1199 1340/1340/1162
f 1380/1380/1199 1381/1381/1200 1340/1340/1162
f 1340/1340/1162 1381/1381/1200 1338/1338/1160
f 1381/1381/1200 1382/1382/1201 1338/1338/1160
f 1338/1338/1160 1382/1382/1201 1339/1339/1161
f 1339/1339/1161 1382/1382/1201 1370/1383/1189
f 1382/1382/1201 1384/1384/1202 1370/1383/1189
f 1370/1383/1189 1384/1384/1202 1385/1385/1190
f 1372/1372/1191 1385/1371/1190 1410/1386/1203
f 1384/1384/1202 1382/1382/1201 1387/1387/1204
f 1382/1382/1201 1381/1381/1200 1387/1387/1204
f 1387/1387/1204 1381/1381/1200 1388/1388/1205
f 1381/1381/1200 1380/1380/1199 1388/1388/1205
f 1388/1388/1205 1380/1380/1199 1389/1389/1206
f 1380/1380/1199 1379/1379/1198 1389/1389/1206
f 1389/1389/1206 1379/1379/1198 1390/1390/1207
f 1379/1379/1198 1378/1378/1197 1390/1390/1207
f 1390/1390/1207 1378/1378/1197 1391/1391/1208
f 1378/1378/1197 1377/1377/1196 1391/1391/1208
f 1377/1377/1196 1376/1376/1195 1391/1391/1208
f 1391/1391/1208 1376/1376/1195 1392/1392/1209
f 1392/1392/1209 1376/1376/1195 1393/1393/1210
f 1376/1376/1195 1375/1375/1194 1393/1393/1210
f 1393/1393/1210 1375/1375/1194 1394/1394/1211
f 1375/1375/1194 1374/1374/1193 1394/1394/1211
f 1394/1394/1211 1374/1374/1193 1395/1395/1212
f 1374/1374/1193 1373/1373/1192 1395/1395/1212
f 1395/1395/1212 1373/1373/1192 1396/1396/1213
f 1373/1373/1192 1372/1372/1191 1396/1396/1213
f 1372/1372/1191 1410/1386/1203 1396/1396/1213
f 1410/1386/1203 1412/1397/1214 1396/1396/1213
f 1396/1396/1213 1412/1397/1214 1398/1398/1215
f 1412/1397/1214 1436/1399/1216 1398/1398/1215
f 1396/1396/1213 1398/1398/1215 1395/1395/1212
f 1398/1398/1215 1400/1400/1217 1395/1395/1212
f 1395/1395/1212 1400/1400/1217 1394/1394/1211
f 1400/1400/1217 1401/1401/1218 1394/1394/1211
f 1394/1394/1211 1401/1401/1218 1393/1393/1210
f 1401/1401/1218 1402/1402/1219 1393/1393/1210
f 1393/1393/1210 1402/1402/1219 1392/1392/1209
f 1402/1402/1219 1403/1403/1220 1392/1392/1209
f 1403/1403/1220 1404/1404/1221 1392/1392/1209
f 1392/1392/1209 1404/1404/1221 1391/1391/1208
f 1391/1391/1208 1404/1404/1221 1390/1390/1207
f 1404/1404/1221 1405/1405/1222 1390/1390/1207
f 1390/1390/1207 1405/1405/1222 1389/1389/1206
f 1405/1405/1222 1406/1406/1223 1389/1389/1206
f 1389/1389/1206 1406/1406/1223 1388/1388/1205
f 1406/1406/1223 1407/1407/1224 1388/1388/1205
f 1388/1388/1205 1407/1407/1224 1387/1387/1204
f 1407/1407/1224 1408/1408/1225 1387/1387/1204
f 1387/1387/1204 1408/1408/1225 1384/1384/1202
f 1408/1408/1225 1409/1409/1226 1384/1384/1202
f 1384/1384/1202 1409/1409/1226 1385/1385/1190
f 1385/1385/1190 1409/1409/1226 1410/1410/1203
f 1409/1409/1226 1411/1411/1227 1410/1410/1203
f 1410/1410/1203 1411/1411/1227 1412/1412/1214
f 1411/1411/1227 1409/1409/1226 1413/1413/1228
f 1409/1409/1226 1408/1408/1225 1413/1413/1228
f 1413/1413/1228 1408/1408/1225 1414/1414/1229
f 1408/1408/1225 1407/1407/1224 1414/1414/1229
f 1414/1414/1229 1407/1407/1224 1415/1415/1230
f 1407/1407/1224 1406/1406/1223 1415/1415/1230
f 1415/1415/1230 1406/1406/1223 1416/1416/1231
f 1406/1406/1223 1405/1405/1222 1416/1416/1231
f 1416/1416/1231 1405/1405/1222 1417/1417/1232
f 1405/1405/1222 1404/1404/1221 1417/1417/1232
f 1404/1404/1221 1403/1403/1220 1417/1417/1232
f 1417/1417/1232 1403/1403/1220 1418/1418/1233
f 1418/1418/1233 1403/1403/1220 1419/1419/1234
f 1403/1403/1220 1402/1402/1219 1419/1419/1234
f 1419/1419/1234 1402/1402/1219 1420/1420/1235
f 1402/1402/1219 1401/1401/1218 1420/1420/1235
f 1420/1420/1235 1401/1401/1218 1421/1421/1236
f 1401/1401/1218 1400/1400/1217 1421/1421/1236
f 1421/1421/1236 1400/1400/1217 1422/1422/1237
f 1400/1400/1217 1398/1398/1215 1422/1422/1237
f 1398/1398/1215 1436/1399/1216 1422/1422/1237
f 1436/1399/1216 1438/1423/1238 1422/1422/1237
f 1422/1422/1237 1438/1423/1238 1424/1424/1239
f 1438/1423/1238 1462/1425/1240 1424/1424/1239
f 1422/1422/1237 1424/1424/1239 1421/1421/1236
f 1424/1424/1239 1426/1426/1241 1421/1421/1236
f 1421/1421/1236 1426/1426/1241 1420/1420/1235
f 1426/1426/1241 1427/1427/1242 1420/1420/1235
f 1420/1420/1235 1427/1427/1242 1419/1419/1234
f 1427/1427/1242 1428/1428/1243 1419/1419/1234
f 1419/1419/1234 1428/1428/1243 1418/1418/1233
f 1428/1428/1243 1429/1429/1244 1418/1418/1233
f 1429/1429/1244 1430/1430/1245 1418/1418/1233
f 1418/1418/1233 1430/1430/1245 1417/1417/1232
f 1417/1417/1232 1430/1430/1245 1416/1416/1231
f 1430/1430/1245 1431/1431/1246 1416/1416/1231
f 1416/1416/1231 1431/1431/1246 1415/1415/1230
f 1431/1431/1246 1432/1432/1247 1415/1415/1230
f 1415/1415/1230 1432/1432/1247 1414/1414/1229
f 1432/1432/1247 1433/1433/1248 1414/1414/1229
f 1414/1414/1229 1433/1433/1248 1413/1413/1228
f 1433/1433/1248 1434/1434/1249 1413/1413/1228
f 1413/1413/1228 1434/1434/1249 1411/1411/1227
f 1434/1434/1249 1435/1435/1250 1411/1411/1227
f 1411/1411/1227 1435/1435/1250 1412/1412/1214
f 1412/1412/1214 1435/1435/1250 1436/1436/1216
f 1435/1435/1250 1437/1437/1251 1436/1436/1216
f 1436/1436/1216 1437/1437/1251 1438/1438/1238
f 1437/1437/1251 1435/1435/1250 1439/1439/1252
f 1435/1435/1250 1434/1434/1249 1439/1439/1252
f 1439/1439/1252 1434/1434/1249 1440/1440/1253
f 1434/1434/1249 1433/1433/1248 1440/1440/1253
f 1440/1440/1253 1433/1433/1248 1441/1441/1254
f 1433/1433/1248 1432/1432/1247 1441/1441/1254
f 1441/1441/1254 1432/1432/1247 1442/1442/1255
f 1432/1432/1247 1431/1431/1246 1442/1442/1255
f 1442/1442/1255 1431/1431/1246 1443/1443/1256
f 1431/1431/1246 1430/1430/1245 1443/1443/1256
f 1430/1430/1245 1429/1429/1244 1443/1443/1256
f 1443/1443/1256 1429/1429/1244 1444/1444/1257
f 1444/1444/1257 1429/1429/1244 1445/1445/1258
f 1429/1429/1244 1428/1428/1243 1445/1445/1258
f 1445/1445/1258 1428/1428/1243 1446/1446/1259
f 1428/1428/1243 1427/1427/1242 1446/1446/1259
f 1446/1446/1259 1427/1427/1242 1447/1447/1260
f 1427/1427/1242 1426/1426/1241 1447/1447/1260
f 1447/1447/1260 1426/1426/1241 1448/1448/1261
f 1426/1426/1241 1424/1424/1239 1448/1448/1261
f 1424/1424/1239 1462/1425/1240 1448/1448/1261
f 1462/1425/1240 1449/1449/1262 1448/1448/1261
f 1448/1448/1261 1449/1449/1262 1450/1450/1263
f 1449/1449/1262 1488/1451/1264 1450/1450/1263
f 1448/1448/1261 1450/1450/1263 1447/1447/1260
f 1450/1450/1263 1452/1452/1265 1447/1447/1260
f 1447/1447/1260 1452/1452/1265 1446/1446/1259
f 1452/1452/1265 1453/1453/1266 1446/1446/1259
f 1446/1446/1259 1453/1453/1266 1445/1445/1258
f 1453/1453/1266 1454/1454/1267 1445/1445/1258
f 1445/1445/1258 1454/1454/1267 1444/1444/1257
f 1454/1454/1267 1455/1455/1268 1444/1444/1257
f 1455/1455/1268 1456/1456/1269 1444/1444/1257
f 1444/1444/1257 1456/1456/1269 1443/1443/1256
f 1443/1443/1256 1456/1456/1269 1442/1442/1255
f 1456/1456/1269 1457/1457/1270 1442/1442/1255
f 1442/1442/1255 1457/1457/1270 1441/1441/1254
f 1457/1457/1270 1458/1458/1271 1441/1441/1254
f 1441/1441/1254 1458/1458/1271 1440/1440/1253
f 1458/1458/1271 1459/1459/1272 1440/1440/1253
f 1440/1440/1253 1459/1459/1272 1439/1439/1252
f 1459/1459/1272 1460/1460/1273 1439/1439/1252
f 1439/1439/1252 1460/1460/1273 1437/1437/1251
f 1460/1460/1273 1461/1461/1274 1437/1437/1251
f 1437/1437/1251 1461/1461/1274 1438/1438/1238
f 1438/1438/1238 1461/1461/1274 1462/1462/1240
f 1461/1461/1274 1463/1463/1275 1462/1462/1240
f 1462/1462/1240 1463/1463/1275 1449/1464/1262
f 1463/1463/1275 1461/1461/1274 1465/1465/1276
f 1461/1461/1274 1460/1460/1273 1465/1465/1276
f 1465/1465/1276 1460/1460/1273 1466/1466/1277
f 1460/1460/1273 1459/1459/1272 1466/1466/1277
f 1466/1466/1277 1459/1459/1272 1467/1467/1278
f 1459/1459/1272 1458/1458/1271 1467/1467/1278
f 1467/1467/1278 1458/1458/1271 1468/1468/1279
f 1458/1458/1271 1457/1457/1270 1468/1468/1279
f 1468/1468/1279 1457/1457/1270 1469/1469/1280
f 1457/1457/1270 1456/1456/1269 1469/1469/1280
f 1456/1456/1269 1455/1455/1268 1469/1469/1280
f 1469/1469/1280 1455/1455/1268 1470/1470/1281
f 1470/1470/1281 1455/1455/1268 1471/1471/1282
f 1455/1455/1268 1454/1454/1267 1471/1471/1282
f 1471/1471/1282 1454/1454/1267 1472/1472/1283
f 1454/1454/1267 1453/1453/1266 1472/1472/1283
f 1472/1472/1283 1453/1453/1266 1473/1473/1284
f 1453/1453/1266 1452/1452/1265 1473/1473/1284
f 1473/1473/1284 1452/1452/1265 1474/1474/1285
f 1452/1452/1265 1450/1450/1263 1474/1474/1285
f 1450/1450/1263 1488/1451/1264 1474/1474/1285
f 1488/1451/1264 1490/1475/1286 1474/1474/1285
f 1474/1474/1285 1490/1475/1286 1476/1476/1287
f 1490/1475/1286 1514/1477/1288 1476/1476/1287
f 1474/1474/1285 1476/1476/1287 1473/1473/1284
f 1476/1476/1287 1478/1478/1289 1473/1473/1284
f 1473/1473/1284 1478/1478/1289 1472/1472/1283
f 1478/1478/1289 1479/1479/1290 1472/1472/1283
f 1472/1472/1283 1479/1479/1290 1471/1471/1282
f 1479/1479/1290 1480/1480/1291 1471/1471/1282
f 1471/1471/1282 1480/1480/1291 1470/1470/1281
f 1480/1480/1291 1481/1481/1292 1470/1470/1281
f 1481/1481/1292 1482/1482/1293 1470/1470/1281
f 1470/1470/1281 1482/1482/1293 1469/1469/1280
f 1469/1469/1280 1482/1482/1293 1468/1468/1279
f 1482/1482/1293 1483/1483/1294 1468/1468/1279
f 1468/1468/1279 1483/1483/1294 1467/1467/1278
f 1483/1483/1294 1484/1484/1295 1467/1467/1278
f 1467/1467/1278 1484/1484/1295 1466/1466/1277
f 1484/1484/1295 1485/1485/1296 1466/1466/1277
f 1466/1466/1277 1485/1485/1296 1465/1465/1276
f 1485/1485/1296 1486/1486/1297 1465/1465/1276
f 1465/1465/1276 1486/1486/1297 1463/1463/1275
f 1486/1486/1297 1487/1487/1298 1463/1463/1275
f 1463/1463/1275 1487/1487/1298 1449/1464/1262
f 1449/1464/1262 1487/1487/1298 1488/1488/1264
f 1487/1487/1298 1489/1489/1299 1488/1488/1264
f 1488/1488/1264 1489/1489/1299 1490/1490/1286
f 1489/1489/1299 1487/1487/1298 1491/1491/1300
f 1487/1487/1298 1486/1486/1297 1491/1491/1300
f 1491/1491/1300 1486/1486/1297 1492/1492/1301
f 1486/1486/1297 1485/1485/1296 1492/1492/1301
f 1492/1492/1301 1485/1485/1296 1493/1493/1302
f 1485/1485/1296 1484/1484/1295 1493/1493/1302
f 1493/1493/1302 1484/1484/1295 1494/1494/1303
f 1484/1484/1295 1483/1483/1294 1494/1494/1303
f 1494/1494/1303 1483/1483/1294 1495/1495/1304
f 1483/1483/1294 1482/1482/1293 1495/1495/1304
f 1482/1482/1293 1481/1481/1292 1495/1495/1304
f 1495/1495/1304 1481/1481/1292 1496/1496/1305
f 1496/1496/1305 1481/1481/1292 1497/1497/1306
f 1481/1481/1292 1480/1480/1291 1497/1497/1306
f 1497/1497/1306 1480/1480/1291 1498/1498/1307
f 1480/1480/1291 1479/1479/1290 1498/1498/1307
f 1498/1498/1307 1479/1479/1290 1499/1499/1308
f 1479/1479/1290 1478/1478/1289 1499/1499/1308
f 1499/1499/1308 1478/1478/1289 1500/1500/1309
f 1478/1478/1289 1476/1476/1287 1500/1500/1309
f 1476/1476/1287 1514/1477/1288 1500/1500/1309
f 1514/1477/1288 1516/1501/1310 1500/1500/1309
f 1500/1500/1309 1516/1501/1310 1502/1502/1311
f 1516/1501/1310 1503/1503/1312 1502/1502/1311
f 1500/1500/1309 1502/1502/1311 1499/1499/1308
f 1502/1502/1311 1504/1504/1313 1499/1499/1308
f 1499/1499/1308 1504/1504/1313 1498/1498/1307
f 1504/1504/1313 1505/1505/1314 1498/1498/1307
f 1498/1498/1307 1505/1505/1314 1497/1497/1306
f 1505/1505/1314 1506/1506/1315 1497/1497/1306
f 1497/1497/1306 1506/1506/1315 1496/1496/1305
f 1506/1506/1315 1507/1507/1316 1496/1496/1305
f 1507/1507/1316 1508/1508/1317 1496/1496/1305
f 1496/1496/1305 1508/1508/1317 1495/1495/1304
f 1495/1495/1304 1508/1508/1317 1494/1494/1303
f 1508/1508/1317 1509/1509/1318 1494/1494/1303
f 1494/1494/1303 1509/1509/1318 1493/1493/1302
f 1509/1509/1318 1510/1510/1319 1493/1493/1302
f 1493/1493/1302 1510/1510/1319 1492/1492/1301
f 1510/1510/1319 1511/1511/1320 1492/1492/1301
f 1492/1492/1301 1511/1511/1320 1491/1491/1300
f 1511/1511/1320 1512/1512/1321 1491/1491/1300
f 1491/1491/1300 1512/1512/1321 1489/1489/1299
f 1512/1512/1321 1513/1513/1322 1489/1489/1299
f 1489/1489/1299 1513/1513/1322 1490/1490/1286
f 1490/1490/1286 1513/1513/1322 1514/1514/1288
f 1513/1513/1322 1515/1515/1323 1514/1514/1288
f 1514/1514/1288 1515/1515/1323 1516/1516/1310
f 1515/1515/1323 1513/1513/1322 1517/1517/1324
f 1513/1513/1322 1512/1512/1321 1517/1517/1324
f 1517/1517/1324 1512/1512/1321 1518/1518/1325
f 1512/1512/1321 1511/1511/1320 1518/1518/1325
f 1518/1518/1325 1511/1511/1320 1519/1519/1326
f 1511/1511/1320 1510/1510/1319 1519/1519/1326
f 1519/1519/1326 1510/1510/1319 1520/1520/1327
f 1510/1510/1319 1509/1509/1318 1520/1520/1327
f 1520/1520/1327 1509/1509/1318 1521/1521/1328
f 1509/1509/1318 1508/1508/1317 1521/1521/1328
f 1508/1508/1317 1507/1507/1316 1521/1521/1328
f 1521/1521/1328 1507/1507/1316 1522/1522/1329
f 1522/1522/1329 1507/1507/1316 1523/1523/1330
f 1507/1507/1316 1506/1506/1315 1523/1523/1330
f 1523/1523/1330 1506/1506/1315 1524/1524/1331
f 1506/1506/1315 1505/1505/1314 1524/1524/1331
f 1524/1524/1331 1505/1505/1314 1525/1525/1332
f 1505/1505/1314 1504/1504/1313 1525/1525/1332
f 1525/1525/1332 1504/1504/1313 1526/1526/1333
f 1504/1504/1313 1502/1502/1311 1526/1526/1333
f 1502/1502/1311 1503/1503/1312 1526/1526/1333
f 1503/1503/1312 1527/1527/1334 1526/1526/1333
f 1526/1526/1333 1527/1527/1334 1528/1528/1335
f 1527/1527/1334 1529/1529/1336 1528/1528/1335
f 1526/1526/1333 1528/1528/1335 1525/1525/1332
f 1528/1528/1335 1530/1530/1337 1525/1525/1332
f 1525/1525/1332 1530/1530/1337 1524/1524/1331
f 1530/1530/1337 1531/1531/1338 1524/1524/1331
f 1524/1524/1331 1531/1531/1338 1523/1523/1330
f 1531/1531/1338 1532/1532/1339 1523/1523/1330
f 1523/1523/1330 1532/1532/1339 1522/1522/1329
f 1532/1532/1339 1533/1533/1340 1522/1522/1329
f 1533/1533/1340 1534/1534/1341 1522/1522/1329
f 1522/1522/1329 1534/1534/1341 1521/1521/1328
f 1521/1521/1328 1534/1534/1341 1520/1520/1327
f 1534/1534/1341 1535/1535/1342 1520/1520/1327
f 1520/1520/1327 1535/1535/1342 1519/1519/1326
f 1535/1535/1342 1536/1536/1343 1519/1519/1326
f 1519/1519/1326 1536/1536/1343 1518/1518/1325
f 1536/1536/1343 1537/1537/1344 1518/1518/1325
f 1518/1518/1325 1537/1537/1344 1517/1517/1324
f 1537/1537/1344 1538/1538/1345 1517/1517/1324
f 1517/1517/1324 1538/1538/1345 1515/1515/1323
f 1538/1538/1345 1539/1539/1346 1515/1515/1323
f 1515/1515/1323 1539/1539/1346 1516/1516/1310
f 1516/1516/1310 1539/1539/1346 1503/1540/1312
f 1539/1539/1346 1541/1541/1347 1503/1540/1312
f 1503/1540/1312 1541/1541/1347 1527/1542/1334
f 1541/1541/1347 1539/1539/1346 1543/1543/1348
f 1539/1539/1346 1538/1538/1345 1543/1543/1348
f 1543/1543/1348 1538/1538/1345 1544/1544/1349
f 1538/1538/1345 1537/1537/1344 1544/1544/1349
f 1544/1544/1349 1537/1537/1344 1545/1545/1350
f 1537/1537/1344 1536/1536/1343 1545/1545/1350
f 1545/1545/1350 1536/1536/1343 1546/1546/1351
f 1536/1536/1343 1535/1535/1342 1546/1546/1351
f 1546/1546/1351 1535/1535/1342 1547/1547/1352
f 1535/1535/1342 1534/1534/1341 1547/1547/1352
f 1534/1534/1341 1533/1533/1340 1547/1547/1352
f 1547/1547/1352 1533/1533/1340 1548/1548/1353
f 1548/1548/1353 1533/1533/1340 1549/1549/1354
f 1533/1533/1340 1532/1532/1339 1549/1549/1354
f 1549/1549/1354 1532/1532/1339 1550/1550/1355
f 1532/1532/1339 1531/1531/1338 1550/1550/1355
f 1550/1550/1355 1531/1531/1338 1551/1551/1356
f 1531/1531/1338 1530/1530/1337 1551/1551/1356
f 1551/1551/1356 1530/1530/1337 1552/1552/1357
f 1530/1530/1337 1528/1528/1335 1552/1552/1357
f 1528/1528/1335 1529/1529/1336 1552/1552/1357
f 1529/1529/1336 1553/1553/1358 1552/1552/1357
f 1553/1553/1358 1554/1554/1359 1552/1552/1357
f 1552/1552/1357 1554/1554/1359 1551/1551/1356
f 1554/1554/1359 1599/1555/1360 1551/1551/1356
f 1551/1551/1356 1599/1555/1360 1550/1550/1355
f 1599/1555/1360 1598/1556/1361 1550/1550/1355
f 1550/1550/1355 1598/1556/1361 1549/1549/1354
f 1598/1556/1361 1557/1557/1362 1549/1549/1354
f 1549/1549/1354 1557/1557/1362 1548/1548/1353
f 1557/1557/1362 1589/1558/1363 1548/1548/1353
f 1589/1558/1363 1559/1559/1364 1548/1548/1353
f 1548/1548/1353 1559/1559/1364 1547/1547/1352
f 1547/1547/1352 1559/1559/1364 1546/1546/1351
f 1559/1559/1364 1560/1560/1365 1546/1546/1351
f 1546/1546/1351 1560/1560/1365 1545/1545/1350
f 1560/1560/1365 1561/1561/1366 1545/1545/1350
f 1545/1545/1350 1561/1561/1366 1544/1544/1349
f 1561/1561/1366 1562/1562/1367 1544/1544/1349
f 1544/1544/1349 1562/1562/1367 1543/1543/1348
f 1562/1562/1367 1563/1563/1368 1543/1543/1348
f 1543/1543/1348 1563/1563/1368 1541/1541/1347
f 1563/1563/1368 1564/1564/1369 1541/1541/1347
f 1541/1541/1347 1564/1564/1369 1527/1542/1334
f 1527/1542/1334 1564/1564/1369 1529/1565/1336
f 1564/1564/1369 1595/1566/1370 1529/1565/1336
f 1529/1565/1336 1595/1566/1370 1553/1567/1358
f 1595/1566/1370 1564/1564/1369 1594/1568/1371
f 1564/1564/1369 1563/1563/1368 1594/1568/1371
f 1594/1568/1371 1563/1563/1368 1569/1569/1372
f 1563/1563/1368 1562/1562/1367 1569/1569/1372
f 1569/1569/1372 1562/1562/1367 1570/1570/1373
f 1562/1562/1367 1561/1561/1366 1570/1570/1373
f 1570/1570/1373 1561/1561/1366 1590/1571/1374
f 1561/1561/1366 1560/1560/1365 1590/1571/1374
f 1590/1571/1374 1560/1560/1365 1588/1572/1375
f 1560/1560/1365 1559/1559/1364 1588/1572/1375
f 1588/1572/1375 1559/1559/1364 1589/1558/1363
f 1346/1573/1168 1326/1574/1148 1348/1575/1170
f 1348/1575/1170 1326/1574/1148 1576/1576/1376
f 1326/1574/1148 1328/1577/1150 1576/1576/1376
f 1328/1577/1150 1578/1578/1152 1576/1576/1376
f 1576/1576/1376 1578/1578/1152 1579/1579/1377
f 1578/1578/1152 1580/1580/1154 1579/1579/1377
f 1579/1579/1377 1580/1580/1154 1581/1581/1378
f 1580/1580/1154 1582/1582/1156 1581/1581/1378
f 1581/1581/1378 1582/1582/1156 1583/1583/1178
f 1582/1582/1156 1358/1584/1158 1583/1583/1178
f 1576/1576/1376 1579/1579/1377 1348/1575/1170
f 1348/1575/1170 1579/1579/1377 1585/1585/1172
f 1585/1585/1172 1579/1579/1377 1352/1586/1174
f 1579/1579/1377 1581/1581/1378 1352/1586/1174
f 1581/1581/1378 1583/1583/1178 1352/1586/1174
f 1352/1586/1174 1583/1583/1178 1354/1587/1176
f 1588/1588/1375 1589/1589/1363 1590/1590/1374
f 1590/1590/1374 1589/1589/1363 1591/1591/1142
f 1589/1589/1363 1592/1592/1379 1591/1591/1142
f 1591/1591/1142 1592/1592/1379 1569/1593/1372
f 1569/1593/1372 1592/1592/1379 1594/1594/1371
f 1594/1594/1371 1592/1592/1379 1595/1595/1370
f 1592/1592/1379 1596/1596/1380 1595/1595/1370
f 1595/1595/1370 1596/1596/1380 1554/1597/1359
f 1596/1596/1380 1598/1598/1361 1554/1597/1359
f 1554/1597/1359 1598/1598/1361 1599/1599/1360
f 1591/1591/1142 1569/1593/1372 1590/1590/1374
f 1590/1590/1374 1569/1593/1372 1570/1600/1373
f 1589/1589/1363 1557/1601/1362 1592/1592/1379
f 1592/1592/1379 1557/1601/1362 1596/1596/1380
f 1557/1601/1362 1598/1598/1361 1596/1596/1380
f 1554/1597/1359 1553/1602/1358 1595/1595/1370
f 1603/1603/1381 1604/1604/1382 1605/1605/1383
f 1605/1605/1383 1604/1604/1382 1606/1606/1384
f 1606/1606/1384 1604/1604/1382 1607/1607/1385
f 1607/1607/1385 1604/1604/1382 1608/1608/1386
f 1608/1608/1386 1604/1604/1382 1609/1609/1387
f 1604/1604/1382 1603/1603/1381 1609/1609/1387
f 1603/1603/1381 1605/1605/1383 1556/1610/1388
f 1605/1605/1383 1611/1611/1389 1556/1610/1388
f 1556/1610/1388 1611/1611/1389 1555/1612/1390
f 1611/1611/1389 1605/1605/1383 1613/1613/1391
f 1605/1605/1383 1606/1606/1384 1613/1613/1391
f 1613/1613/1391 1606/1606/1384 1614/1614/1392
f 1614/1614/1392 1606/1606/1384 1615/1615/1393
f 1606/1606/1384 1607/1607/1385 1615/1615/1393
f 1615/1615/1393 1607/1607/1385 1616/1616/1394
f 1616/1616/1394 1607/1607/1385 1617/1617/1395
f 1607/1607/1385 1608/1608/1386 1617/1617/1395
f 1617/1617/1395 1608/1608/1386 1618/1618/1396
f 1618/1618/1396 1608/1608/1386 1619/1619/1397
f 1608/1608/1386 1609/1609/1387 1619/1619/1397
f 1619/1619/1397 1609/1609/1387 1558/1620/1398
f 1618/1618/1396 1621/1621/1399 1617/1617/1395
f 1617/1617/1395 1621/1621/1399 1622/1622/1400
f 1621/1621/1399 12/1623/1401 1622/1622/1400
f 1622/1622/1400 12/1623/1401 1624/1624/1402
f 12/1623/1401 1625/1625/1403 1624/1624/1402
f 1617/1617/1395 1622/1622/1400 1616/1616/1394
f 1622/1622/1400 1626/1626/1404 1616/1616/1394
f 1616/1616/1394 1626/1626/1404 1627/1627/1405
f 1626/1626/1404 1628/1628/1406 1627/1627/1405
f 1628/1628/1406 1629/1629/1407 1627/1627/1405
f 1629/1629/1407 1630/1630/1408 1627/1627/1405
f 1627/1627/1405 1630/1630/1408 1615/1615/1393
f 1630/1630/1408 1614/1614/1392 1615/1615/1393
f 1622/1622/1400 1624/1624/1402 1626/1626/1404
f 1624/1624/1402 1631/1631/1409 1626/1626/1404
f 1626/1626/1404 1631/1631/1409 1628/1628/1406
f 1616/1616/1394 1627/1627/1405 1615/1615/1393
f 1631/1631/1409 1624/1624/1402 1632/1632/1410
f 1624/1624/1402 1625/1625/1403 1632/1632/1410
f 1625/1625/1403 1633/1633/1411 1632/1632/1410
f 1632/1632/1410 1633/1633/1411 1634/1634/1412
f 1633/1633/1411 34/1635/1413 1634/1634/1412
f 1634/1634/1412 1636/1636/1414 1632/1632/1410
f 1632/1632/1410 1636/1636/1414 1631/1631/1409
f 1636/1636/1414 1637/1637/1415 1631/1631/1409
f 1631/1631/1409 1637/1637/1415 1628/1628/1406
f 1637/1637/1415 1638/1638/1416 1628/1628/1406
f 1628/1628/1406 1638/1638/1416 1629/1629/1407
f 34/1635/1413 1635/1639/1417 1634/1634/1412
f 1635/1639/1417 1623/1640/1418 1634/1634/1412
f 1634/1634/1412 1623/1640/1418 1636/1636/1414
f 1623/1640/1418 1620/1641/1419 1636/1636/1414
f 1636/1636/1414 1620/1641/1419 1637/1637/1415
f 1620/1641/1419 1612/1642/1420 1637/1637/1415
f 1637/1637/1415 1612/1642/1420 1638/1638/1416
f 34/1635/1413 33/1643/1421 1635/1639/1417
f 1635/1639/1417 33/1643/1421 1610/1644/1422
f 33/1643/1421 1602/1645/1423 1610/1644/1422
f 1610/1644/1422 1601/1646/1424 1635/1639/1417
f 1635/1639/1417 1601/1646/1424 1623/1640/1418
f 1601/1646/1424 1600/1647/1425 1623/1640/1418
f 1623/1640/1418 1600/1647/1425 1620/1641/1419
f 1600/1647/1425 1597/1648/1426 1620/1641/1419
f 1620/1641/1419 1597/1648/1426 1612/1642/1420
f 1602/1645/1423 1593/1649/1427 1610/1644/1422
f 1593/1649/1427 1587/1650/1428 1610/1644/1422
f 1610/1644/1422 1587/1650/1428 1601/1646/1424
f 1587/1650/1428 1586/1651/1429 1601/1646/1424
f 1601/1646/1424 1586/1651/1429 1600/1647/1425
f 1586/1651/1429 1584/1652/1430 1600/1647/1425
f 1600/1647/1425 1584/1652/1430 1597/1648/1426
f 1602/1645/1423 1577/1653/1431 1593/1649/1427
f 1593/1649/1427 1577/1653/1431 1575/1654/1432
f 1577/1653/1431 1574/1655/1433 1575/1654/1432
f 1575/1654/1432 1573/1656/1434 1593/1649/1427
f 1593/1649/1427 1573/1656/1434 1587/1650/1428
f 1573/1656/1434 1572/1657/1435 1587/1650/1428
f 1587/1650/1428 1572/1657/1435 1586/1651/1429
f 1572/1657/1435 1571/1658/1436 1586/1651/1429
f 1586/1651/1429 1571/1658/1436 1584/1652/1430
f 1574/1655/1433 1568/1659/1437 1575/1654/1432
f 1568/1659/1437 1567/1660/1438 1575/1654/1432
f 1575/1654/1432 1567/1660/1438 1573/1656/1434
f 1567/1660/1438 1566/1661/1439 1573/1656/1434
f 1573/1656/1434 1566/1661/1439 1572/1657/1435
f 1566/1661/1439 1565/1662/1440 1572/1657/1435
f 1572/1657/1435 1565/1662/1440 1571/1658/1436
f 1574/1655/1433 1558/1663/1398 1568/1659/1437
f 1558/1663/1398 1609/1664/1387 1568/1659/1437
f 1609/1664/1387 1603/1665/1381 1568/1659/1437
f 1568/1659/1437 1603/1665/1381 1567/1660/1438
f 1603/1665/1381 1556/1666/1388 1567/1660/1438
f 1567/1660/1438 1556/1666/1388 1566/1661/1439
f 1556/1666/1388 1555/1667/1390 1566/1661/1439
f 1566/1661/1439 1555/1667/1390 1565/1662/1440
f 1555/1667/1390 1542/1668/1441 1565/1662/1440
f 1565/1662/1440 1542/1668/1441 1540/1669/1442
f 1542/1668/1441 1501/1670/1443 1540/1669/1442
f 1565/1662/1440 1540/1669/1442 1571/1658/1436
f 1540/1669/1442 1477/1671/1444 1571/1658/1436
f 1571/1658/1436 1477/1671/1444 1584/1652/1430
f 1477/1671/1444 1475/1672/1445 1584/1652/1430
f 1584/1652/1430 1475/1672/1445 1597/1648/1426
f 1475/1672/1445 1464/1673/1446 1597/1648/1426
f 1597/1648/1426 1464/1673/1446 1612/1642/1420
f 1464/1673/1446 1451/1674/1447 1612/1642/1420
f 1612/1642/1420 1451/1674/1447 1638/1638/1416
f 1451/1674/1447 1425/1675/1448 1638/1638/1416
f 1638/1638/1416 1425/1675/1448 1629/1629/1407
f 1425/1675/1448 1423/1676/1449 1629/1629/1407
f 1629/1629/1407 1423/1676/1449 1630/1630/1408
f 1423/1676/1449 1399/1677/1450 1630/1630/1408
f 1630/1630/1408 1399/1677/1450 1614/1614/1392
f 1399/1677/1450 1397/1678/1451 1614/1614/1392
f 1614/1614/1392 1397/1678/1451 1613/1613/1391
f 1397/1678/1451 1386/1679/1452 1613/1613/1391
f 1613/1613/1391 1386/1679/1452 1611/1611/1389
f 1386/1679/1452 1383/1680/1453 1611/1611/1389
f 1611/1611/1389 1383/1680/1453 1555/1612/1390
f 1555/1612/1390 1383/1680/1453 1542/1681/1441
f 1383/1680/1453 1371/1682/1454 1542/1681/1441
f 1542/1681/1441 1371/1682/1454 1501/1683/1443
f 1371/1682/1454 1383/1680/1453 1359/1684/1455
f 1383/1680/1453 1386/1679/1452 1359/1684/1455
f 1359/1684/1455 1386/1679/1452 1356/1685/1456
f 1386/1679/1452 1397/1678/1451 1356/1685/1456
f 1356/1685/1456 1397/1678/1451 1350/1686/1457
f 1397/1678/1451 1399/1677/1450 1350/1686/1457
f 1350/1686/1457 1399/1677/1450 1337/1687/1458
f 1399/1677/1450 1423/1676/1449 1337/1687/1458
f 1337/1687/1458 1423/1676/1449 1336/1688/1459
f 1423/1676/1449 1425/1675/1448 1336/1688/1459
f 1336/1688/1459 1425/1675/1448 1334/1689/1460
f 1425/1675/1448 1451/1674/1447 1334/1689/1460
f 1334/1689/1460 1451/1674/1447 1332/1690/1461
f 1451/1674/1447 1464/1673/1446 1332/1690/1461
f 1332/1690/1461 1464/1673/1446 1330/1691/1462
f 1464/1673/1446 1475/1672/1445 1330/1691/1462
f 1330/1691/1462 1475/1672/1445 1325/1692/1463
f 1475/1672/1445 1477/1671/1444 1325/1692/1463
f 1325/1692/1463 1477/1671/1444 1322/1693/1464
f 1477/1671/1444 1540/1669/1442 1322/1693/1464
f 1540/1669/1442 1501/1670/1443 1322/1693/1464
f 1501/1670/1443 1316/1694/1465 1322/1693/1464
f 1322/1693/1464 1316/1694/1465 1313/1695/1466
f 1316/1694/1465 1286/1696/1467 1313/1695/1466
f 1322/1693/1464 1313/1695/1466 1325/1692/1463
f 1313/1695/1466 1311/1697/1468 1325/1692/1463
f 1325/1692/1463 1311/1697/1468 1330/1691/1462
f 1311/1697/1468 1310/1698/1469 1330/1691/1462
f 1330/1691/1462 1310/1698/1469 1332/1690/1461
f 1310/1698/1469 1308/1699/1470 1332/1690/1461
f 1332/1690/1461 1308/1699/1470 1334/1689/1460
f 1308/1699/1470 1307/1700/1471 1334/1689/1460
f 1334/1689/1460 1307/1700/1471 1336/1688/1459
f 1307/1700/1471 1305/1701/1472 1336/1688/1459
f 1336/1688/1459 1305/1701/1472 1337/1687/1458
f 1305/1701/1472 1303/1702/1473 1337/1687/1458
f 1337/1687/1458 1303/1702/1473 1350/1686/1457
f 1303/1702/1473 1298/1703/1474 1350/1686/1457
f 1350/1686/1457 1298/1703/1474 1356/1685/1456
f 1298/1703/1474 1297/1704/1475 1356/1685/1456
f 1356/1685/1456 1297/1704/1475 1359/1684/1455
f 1297/1704/1475 1290/1705/1476 1359/1684/1455
f 1359/1684/1455 1290/1705/1476 1371/1682/1454
f 1290/1705/1476 1288/1706/1477 1371/1682/1454
f 1371/1682/1454 1288/1706/1477 1501/1683/1443
f 1501/1683/1443 1288/1706/1477 1316/1707/1465
f 1288/1706/1477 1287/1708/1478 1316/1707/1465
f 1316/1707/1465 1287/1708/1478 1286/1709/1467
f 1287/1708/1478 1288/1706/1477 1283/1710/1479
f 1288/1706/1477 1290/1705/1476 1283/1710/1479
f 1283/1710/1479 1290/1705/1476 1282/1711/1480
f 1290/1705/1476 1297/1704/1475 1282/1711/1480
f 1282/1711/1480 1297/1704/1475 1281/1712/1481
f 1297/1704/1475 1298/1703/1474 1281/1712/1481
f 1281/1712/1481 1298/1703/1474 1280/1713/1482
f 1298/1703/1474 1303/1702/1473 1280/1713/1482
f 1280/1713/1482 1303/1702/1473 1216/1714/1483
f 1303/1702/1473 1305/1701/1472 1216/1714/1483
f 1216/1714/1483 1305/1701/1472 1214/1715/1484
f 1305/1701/1472 1307/1700/1471 1214/1715/1484
f 1214/1715/1484 1307/1700/1471 1188/1716/1485
f 1307/1700/1471 1308/1699/1470 1188/1716/1485
f 1188/1716/1485 1308/1699/1470 1121/1717/1486
f 1308/1699/1470 1310/1698/1469 1121/1717/1486
f 1121/1717/1486 1310/1698/1469 1119/1718/1487
f 1310/1698/1469 1311/1697/1468 1119/1718/1487
f 1119/1718/1487 1311/1697/1468 1117/1719/1488
f 1311/1697/1468 1313/1695/1466 1117/1719/1488
f 1313/1695/1466 1286/1696/1467 1117/1719/1488
f 1286/1696/1467 1115/1720/1489 1117/1719/1488
f 1117/1719/1488 1115/1720/1489 1105/1721/1490
f 1115/1720/1489 1103/1722/1491 1105/1721/1490
f 1117/1719/1488 1105/1721/1490 1119/1718/1487
f 1105/1721/1490 1095/1723/1492 1119/1718/1487
f 1119/1718/1487 1095/1723/1492 1121/1717/1486
f 1095/1723/1492 1091/1724/1493 1121/1717/1486
f 1121/1717/1486 1091/1724/1493 1188/1716/1485
f 1091/1724/1493 1089/1725/1494 1188/1716/1485
f 1188/1716/1485 1089/1725/1494 1214/1715/1484
f 1089/1725/1494 1087/1726/1495 1214/1715/1484
f 1214/1715/1484 1087/1726/1495 1216/1714/1483
f 1087/1726/1495 1083/1727/1496 1216/1714/1483
f 1216/1714/1483 1083/1727/1496 1280/1713/1482
f 1083/1727/1496 1082/1728/1497 1280/1713/1482
f 1280/1713/1482 1082/1728/1497 1281/1712/1481
f 1082/1728/1497 1080/1729/1498 1281/1712/1481
f 1281/1712/1481 1080/1729/1498 1282/1711/1480
f 1080/1729/1498 1078/1730/1499 1282/1711/1480
f 1282/1711/1480 1078/1730/1499 1283/1710/1479
f 1078/1730/1499 1068/1731/1500 1283/1710/1479
f 1283/1710/1479 1068/1731/1500 1287/1708/1478
f 1068/1731/1500 1065/1732/1501 1287/1708/1478
f 1287/1708/1478 1065/1732/1501 1286/1709/1467
f 1286/1709/1467 1065/1732/1501 1115/1733/1489
f 1065/1732/1501 1061/1734/1502 1115/1733/1489
f 1115/1733/1489 1061/1734/1502 1103/1735/1491
f 1061/1734/1502 1065/1732/1501 1059/1736/1503
f 1065/1732/1501 1068/1731/1500 1059/1736/1503
f 1059/1736/1503 1068/1731/1500 1057/1737/1504
f 1068/1731/1500 1078/1730/1499 1057/1737/1504
f 1057/1737/1504 1078/1730/1499 1050/1738/1505
f 1078/1730/1499 1080/1729/1498 1050/1738/1505
f 1050/1738/1505 1080/1729/1498 1048/1739/1506
f 1080/1729/1498 1082/1728/1497 1048/1739/1506
f 1048/1739/1506 1082/1728/1497 1047/1740/1507
f 1082/1728/1497 1083/1727/1496 1047/1740/1507
f 1047/1740/1507 1083/1727/1496 1046/1741/1508
f 1083/1727/1496 1087/1726/1495 1046/1741/1508
f 1046/1741/1508 1087/1726/1495 1044/1742/1509
f 1087/1726/1495 1089/1725/1494 1044/1742/1509
f 1044/1742/1509 1089/1725/1494 1043/1743/1510
f 1089/1725/1494 1091/1724/1493 1043/1743/1510
f 1043/1743/1510 1091/1724/1493 1028/1744/1511
f 1091/1724/1493 1095/1723/1492 1028/1744/1511
f 1028/1744/1511 1095/1723/1492 1027/1745/1512
f 1095/1723/1492 1105/1721/1490 1027/1745/1512
f 1105/1721/1490 1103/1722/1491 1027/1745/1512
f 1103/1722/1491 1026/1746/1513 1027/1745/1512
f 1027/1745/1512 1026/1746/1513 1025/1747/1514
f 1026/1746/1513 1023/1748/1515 1025/1747/1514
f 1027/1745/1512 1025/1747/1514 1028/1744/1511
f 1025/1747/1514 1022/1749/1516 1028/1744/1511
f 1028/1744/1511 1022/1749/1516 1043/1743/1510
f 1022/1749/1516 1021/1750/1517 1043/1743/1510
f 1043/1743/1510 1021/1750/1517 1044/1742/1509
f 1021/1750/1517 1020/1751/1518 1044/1742/1509
f 1044/1742/1509 1020/1751/1518 1046/1741/1508
f 1020/1751/1518 1017/1752/1519 1046/1741/1508
f 1046/1741/1508 1017/1752/1519 1047/1740/1507
f 1017/1752/1519 984/1753/1520 1047/1740/1507
f 1047/1740/1507 984/1753/1520 1048/1739/1506
f 984/1753/1520 928/1754/1521 1048/1739/1506
f 1048/1739/1506 928/1754/1521 1050/1738/1505
f 928/1754/1521 926/1755/1522 1050/1738/1505
f 1050/1738/1505 926/1755/1522 1057/1737/1504
f 926/1755/1522 894/1756/1523 1057/1737/1504
f 1057/1737/1504 894/1756/1523 1059/1736/1503
f 894/1756/1523 859/1757/1524 1059/1736/1503
f 1059/1736/1503 859/1757/1524 1061/1734/1502
f 859/1757/1524 857/1758/1525 1061/1734/1502
f 1061/1734/1502 857/1758/1525 1103/1735/1491
f 1103/1735/1491 857/1758/1525 1026/1759/1513
f 857/1758/1525 855/1760/1526 1026/1759/1513
f 1026/1759/1513 855/1760/1526 1023/1761/1515
f 855/1760/1526 857/1758/1525 854/1762/1527
f 857/1758/1525 859/1757/1524 854/1762/1527
f 854/1762/1527 859/1757/1524 851/1763/1528
f 859/1757/1524 894/1756/1523 851/1763/1528
f 851/1763/1528 894/1756/1523 849/1764/1529
f 894/1756/1523 926/1755/1522 849/1764/1529
f 849/1764/1529 926/1755/1522 839/1765/1530
f 926/1755/1522 928/1754/1521 839/1765/1530
f 839/1765/1530 928/1754/1521 829/1766/1531
f 928/1754/1521 984/1753/1520 829/1766/1531
f 829/1766/1531 984/1753/1520 827/1767/1532
f 984/1753/1520 1017/1752/1519 827/1767/1532
f 827/1767/1532 1017/1752/1519 825/1768/1533
f 1017/1752/1519 1020/1751/1518 825/1768/1533
f 825/1768/1533 1020/1751/1518 823/1769/1534
f 1020/1751/1518 1021/1750/1517 823/1769/1534
f 823/1769/1534 1021/1750/1517 820/1770/1535
f 1021/1750/1517 1022/1749/1516 820/1770/1535
f 820/1770/1535 1022/1749/1516 804/1771/1536
f 1022/1749/1516 1025/1747/1514 804/1771/1536
f 1025/1747/1514 1023/1748/1515 804/1771/1536
f 1023/1748/1515 762/1772/1537 804/1771/1536
f 804/1771/1536 762/1772/1537 783/1773/1538
f 762/1772/1537 760/1774/1539 783/1773/1538
f 804/1771/1536 783/1773/1538 820/1770/1535
f 783/1773/1538 782/1775/1540 820/1770/1535
f 820/1770/1535 782/1775/1540 823/1769/1534
f 782/1775/1540 781/1776/1541 823/1769/1534
f 823/1769/1534 781/1776/1541 825/1768/1533
f 781/1776/1541 779/1777/1542 825/1768/1533
f 825/1768/1533 779/1777/1542 827/1767/1532
f 779/1777/1542 778/1778/1543 827/1767/1532
f 827/1767/1532 778/1778/1543 829/1766/1531
f 778/1778/1543 774/1779/1544 829/1766/1531
f 829/1766/1531 774/1779/1544 839/1765/1530
f 774/1779/1544 772/1780/1545 839/1765/1530
f 839/1765/1530 772/1780/1545 849/1764/1529
f 772/1780/1545 771/1781/1546 849/1764/1529
f 849/1764/1529 771/1781/1546 851/1763/1528
f 771/1781/1546 770/1782/1547 851/1763/1528
f 851/1763/1528 770/1782/1547 854/1762/1527
f 770/1782/1547 767/1783/1548 854/1762/1527
f 854/1762/1527 767/1783/1548 855/1760/1526
f 767/1783/1548 763/1784/1549 855/1760/1526
f 855/1760/1526 763/1784/1549 1023/1761/1515
f 1023/1761/1515 763/1784/1549 762/1785/1537
f 763/1784/1549 761/1786/1550 762/1785/1537
f 762/1785/1537 761/1786/1550 760/1787/1539
f 761/1786/1550 763/1784/1549 737/1788/1551
f 763/1784/1549 767/1783/1548 737/1788/1551
f 737/1788/1551 767/1783/1548 735/1789/1552
f 767/1783/1548 770/1782/1547 735/1789/1552
f 735/1789/1552 770/1782/1547 711/1790/1553
f 770/1782/1547 771/1781/1546 711/1790/1553
f 711/1790/1553 771/1781/1546 709/1791/1554
f 771/1781/1546 772/1780/1545 709/1791/1554
f 709/1791/1554 772/1780/1545 670/1792/1555
f 772/1780/1545 774/1779/1544 670/1792/1555
f 670/1792/1555 774/1779/1544 657/1793/1556
f 774/1779/1544 778/1778/1543 657/1793/1556
f 657/1793/1556 778/1778/1543 646/1794/1557
f 778/1778/1543 779/1777/1542 646/1794/1557
f 646/1794/1557 779/1777/1542 644/1795/1558
f 779/1777/1542 781/1776/1541 644/1795/1558
f 644/1795/1558 781/1776/1541 631/1796/1559
f 781/1776/1541 782/1775/1540 631/1796/1559
f 631/1796/1559 782/1775/1540 618/1797/1560
f 782/1775/1540 783/1773/1538 618/1797/1560
f 783/1773/1538 760/1774/1539 618/1797/1560
f 760/1774/1539 605/1798/1561 618/1797/1560
f 618/1797/1560 605/1798/1561 592/1799/1562
f 605/1798/1561 581/1800/1563 592/1799/1562
f 618/1797/1560 592/1799/1562 631/1796/1559
f 592/1799/1562 579/1801/1564 631/1796/1559
f 631/1796/1559 579/1801/1564 644/1795/1558
f 579/1801/1564 552/1802/1565 644/1795/1558
f 644/1795/1558 552/1802/1565 646/1794/1557
f 552/1802/1565 549/1803/1566 646/1794/1557
f 646/1794/1557 549/1803/1566 657/1793/1556
f 549/1803/1566 526/1804/1567 657/1793/1556
f 657/1793/1556 526/1804/1567 670/1792/1555
f 526/1804/1567 522/1805/1568 670/1792/1555
f 670/1792/1555 522/1805/1568 709/1791/1554
f 522/1805/1568 521/1806/1569 709/1791/1554
f 709/1791/1554 521/1806/1569 711/1790/1553
f 521/1806/1569 520/1807/1570 711/1790/1553
f 711/1790/1553 520/1807/1570 735/1789/1552
f 520/1807/1570 519/1808/1571 735/1789/1552
f 735/1789/1552 519/1808/1571 737/1788/1551
f 519/1808/1571 515/1809/1572 737/1788/1551
f 737/1788/1551 515/1809/1572 761/1786/1550
f 515/1809/1572 512/1810/1573 761/1786/1550
f 761/1786/1550 512/1810/1573 760/1787/1539
f 760/1787/1539 512/1810/1573 605/1811/1561
f 512/1810/1573 508/1812/1574 605/1811/1561
f 605/1811/1561 508/1812/1574 581/1813/1563
f 508/1812/1574 512/1810/1573 507/1814/1575
f 512/1810/1573 515/1809/1572 507/1814/1575
f 507/1814/1575 515/1809/1572 505/1815/1576
f 515/1809/1572 519/1808/1571 505/1815/1576
f 505/1815/1576 519/1808/1571 504/1816/1577
f 519/1808/1571 520/1807/1570 504/1816/1577
f 504/1816/1577 520/1807/1570 502/1817/1578
f 520/1807/1570 521/1806/1569 502/1817/1578
f 502/1817/1578 521/1806/1569 500/1818/1579
f 521/1806/1569 522/1805/1568 500/1818/1579
f 500/1818/1579 522/1805/1568 498/1819/1580
f 522/1805/1568 526/1804/1567 498/1819/1580
f 498/1819/1580 526/1804/1567 497/1820/1581
f 526/1804/1567 549/1803/1566 497/1820/1581
f 497/1820/1581 549/1803/1566 483/1821/1582
f 549/1803/1566 552/1802/1565 483/1821/1582
f 483/1821/1582 552/1802/1565 468/1822/1583
f 552/1802/1565 579/1801/1564 468/1822/1583
f 468/1822/1583 579/1801/1564 431/1823/1584
f 579/1801/1564 592/1799/1562 431/1823/1584
f 592/1799/1562 581/1800/1563 431/1823/1584
f 581/1800/1563 296/1824/1585 431/1823/1584
f 431/1823/1584 296/1824/1585 399/1825/1586
f 296/1824/1585 265/1826/1587 399/1825/1586
f 431/1823/1584 399/1825/1586 468/1822/1583
f 399/1825/1586 397/1827/1588 468/1822/1583
f 468/1822/1583 397/1827/1588 483/1821/1582
f 397/1827/1588 329/1828/1589 483/1821/1582
f 483/1821/1582 329/1828/1589 497/1820/1581
f 329/1828/1589 328/1829/1590 497/1820/1581
f 497/1820/1581 328/1829/1590 498/1819/1580
f 328/1829/1590 324/1830/1591 498/1819/1580
f 498/1819/1580 324/1830/1591 500/1818/1579
f 324/1830/1591 320/1831/1592 500/1818/1579
f 500/1818/1579 320/1831/1592 502/1817/1578
f 320/1831/1592 316/1832/1593 502/1817/1578
f 502/1817/1578 316/1832/1593 504/1816/1577
f 316/1832/1593 310/1833/1594 504/1816/1577
f 504/1816/1577 310/1833/1594 505/1815/1576
f 310/1833/1594 304/1834/1595 505/1815/1576
f 505/1815/1576 304/1834/1595 507/1814/1575
f 304/1834/1595 300/1835/1596 507/1814/1575
f 507/1814/1575 300/1835/1596 508/1812/1574
f 300/1835/1596 298/1836/1597 508/1812/1574
f 508/1812/1574 298/1836/1597 581/1813/1563
f 581/1813/1563 298/1836/1597 296/1837/1585
f 298/1836/1597 293/1838/1598 296/1837/1585
f 296/1837/1585 293/1838/1598 265/1839/1587
f 293/1838/1598 262/1840/1599 265/1839/1587
f 265/1839/1587 262/1840/1599 98/1841/1600
f 262/1840/1599 293/1838/1598 178/1842/1601
f 178/1842/1601 293/1838/1598 261/1843/1602
f 293/1838/1598 298/1836/1597 261/1843/1602
f 298/1836/1597 300/1835/1596 261/1843/1602
f 261/1843/1602 300/1835/1596 259/1844/1603
f 300/1835/1596 304/1834/1595 259/1844/1603
f 259/1844/1603 304/1834/1595 258/1845/1604
f 304/1834/1595 310/1833/1594 258/1845/1604
f 258/1845/1604 310/1833/1594 255/1846/1605
f 310/1833/1594 316/1832/1593 255/1846/1605
f 255/1846/1605 316/1832/1593 254/1847/1606
f 316/1832/1593 320/1831/1592 254/1847/1606
f 254/1847/1606 320/1831/1592 253/1848/1607
f 320/1831/1592 324/1830/1591 253/1848/1607
f 253/1848/1607 324/1830/1591 249/1849/1608
f 324/1830/1591 328/1829/1590 249/1849/1608
f 249/1849/1608 328/1829/1590 248/1850/1609
f 328/1829/1590 329/1828/1589 248/1850/1609
f 248/1850/1609 329/1828/1589 246/1851/1610
f 329/1828/1589 397/1827/1588 246/1851/1610
f 246/1851/1610 397/1827/1588 245/1852/1611
f 397/1827/1588 399/1825/1586 245/1852/1611
f 399/1825/1586 265/1826/1587 245/1852/1611
f 265/1826/1587 98/1853/1600 245/1852/1611
f 98/1853/1600 229/1854/1612 245/1852/1611
f 245/1852/1611 229/1854/1612 246/1851/1610
f 229/1854/1612 228/1855/1613 246/1851/1610
f 246/1851/1610 228/1855/1613 248/1850/1609
f 228/1855/1613 217/1856/1614 248/1850/1609
f 248/1850/1609 217/1856/1614 249/1849/1608
f 217/1856/1614 72/1857/1615 249/1849/1608
f 249/1849/1608 72/1857/1615 253/1848/1607
f 72/1857/1615 204/1858/1616 253/1848/1607
f 253/1848/1607 204/1858/1616 254/1847/1606
f 204/1858/1616 100/1859/1617 254/1847/1606
f 254/1847/1606 100/1859/1617 255/1846/1605
f 100/1859/1617 111/1860/1618 255/1846/1605
f 255/1846/1605 111/1860/1618 258/1845/1604
f 111/1860/1618 191/1861/1619 258/1845/1604
f 258/1845/1604 191/1861/1619 259/1844/1603
f 191/1861/1619 189/1862/1620 259/1844/1603
f 259/1844/1603 189/1862/1620 261/1843/1602
f 189/1862/1620 178/1842/1601 261/1843/1602
f 178/1863/1601 189/1864/1620 262/1865/1599
f 189/1864/1620 165/1866/1621 262/1865/1599
f 262/1865/1599 165/1866/1621 229/1867/1612
f 165/1866/1621 126/1868/1622 229/1867/1612
f 229/1867/1612 126/1868/1622 228/1869/1613
f 228/1869/1613 126/1868/1622 217/1870/1614
f 126/1868/1622 124/1871/1621 217/1870/1614
f 217/1870/1614 124/1871/1621 204/1872/1616
f 124/1871/1621 111/1873/1618 204/1872/1616
f 204/1872/1616 111/1873/1618 100/1874/1617
f 229/1867/1612 98/1875/1600 262/1865/1599
f 165/1866/1621 189/1864/1620 126/1868/1622
f 189/1864/1620 191/1876/1619 126/1868/1622
f 126/1868/1622 191/1876/1619 124/1871/1621
f 191/1876/1619 111/1873/1618 124/1871/1621
f 204/1872/1616 72/1877/1615 217/1870/1614
f 1618/1878/1396 1619/1879/1397 1621/1880/1399
f 1621/1880/1399 1619/1879/1397 61/1881/1623
f 1619/1879/1397 1558/1882/1398 61/1881/1623
f 1558/1882/1398 1574/1883/1433 61/1881/1623
f 61/1881/1623 1574/1883/1433 60/1884/1624
f 1574/1883/1433 1577/1885/1431 60/1884/1624
f 60/1884/1624 1577/1885/1431 45/1886/1625
f 1577/1885/1431 1602/1887/1423 45/1886/1625
f 45/1886/1625 1602/1887/1423 34/1888/1413
f 1602/1887/1423 33/1889/1421 34/1888/1413
f 61/1881/1623 60/1884/1624 1621/1880/1399
f 1621/1880/1399 60/1884/1624 12/1890/1401
f 12/1890/1401 60/1884/1624 1625/1891/1403
f 60/1884/1624 45/1886/1625 1625/1891/1403
f 45/1886/1625 34/1888/1413 1625/1891/1403
f 1625/1891/1403 34/1888/1413 1633/1892/1411
g 01_02
usemtl 02
f 1639/1893/1626 1640/1894/1627 1641/1895/1628
f 1640/1894/1627 1642/1896/1629 1641/1895/1628
f 1641/1895/1628 1642/1896/1629 1643/1897/1630
f 1643/1897/1630 1642/1896/1629 1644/1898/1631
f 1644/1898/1631 1642/1896/1629 1645/1899/1632
f 1645/1899/1632 1642/1896/1629 1646/1900/1633
f 1642/1896/1629 1640/1894/1627 1646/1900/1633
f 1646/1900/1633 1640/1894/1627 1647/1901/1634
f 1647/1901/1634 1640/1894/1627 1648/1902/1635
f 1640/1894/1627 1639/1893/1626 1648/1902/1635
f 1648/1902/1635 1639/1893/1626 1649/1903/1636
f 1649/1903/1636 1639/1893/1626 1650/1904/1637
f 1650/1904/1637 1639/1893/1626 1651/1905/1638
f 1639/1893/1626 1641/1895/1628 1651/1905/1638
f 1651/1905/1638 1641/1895/1628 1652/1906/1639
f 1641/1895/1628 1643/1897/1630 1652/1906/1639
f 1652/1906/1639 1643/1897/1630 1653/1907/1640
f 1643/1897/1630 1654/1908/1641 1653/1907/1640
f 1653/1907/1640 1654/1908/1641 1655/1909/1642
f 1654/1908/1641 1656/1910/1643 1655/1909/1642
f 1655/1909/1642 1656/1910/1643 1657/1911/1644
f 1656/1910/1643 1658/1912/1645 1657/1911/1644
f 1657/1911/1644 1658/1912/1645 1659/1913/1646
f 1659/1913/1646 1658/1912/1645 1660/1914/1647
f 1660/1914/1647 1658/1912/1645 1709/1915/1648
f 1709/1915/1648 1658/1912/1645 1662/1916/1649
f 1658/1912/1645 1656/1917/1643 1662/1916/1649
f 1662/1916/1649 1656/1917/1643 1664/1918/1650
f 1656/1917/1643 1654/1908/1641 1664/1918/1650
f 1664/1918/1650 1654/1908/1641 1644/1898/1631
f 1654/1908/1641 1643/1897/1630 1644/1898/1631
f 1664/1918/1650 1644/1898/1631 1665/1919/1651
f 1644/1898/1631 1645/1899/1632 1665/1919/1651
f 1665/1919/1651 1645/1899/1632 1657/1911/1644
f 1657/1911/1644 1645/1899/1632 1655/1909/1642
f 1645/1899/1632 1646/1900/1633 1655/1909/1642
f 1655/1909/1642 1646/1900/1633 1653/1920/1640
f 1646/1900/1633 1647/1901/1634 1653/1920/1640
f 1653/1920/1640 1647/1901/1634 1652/1906/1639
f 1647/1901/1634 1673/1921/1652 1652/1906/1639
f 1652/1906/1639 1673/1921/1652 1651/1905/1638
f 1673/1921/1652 1668/1922/1653 1651/1905/1638
f 1651/1905/1638 1668/1922/1653 1650/1904/1637
f 1668/1922/1653 1669/1923/1654 1650/1904/1637
f 1669/1923/1654 1670/1924/1655 1650/1904/1637
f 1650/1904/1637 1670/1924/1655 1649/1903/1636
f 1670/1924/1655 1671/1925/1656 1649/1903/1636
f 1671/1925/1656 1672/1926/1657 1649/1903/1636
f 1649/1903/1636 1672/1926/1657 1648/1902/1635
f 1672/1926/1657 1673/1927/1652 1648/1902/1635
f 1648/1902/1635 1673/1927/1652 1647/1901/1634
f 1673/1927/1652 1672/1926/1657 1668/1922/1653
f 1672/1926/1657 1674/1928/1658 1668/1922/1653
f 1668/1922/1653 1674/1928/1658 1669/1923/1654
f 1674/1928/1658 1675/1929/1659 1669/1923/1654
f 1675/1929/1659 1676/1930/1660 1669/1923/1654
f 1669/1923/1654 1676/1930/1660 1670/1924/1655
f 1676/1930/1660 1677/1931/1661 1670/1924/1655
f 1670/1924/1655 1677/1931/1661 1671/1925/1656
f 1677/1931/1661 1676/1930/1660 1693/1932/1662
f 1676/1930/1660 1679/1933/1663 1693/1932/1662
f 1693/1932/1662 1679/1933/1663 1680/1934/1664
f 1679/1933/1663 1681/1935/1665 1680/1934/1664
f 1680/1934/1664 1681/1935/1665 1682/1936/1666
f 1681/1935/1665 1700/1937/1667 1682/1936/1666
f 1682/1936/1666 1700/1937/1667 1684/1938/1668
f 1700/1937/1667 1681/1935/1665 1685/1939/1669
f 1685/1939/1669 1681/1935/1665 1686/1940/1670
f 1681/1935/1665 1679/1941/1663 1686/1942/1670
f 1686/1942/1670 1679/1941/1663 1675/1929/1659
f 1679/1941/1663 1676/1930/1660 1675/1929/1659
f 1686/1943/1670 1675/1929/1659 1690/1944/1671
f 1675/1929/1659 1674/1945/1658 1690/1944/1671
f 1690/1944/1671 1674/1945/1658 1671/1925/1656
f 1674/1945/1658 1672/1926/1657 1671/1925/1656
f 1671/1925/1656 1677/1931/1661 1690/1944/1671
f 1690/1944/1671 1677/1931/1661 1702/1946/1672
f 1677/1931/1661 1693/1947/1662 1702/1946/1672
f 1702/1946/1672 1693/1947/1662 1694/1948/1673
f 1693/1947/1662 1680/1934/1664 1694/1948/1673
f 1694/1948/1673 1680/1934/1664 1695/1949/1674
f 1680/1934/1664 1682/1936/1666 1695/1949/1674
f 1695/1949/1674 1682/1936/1666 1696/1950/1675
f 1682/1936/1666 1684/1938/1668 1696/1950/1675
f 1696/1950/1675 1684/1938/1668 1697/1951/1676
f 1697/1951/1676 1684/1938/1668 1711/1952/1677
f 1711/1952/1677 1684/1938/1668 1699/1953/1678
f 1684/1938/1668 1700/1954/1667 1699/1953/1678
f 1699/1953/1678 1700/1954/1667 1701/1955/1679
f 1700/1954/1667 1685/1939/1669 1701/1955/1679
f 1701/1955/1679 1685/1939/1669 1694/1948/1673
f 1694/1948/1673 1685/1939/1669 1702/1956/1672
f 1685/1939/1669 1686/1957/1670 1702/1956/1672
f 1702/1956/1672 1686/1957/1670 1690/1944/1671
f 1694/1948/1673 1695/1949/1674 1701/1955/1679
f 1701/1955/1679 1695/1949/1674 1704/1958/1680
f 1695/1949/1674 1696/1950/1675 1704/1958/1680
f 1704/1958/1680 1696/1950/1675 1705/1959/1681
f 1696/1950/1675 1697/1951/1676 1705/1959/1681
f 1705/1959/1681 1697/1951/1676 1706/1960/1682
f 1697/1951/1676 1707/1961/1683 1706/1960/1682
f 1706/1960/1682 1707/1961/1683 1708/1962/1684
f 1708/1962/1684 1707/1961/1683 1709/1963/1648
f 1709/1963/1648 1707/1961/1683 1710/1964/1685
f 1707/1961/1683 1711/1965/1677 1710/1964/1685
f 1710/1964/1685 1711/1965/1677 1712/1966/1686
f 1711/1965/1677 1699/1953/1678 1712/1966/1686
f 1712/1966/1686 1699/1953/1678 1704/1958/1680
f 1699/1953/1678 1701/1955/1679 1704/1958/1680
f 1704/1958/1680 1705/1959/1681 1712/1966/1686
f 1705/1959/1681 1713/1967/1687 1712/1966/1686
f 1712/1966/1686 1713/1967/1687 1710/1964/1685
f 1713/1967/1687 1660/1914/1647 1710/1964/1685
f 1710/1964/1685 1660/1914/1647 1709/1915/1648
f 1711/1952/1677 1707/1961/1683 1697/1951/1676
f 1705/1959/1681 1706/1960/1682 1713/1967/1687
f 1706/1960/1682 1714/1968/1688 1713/1967/1687
f 1713/1967/1687 1714/1968/1688 1660/1914/1647
f 1660/1914/1647 1714/1968/1688 1659/1913/1646
f 1714/1968/1688 1715/1969/1689 1659/1913/1646
f 1659/1913/1646 1715/1969/1689 1665/1919/1651
f 1665/1919/1651 1715/1969/1689 1664/1918/1650
f 1664/1918/1650 1715/1969/1689 1662/1916/1649
f 1715/1969/1689 1708/1962/1684 1662/1916/1649
f 1662/1916/1649 1708/1962/1684 1709/1963/1648
f 1706/1960/1682 1708/1962/1684 1714/1968/1688
f 1714/1968/1688 1708/1962/1684 1715/1969/1689
f 1665/1919/1651 1657/1911/1644 1659/1913/1646
f 1732/1970/1690 1717/1971/1691 1718/1972/1692
f 1717/1971/1691 1719/1973/1693 1718/1972/1692
f 1718/1972/1692 1719/1973/1693 1720/1974/1694
f 1720/1974/1694 1719/1973/1693 1721/1975/1695
f 1721/1975/1695 1719/1973/1693 1722/1976/1696
f 1722/1976/1696 1719/1973/1693 1723/1977/1697
f 1719/1973/1693 1717/1971/1691 1723/1977/1697
f 1732/1970/1690 1718/1972/1692 1724/1978/1698
f 1724/1978/1698 1718/1972/1692 1725/1979/1699
f 1718/1972/1692 1720/1974/1694 1725/1979/1699
f 1732/1970/1690 1724/1978/1698 1726/1980/1700
f 1724/1978/1698 1727/1981/1701 1726/1980/1700
f 1726/1980/1700 1727/1981/1701 1728/1982/1702
f 1727/1981/1701 1741/1983/1703 1728/1982/1702
f 1728/1982/1702 1730/1984/1704 1726/1980/1700
f 1730/1984/1704 1731/1985/1705 1726/1980/1700
f 1726/1980/1700 1731/1985/1705 1732/1986/1690
f 1731/1985/1705 1733/1987/1706 1732/1986/1690
f 1732/1986/1690 1733/1987/1706 1717/1971/1691
f 1733/1987/1706 1734/1988/1707 1717/1971/1691
f 1717/1971/1691 1734/1988/1707 1723/1977/1697
f 1734/1988/1707 1735/1989/1708 1723/1977/1697
f 1735/1989/1708 1736/1990/1709 1723/1977/1697
f 1723/1977/1697 1736/1990/1709 1722/1976/1696
f 1736/1990/1709 1737/1991/1710 1722/1976/1696
f 1737/1991/1710 1738/1992/1711 1722/1976/1696
f 1722/1976/1696 1738/1992/1711 1721/1975/1695
f 1738/1992/1711 1733/1987/1706 1721/1975/1695
f 1733/1987/1706 1731/1985/1705 1721/1975/1695
f 1721/1975/1695 1731/1985/1705 1720/1974/1694
f 1731/1985/1705 1730/1984/1704 1720/1974/1694
f 1720/1974/1694 1730/1984/1704 1725/1979/1699
f 1725/1979/1699 1730/1984/1704 1739/1993/1712
f 1730/1984/1704 1728/1982/1702 1739/1993/1712
f 1739/1993/1712 1728/1982/1702 1747/1994/1713
f 1728/1982/1702 1741/1995/1703 1747/1994/1713
f 1747/1994/1713 1741/1995/1703 1742/1996/1714
f 1741/1995/1703 1743/1997/1715 1742/1996/1714
f 1743/1997/1715 1744/1998/1716 1742/1996/1714
f 1744/1998/1716 1745/1999/1717 1742/1996/1714
f 1745/1999/1717 1746/2000/1718 1742/1996/1714
f 1742/1996/1714 1746/2000/1718 1747/2001/1713
f 1746/2000/1718 1752/2002/1719 1747/2001/1713
f 1747/2001/1713 1752/2002/1719 1739/1993/1712
f 1752/2002/1719 1749/2003/1720 1739/1993/1712
f 1739/1993/1712 1749/2003/1720 1725/1979/1699
f 1725/1979/1699 1749/2003/1720 1724/1978/1698
f 1724/1978/1698 1749/2003/1720 1727/2004/1701
f 1727/2004/1701 1749/2003/1720 1751/2005/1721
f 1749/2003/1720 1752/2006/1719 1751/2005/1721
f 1751/2005/1721 1752/2006/1719 1753/2007/1722
f 1752/2006/1719 1746/2000/1718 1753/2007/1722
f 1753/2007/1722 1746/2000/1718 1754/2008/1723
f 1746/2000/1718 1745/1999/1717 1754/2008/1723
f 1754/2008/1723 1745/1999/1717 1755/2009/1724
f 1755/2009/1724 1745/1999/1717 1756/2010/1725
f 1745/1999/1717 1744/1998/1716 1756/2010/1725
f 1756/2010/1725 1744/1998/1716 1757/2011/1726
f 1757/2011/1726 1744/1998/1716 1758/2012/1727
f 1744/1998/1716 1743/2013/1715 1758/2012/1727
f 1758/2012/1727 1743/2013/1715 1753/2007/1722
f 1743/2013/1715 1751/2014/1721 1753/2007/1722
f 1753/2007/1722 1754/2008/1723 1758/2012/1727
f 1754/2008/1723 1761/2015/1728 1758/2012/1727
f 1758/2012/1727 1761/2015/1728 1757/2016/1726
f 1761/2015/1728 1763/2017/1729 1757/2016/1726
f 1757/2016/1726 1763/2017/1729 1764/2018/1730
f 1727/2004/1701 1751/2014/1721 1741/1983/1703
f 1741/1983/1703 1751/2014/1721 1743/1997/1715
f 1754/2008/1723 1755/2009/1724 1761/2015/1728
f 1761/2015/1728 1755/2009/1724 1765/2019/1731
f 1765/2019/1731 1755/2009/1724 1766/2020/1732
f 1755/2009/1724 1756/2010/1725 1766/2020/1732
f 1766/2020/1732 1756/2010/1725 1764/2018/1730
f 1756/2010/1725 1757/2011/1726 1764/2018/1730
f 1763/2017/1729 1761/2015/1728 1765/2019/1731
f 1766/2020/1732 1764/2018/1730 1767/2021/1733
f 1767/2021/1733 1764/2018/1730 1773/2022/1734
f 1764/2018/1730 1763/2017/1729 1773/2022/1734
f 1773/2022/1734 1769/2023/1735 1767/2021/1733
f 1769/2023/1735 1770/2024/1736 1767/2021/1733
f 1770/2024/1736 1771/2025/1737 1767/2021/1733
f 1767/2021/1733 1771/2025/1737 1766/2020/1732
f 1766/2020/1732 1771/2025/1737 1765/2019/1731
f 1771/2025/1737 1772/2026/1738 1765/2019/1731
f 1765/2019/1731 1772/2026/1738 1763/2017/1729
f 1763/2017/1729 1772/2026/1738 1773/2027/1734
f 1772/2026/1738 1774/2028/1739 1773/2027/1734
f 1773/2027/1734 1774/2028/1739 1769/2023/1735
f 1774/2028/1739 1772/2026/1738 1775/2029/1740
f 1772/2026/1738 1771/2025/1737 1775/2029/1740
f 1771/2025/1737 1770/2024/1736 1775/2029/1740
f 1775/2029/1740 1770/2024/1736 1776/2030/1741
f 1770/2024/1736 1777/2031/1742 1776/2030/1741
f 1776/2030/1741 1777/2031/1742 1778/2032/1743
f 1778/2032/1743 1777/2031/1742 1779/2033/1744
f 1779/2033/1744 1777/2031/1742 1780/2034/1745
f 1777/2031/1742 1769/2023/1735 1780/2034/1745
f 1780/2034/1745 1769/2023/1735 1774/2028/1739
f 1770/2024/1736 1769/2023/1735 1777/2031/1742
f 1775/2029/1740 1776/2030/1741 1781/2035/1746
f 1776/2030/1741 1782/2036/1747 1781/2035/1746
f 1782/2036/1747 1783/2037/1748 1781/2035/1746
f 1781/2035/1746 1783/2037/1748 1780/2038/1745
f 1780/2038/1745 1783/2037/1748 1779/2033/1744
f 1783/2037/1748 1790/2039/1749 1779/2033/1744
f 1779/2033/1744 1790/2039/1749 1786/2040/1750
f 1790/2039/1749 1787/2041/1751 1786/2040/1750
f 1776/2030/1741 1778/2032/1743 1782/2036/1747
f 1782/2036/1747 1778/2032/1743 1788/2042/1752
f 1778/2032/1743 1786/2040/1750 1788/2042/1752
f 1788/2042/1752 1786/2040/1750 1737/1991/1710
f 1786/2040/1750 1787/2041/1751 1737/1991/1710
f 1775/2029/1740 1781/2035/1746 1774/2028/1739
f 1781/2035/1746 1780/2038/1745 1774/2028/1739
f 1778/2032/1743 1779/2033/1744 1786/2040/1750
f 1737/1991/1710 1736/1990/1709 1788/2042/1752
f 1788/2042/1752 1736/1990/1709 1789/2043/1753
f 1736/1990/1709 1735/1989/1708 1789/2043/1753
f 1789/2043/1753 1735/1989/1708 1790/2044/1749
f 1790/2044/1749 1735/1989/1708 1787/2041/1751
f 1735/1989/1708 1734/2045/1707 1787/2041/1751
f 1787/2041/1751 1734/2045/1707 1738/1992/1711
f 1734/2045/1707 1733/1987/1706 1738/1992/1711
f 1788/2042/1752 1789/2043/1753 1782/2036/1747
f 1782/2036/1747 1789/2043/1753 1783/2037/1748
f 1789/2043/1753 1790/2044/1749 1783/2037/1748
f 1737/1991/1710 1787/2041/1751 1738/1992/1711
f 1792/2046/1754 1793/2047/1755 1794/2048/1756
f 1794/2048/1756 1793/2047/1755 1795/2049/1757
f 1793/2047/1755 1792/2046/1754 1796/2050/1758
f 1792/2046/1754 1857/2051/1759 1796/2050/1758
f 1796/2050/1758 1857/2051/1759 1798/2052/1760
f 1857/2051/1759 1864/2053/1761 1798/2052/1760
f 1798/2052/1760 1800/2054/1762 1796/2050/1758
f 1800/2054/1762 1801/2055/1763 1796/2050/1758
f 1796/2050/1758 1801/2055/1763 1793/2056/1755
f 1801/2055/1763 1803/2057/1764 1793/2056/1755
f 1793/2056/1755 1803/2057/1764 1795/2049/1757
f 1803/2057/1764 1804/2058/1765 1795/2049/1757
f 1795/2049/1757 1804/2058/1765 1805/2059/1766
f 1804/2058/1765 1806/2060/1767 1805/2059/1766
f 1806/2060/1767 1807/2061/1768 1805/2059/1766
f 1805/2059/1766 1807/2061/1768 1808/2062/1769
f 1808/2062/1769 1807/2061/1768 1809/2063/1770
f 1809/2063/1770 1807/2061/1768 1810/2064/1771
f 1810/2064/1771 1807/2061/1768 1811/2065/1772
f 1807/2061/1768 1806/2060/1767 1811/2065/1772
f 1811/2065/1772 1806/2060/1767 1812/2066/1773
f 1812/2066/1773 1806/2060/1767 1813/2067/1774
f 1806/2060/1767 1804/2068/1765 1813/2067/1774
f 1813/2067/1774 1804/2068/1765 1815/2069/1775
f 1804/2068/1765 1803/2057/1764 1815/2069/1775
f 1805/2059/1766 1816/2070/1776 1795/2049/1757
f 1816/2070/1776 1794/2048/1756 1795/2049/1757
f 1805/2059/1766 1808/2062/1769 1816/2070/1776
f 1812/2066/1773 1817/2071/1777 1811/2065/1772
f 1818/2072/1778 1811/2065/1772 1817/2071/1777
f 1811/2065/1772 1818/2072/1778 1810/2064/1771
f 1813/2067/1774 1815/2069/1775 1809/2063/1770
f 1815/2069/1775 1808/2062/1769 1809/2063/1770
f 1813/2067/1774 1809/2063/1770 1819/2073/1779
f 1809/2063/1770 1810/2064/1771 1819/2073/1779
f 1819/2073/1779 1810/2064/1771 1820/2074/1780
f 1810/2064/1771 1818/2072/1778 1820/2074/1780
f 1813/2067/1774 1819/2073/1779 1812/2075/1773
f 1819/2073/1779 1822/2076/1781 1812/2075/1773
f 1812/2075/1773 1822/2076/1781 1817/2071/1777
f 1819/2073/1779 1820/2074/1780 1822/2076/1781
f 1822/2076/1781 1820/2074/1780 1823/2077/1782
f 1823/2077/1782 1820/2074/1780 1824/2078/1783
f 1820/2074/1780 1818/2072/1778 1824/2078/1783
f 1824/2078/1783 1818/2072/1778 1825/2079/1784
f 1818/2072/1778 1817/2071/1777 1825/2079/1784
f 1825/2079/1784 1817/2071/1777 1827/2080/1785
f 1817/2071/1777 1822/2076/1781 1827/2080/1785
f 1822/2076/1781 1823/2077/1782 1827/2081/1785
f 1823/2077/1782 1828/2082/1786 1827/2081/1785
f 1827/2081/1785 1828/2082/1786 1829/2083/1787
f 1828/2082/1786 1839/2084/1788 1829/2083/1787
f 1839/2084/1788 1831/2085/1789 1829/2083/1787
f 1831/2085/1789 1832/2086/1790 1829/2083/1787
f 1829/2083/1787 1832/2086/1790 1825/2079/1784
f 1825/2079/1784 1832/2086/1790 1824/2078/1783
f 1832/2086/1790 1833/2087/1791 1824/2078/1783
f 1824/2078/1783 1833/2087/1791 1823/2077/1782
f 1833/2087/1791 1828/2082/1786 1823/2077/1782
f 1827/2080/1785 1829/2083/1787 1825/2079/1784
f 1839/2084/1788 1834/2088/1792 1831/2085/1789
f 1834/2088/1792 1835/2089/1793 1831/2085/1789
f 1831/2085/1789 1835/2089/1793 1836/2090/1794
f 1835/2089/1793 1837/2091/1795 1836/2090/1794
f 1837/2091/1795 1838/2092/1796 1836/2090/1794
f 1836/2090/1794 1838/2092/1796 1833/2087/1791
f 1833/2087/1791 1838/2092/1796 1828/2082/1786
f 1828/2082/1786 1838/2092/1796 1839/2093/1788
f 1838/2092/1796 1840/2094/1797 1839/2093/1788
f 1839/2093/1788 1840/2094/1797 1834/2088/1792
f 1840/2094/1797 1841/2095/1798 1834/2088/1792
f 1834/2088/1792 1841/2095/1798 1842/2096/1799
f 1841/2095/1798 1843/2097/1800 1842/2096/1799
f 1831/2085/1789 1836/2090/1794 1832/2086/1790
f 1836/2090/1794 1833/2087/1791 1832/2086/1790
f 1837/2091/1795 1840/2094/1797 1838/2092/1796
f 1834/2088/1792 1842/2096/1799 1835/2089/1793
f 1835/2089/1793 1842/2096/1799 1844/2098/1801
f 1842/2096/1799 1845/2099/1802 1844/2098/1801
f 1845/2099/1802 1846/2100/1803 1844/2098/1801
f 1846/2100/1803 1847/2101/1804 1844/2098/1801
f 1844/2098/1801 1847/2101/1804 1837/2091/1795
f 1837/2091/1795 1847/2101/1804 1840/2094/1797
f 1840/2094/1797 1847/2101/1804 1841/2102/1798
f 1847/2101/1804 1849/2103/1805 1841/2102/1798
f 1841/2102/1798 1849/2103/1805 1843/2097/1800
f 1849/2103/1805 1850/2104/1806 1843/2097/1800
f 1843/2097/1800 1850/2104/1806 1851/2105/1807
f 1850/2104/1806 1852/2106/1808 1851/2105/1807
f 1835/2089/1793 1844/2098/1801 1837/2091/1795
f 1842/2096/1799 1843/2097/1800 1845/2099/1802
f 1843/2097/1800 1851/2105/1807 1845/2099/1802
f 1845/2099/1802 1851/2105/1807 1853/2107/1809
f 1853/2107/1809 1851/2105/1807 1854/2108/1810
f 1851/2105/1807 1852/2109/1808 1854/2108/1810
f 1854/2108/1810 1852/2109/1808 1856/2110/1811
f 1852/2109/1808 1857/2111/1759 1856/2110/1811
f 1857/2111/1759 1792/2046/1754 1856/2110/1811
f 1856/2110/1811 1792/2046/1754 1858/2112/1812
f 1792/2046/1754 1794/2048/1756 1858/2112/1812
f 1846/2100/1803 1849/2103/1805 1847/2101/1804
f 1845/2099/1802 1853/2107/1809 1846/2100/1803
f 1846/2100/1803 1853/2107/1809 1859/2113/1813
f 1859/2113/1813 1853/2107/1809 1865/2114/1814
f 1853/2107/1809 1854/2115/1810 1865/2114/1814
f 1865/2114/1814 1854/2115/1810 1862/2116/1815
f 1854/2115/1810 1856/2110/1811 1862/2116/1815
f 1862/2116/1815 1856/2110/1811 1858/2112/1812
f 1846/2100/1803 1859/2113/1813 1849/2103/1805
f 1849/2103/1805 1859/2113/1813 1850/2117/1806
f 1850/2117/1806 1859/2113/1813 1864/2118/1761
f 1859/2113/1813 1865/2119/1814 1864/2118/1761
f 1864/2118/1761 1865/2119/1814 1798/2052/1760
f 1865/2119/1814 1862/2116/1815 1798/2052/1760
f 1798/2052/1760 1862/2116/1815 1800/2054/1762
f 1862/2116/1815 1858/2112/1812 1800/2054/1762
f 1800/2054/1762 1858/2112/1812 1866/2120/1816
f 1858/2112/1812 1794/2048/1756 1866/2120/1816
f 1794/2048/1756 1816/2070/1776 1866/2120/1816
f 1866/2120/1816 1816/2070/1776 1867/2121/1817
f 1816/2070/1776 1808/2062/1769 1867/2121/1817
f 1808/2062/1769 1815/2069/1775 1867/2121/1817
f 1815/2069/1775 1803/2057/1764 1867/2121/1817
f 1803/2057/1764 1801/2055/1763 1867/2121/1817
f 1867/2121/1817 1801/2055/1763 1866/2120/1816
f 1801/2055/1763 1800/2054/1762 1866/2120/1816
f 1850/2117/1806 1864/2053/1761 1852/2106/1808
f 1864/2053/1761 1857/2111/1759 1852/2106/1808
f 1868/2122/1818 1869/2123/1819 1870/2124/1820
f 1869/2123/1819 1871/2125/1821 1870/2124/1820
f 1870/2124/1820 1871/2125/1821 1991/2126/1822
f 1871/2125/1821 1873/2127/1823 1991/2126/1822
f 1991/2126/1822 1873/2127/1823 1874/2128/1824
f 1873/2127/1823 1875/2129/1825 1874/2128/1824
f 1874/2130/1824 1875/2131/1825 1868/2132/1818
f 1869/2123/1819 1877/2133/1826 1871/2125/1821
f 1871/2125/1821 1877/2133/1826 1878/2134/1827
f 1877/2133/1826 1879/2135/1828 1878/2134/1827
f 1878/2134/1827 1879/2135/1828 1880/2136/1829
f 1880/2136/1829 1879/2135/1828 1881/2137/1830
f 1881/2137/1830 1879/2135/1828 1882/2138/1831
f 1882/2138/1831 1879/2135/1828 1888/2139/1832
f 1879/2135/1828 1877/2133/1826 1888/2139/1832
f 1888/2139/1832 1877/2133/1826 1884/2140/1833
f 1877/2133/1826 1869/2141/1819 1884/2140/1833
f 1884/2140/1833 1869/2141/1819 1875/2129/1825
f 1869/2141/1819 1868/2122/1818 1875/2129/1825
f 1871/2125/1821 1878/2134/1827 1873/2127/1823
f 1878/2134/1827 1886/2142/1834 1873/2127/1823
f 1873/2127/1823 1886/2142/1834 1875/2129/1825
f 1875/2129/1825 1886/2142/1834 1884/2140/1833
f 1886/2142/1834 1887/2143/1835 1884/2140/1833
f 1884/2140/1833 1887/2143/1835 1888/2144/1832
f 1887/2143/1835 1889/2145/1836 1888/2144/1832
f 1888/2144/1832 1889/2145/1836 1882/2138/1831
f 1878/2134/1827 1880/2136/1829 1886/2142/1834
f 1886/2142/1834 1880/2136/1829 1887/2143/1835
f 1880/2136/1829 1890/2146/1837 1887/2143/1835
f 1887/2143/1835 1890/2146/1837 1889/2145/1836
f 1881/2137/1830 1890/2146/1837 1880/2136/1829
f 1891/2147/1838 1892/2148/1839 1993/2149/1840
f 1892/2148/1839 1894/2150/1841 1993/2149/1840
f 1993/2149/1840 1894/2150/1841 1995/2151/1842
f 1894/2150/1841 1896/2152/1843 1995/2151/1842
f 1995/2151/1842 1896/2152/1843 1994/2153/1844
f 1896/2152/1843 1898/2154/1845 1994/2153/1844
f 1994/2155/1844 1898/2156/1845 1891/2157/1838
f 1892/2148/1839 1900/2158/1846 1894/2150/1841
f 1894/2150/1841 1900/2158/1846 1901/2159/1847
f 1900/2158/1846 1902/2160/1848 1901/2159/1847
f 1902/2160/1848 1903/2161/1849 1901/2159/1847
f 1903/2161/1849 1904/2162/1850 1901/2159/1847
f 1901/2159/1847 1904/2162/1850 1896/2152/1843
f 1896/2152/1843 1904/2162/1850 1898/2154/1845
f 1904/2162/1850 1905/2163/1851 1898/2154/1845
f 1898/2154/1845 1905/2163/1851 1892/2164/1839
f 1892/2164/1839 1905/2163/1851 1900/2158/1846
f 1905/2163/1851 1907/2165/1852 1900/2158/1846
f 1900/2158/1846 1907/2165/1852 1902/2160/1848
f 1894/2150/1841 1901/2159/1847 1896/2152/1843
f 1898/2154/1845 1892/2164/1839 1891/2147/1838
f 1905/2163/1851 1904/2162/1850 1908/2166/1853
f 1904/2162/1850 1903/2161/1849 1908/2166/1853
f 1908/2166/1853 1903/2161/1849 1909/2167/1854
f 1909/2167/1854 1903/2161/1849 1910/2168/1855
f 1903/2161/1849 1902/2160/1848 1910/2168/1855
f 1910/2168/1855 1902/2160/1848 1911/2169/1856
f 1902/2160/1848 1907/2165/1852 1911/2169/1856
f 1905/2163/1851 1908/2166/1853 1907/2170/1852
f 1908/2166/1853 1913/2171/1857 1907/2170/1852
f 1907/2170/1852 1913/2171/1857 1911/2169/1856
f 1909/2167/1854 1913/2171/1857 1908/2166/1853
f 1914/2172/1858 1915/2173/1859 1916/2174/1860
f 1916/2174/1860 1915/2173/1859 1937/2175/1861
f 1915/2173/1859 1918/2176/1862 1937/2175/1861
f 1937/2175/1861 1918/2176/1862 1919/2177/1863
f 1918/2176/1862 1920/2178/1864 1919/2177/1863
f 1920/2178/1864 1921/2179/1865 1919/2177/1863
f 1921/2179/1865 1922/2180/1866 1919/2177/1863
f 1919/2177/1863 1922/2180/1866 1939/2181/1867
f 1939/2181/1867 1922/2180/1866 1924/2182/1868
f 1922/2180/1866 1925/2183/1869 1924/2182/1868
f 1924/2182/1868 1925/2183/1869 1926/2184/1870
f 1925/2183/1869 1927/2185/1871 1926/2184/1870
f 1926/2184/1870 1927/2185/1871 1928/2186/1872
f 1928/2186/1872 1927/2185/1871 1929/2187/1873
f 1929/2187/1873 1927/2185/1871 1989/2188/1874
f 1989/2188/1874 1927/2185/1871 1931/2189/1875
f 1927/2185/1871 1925/2190/1869 1931/2189/1875
f 1931/2189/1875 1925/2190/1869 1933/2191/1876
f 1925/2190/1869 1922/2180/1866 1933/2191/1876
f 1922/2180/1866 1921/2179/1865 1933/2191/1876
f 1933/2191/1876 1921/2179/1865 1934/2192/1877
f 1921/2179/1865 1935/2193/1878 1934/2192/1877
f 1934/2192/1877 1935/2193/1878 1926/2184/1870
f 1926/2184/1870 1935/2193/1878 1924/2182/1868
f 1924/2182/1868 1935/2193/1878 1936/2194/1879
f 1936/2194/1879 1935/2193/1878 1920/2178/1864
f 1935/2193/1878 1921/2179/1865 1920/2178/1864
f 1919/2177/1863 1939/2181/1867 1937/2195/1861
f 1926/2184/1870 1928/2186/1872 1934/2192/1877
f 1928/2186/1872 1938/2196/1880 1934/2192/1877
f 1934/2192/1877 1938/2196/1880 1933/2191/1876
f 1938/2196/1880 1931/2189/1875 1933/2191/1876
f 1939/2197/1867 1924/2182/1868 1936/2194/1879
f 1936/2194/1879 1920/2178/1864 1946/2198/1881
f 1920/2178/1864 1918/2199/1862 1946/2198/1881
f 1946/2198/1881 1918/2199/1862 1942/2200/1882
f 1918/2199/1862 1915/2173/1859 1942/2200/1882
f 1942/2200/1882 1915/2173/1859 1943/2201/1883
f 1915/2173/1859 1914/2172/1858 1943/2201/1883
f 1916/2174/1860 1937/2195/1861 1944/2202/1884
f 1937/2195/1861 1939/2197/1867 1944/2202/1884
f 1939/2197/1867 1936/2194/1879 1944/2203/1884
f 1936/2194/1879 1946/2204/1881 1944/2203/1884
f 1944/2203/1884 1946/2204/1881 1947/2205/1885
f 1946/2204/1881 1942/2200/1882 1947/2205/1885
f 1947/2205/1885 1942/2200/1882 1948/2206/1886
f 1942/2200/1882 1943/2201/1883 1948/2206/1886
f 1944/2202/1884 1947/2205/1885 1916/2207/1860
f 1947/2205/1885 1950/2208/1887 1916/2207/1860
f 1916/2207/1860 1950/2208/1887 1914/2172/1858
f 1950/2208/1887 1955/2209/1888 1914/2172/1858
f 1914/2172/1858 1955/2209/1888 1952/2210/1889
f 1955/2209/1888 1953/2211/1890 1952/2210/1889
f 1947/2205/1885 1948/2206/1886 1950/2208/1887
f 1948/2206/1886 1954/2212/1891 1950/2208/1887
f 1950/2208/1887 1954/2212/1891 1955/2213/1888
f 1954/2212/1891 1956/2214/1892 1955/2213/1888
f 1955/2213/1888 1956/2214/1892 1953/2211/1890
f 1914/2172/1858 1952/2210/1889 1943/2201/1883
f 1943/2201/1883 1952/2210/1889 1957/2215/1893
f 1952/2210/1889 1958/2216/1894 1957/2215/1893
f 1958/2216/1894 1959/2217/1895 1957/2215/1893
f 1957/2215/1893 1959/2217/1895 1954/2212/1891
f 1959/2217/1895 1956/2214/1892 1954/2212/1891
f 1943/2201/1883 1957/2215/1893 1948/2206/1886
f 1957/2215/1893 1954/2212/1891 1948/2206/1886
f 1952/2210/1889 1953/2211/1890 1958/2216/1894
f 1953/2211/1890 1960/2218/1896 1958/2216/1894
f 1958/2216/1894 1960/2218/1896 1961/2219/1897
f 1961/2219/1897 1960/2218/1896 1962/2220/1898
f 1962/2220/1898 1960/2218/1896 1963/2221/1899
f 1963/2221/1899 1960/2218/1896 1964/2222/1900
f 1960/2218/1896 1953/2211/1890 1964/2222/1900
f 1964/2222/1900 1953/2211/1890 1956/2214/1892
f 1958/2216/1894 1961/2219/1897 1959/2217/1895
f 1959/2217/1895 1961/2219/1897 1965/2223/1901
f 1961/2219/1897 1966/2224/1902 1965/2223/1901
f 1966/2224/1902 1967/2225/1903 1965/2223/1901
f 1965/2223/1901 1967/2225/1903 1964/2226/1900
f 1967/2225/1903 1963/2221/1899 1964/2226/1900
f 1959/2217/1895 1965/2223/1901 1956/2214/1892
f 1965/2223/1901 1964/2226/1900 1956/2214/1892
f 1961/2219/1897 1962/2220/1898 1966/2224/1902
f 1966/2224/1902 1962/2220/1898 1969/2227/1904
f 1962/2220/1898 1970/2228/1905 1969/2227/1904
f 1969/2227/1904 1970/2228/1905 1971/2229/1906
f 1971/2229/1906 1970/2228/1905 1972/2230/1907
f 1972/2230/1907 1970/2228/1905 1973/2231/1908
f 1970/2228/1905 1963/2221/1899 1973/2231/1908
f 1973/2231/1908 1963/2221/1899 1967/2225/1903
f 1962/2220/1898 1963/2221/1899 1970/2228/1905
f 1966/2224/1902 1969/2227/1904 1974/2232/1909
f 1969/2227/1904 1975/2233/1910 1974/2232/1909
f 1975/2233/1910 1976/2234/1911 1974/2232/1909
f 1974/2232/1909 1976/2234/1911 1973/2235/1908
f 1973/2235/1908 1976/2234/1911 1972/2230/1907
f 1976/2234/1911 1983/2236/1912 1972/2230/1907
f 1972/2230/1907 1983/2236/1912 1979/2237/1913
f 1983/2236/1912 1980/2238/1914 1979/2237/1913
f 1969/2227/1904 1971/2229/1906 1975/2233/1910
f 1971/2229/1906 1981/2239/1915 1975/2233/1910
f 1981/2239/1915 1982/2240/1916 1975/2233/1910
f 1975/2233/1910 1982/2240/1916 1976/2234/1911
f 1976/2234/1911 1982/2240/1916 1983/2241/1912
f 1982/2240/1916 1984/2242/1917 1983/2241/1912
f 1983/2241/1912 1984/2242/1917 1980/2238/1914
f 1966/2224/1902 1974/2232/1909 1967/2225/1903
f 1967/2225/1903 1974/2232/1909 1973/2235/1908
f 1972/2230/1907 1979/2237/1913 1971/2229/1906
f 1971/2229/1906 1979/2237/1913 1981/2239/1915
f 1979/2237/1913 1985/2243/1918 1981/2239/1915
f 1985/2243/1918 1986/2244/1919 1981/2239/1915
f 1981/2239/1915 1986/2244/1919 1982/2240/1916
f 1986/2244/1919 1984/2242/1917 1982/2240/1916
f 1979/2237/1913 1980/2238/1914 1985/2243/1918
f 1980/2238/1914 1987/2245/1920 1985/2243/1918
f 1985/2243/1918 1987/2245/1920 1988/2246/1921
f 1988/2246/1921 1987/2245/1920 1938/2196/1880
f 1938/2196/1880 1987/2245/1920 1931/2189/1875
f 1931/2189/1875 1987/2245/1920 1989/2247/1874
f 1987/2245/1920 1980/2238/1914 1989/2247/1874
f 1989/2247/1874 1980/2238/1914 1984/2242/1917
f 1985/2243/1918 1988/2246/1921 1986/2244/1919
f 1986/2244/1919 1988/2246/1921 1929/2187/1873
f 1929/2187/1873 1988/2246/1921 1928/2186/1872
f 1988/2246/1921 1938/2196/1880 1928/2186/1872
f 1986/2244/1919 1929/2187/1873 1984/2242/1917
f 1929/2187/1873 1989/2188/1874 1984/2242/1917
f 1874/2248/1824 1868/2249/1818 1991/2250/1822
f 1868/2249/1818 1870/2251/1820 1991/2250/1822
f 1891/2252/1838 1993/2253/1840 1994/2254/1844
f 1993/2253/1840 1995/2255/1842 1994/2254/1844
f 2032/2256/1922 1997/2257/1923 1998/2258/1924
f 1997/2257/1923 1999/2259/1925 1998/2258/1924
f 1998/2258/1924 2000/2260/1926 2032/2256/1922
f 2032/2256/1922 2000/2260/1926 2001/2261/1927
f 2000/2260/1926 2009/2262/1928 2001/2261/1927
f 2001/2261/1927 2009/2262/1928 2003/2263/1929
f 2009/2262/1928 2004/2264/1930 2003/2263/1929
f 2003/2263/1929 2004/2264/1930 2005/2265/1931
f 2005/2265/1931 2004/2264/1930 2006/2266/1932
f 2006/2266/1932 2004/2264/1930 2017/2267/1933
f 2017/2267/1933 2004/2264/1930 2008/2268/1934
f 2004/2264/1930 2009/2269/1928 2008/2268/1934
f 2008/2268/1934 2009/2269/1928 2010/2270/1935
f 2009/2269/1928 2000/2260/1926 2010/2270/1935
f 2010/2270/1935 2000/2260/1926 2011/2271/1936
f 2000/2260/1926 1998/2258/1924 2011/2271/1936
f 2011/2271/1936 1998/2258/1924 2012/2272/1937
f 1998/2258/1924 1999/2259/1925 2012/2272/1937
f 2012/2272/1937 2013/2273/1938 2011/2271/1936
f 2013/2273/1938 2014/2274/1939 2011/2271/1936
f 2011/2271/1936 2014/2274/1939 2010/2270/1935
f 2014/2274/1939 2015/2275/1940 2010/2270/1935
f 2010/2270/1935 2015/2275/1940 2008/2268/1934
f 2015/2275/1940 2016/2276/1941 2008/2268/1934
f 2008/2268/1934 2016/2276/1941 2017/2277/1933
f 2016/2276/1941 2018/2278/1942 2017/2277/1933
f 2017/2277/1933 2018/2278/1942 2019/2279/1943
f 2018/2278/1942 2020/2280/1944 2019/2279/1943
f 2019/2279/1943 2020/2280/1944 2021/2281/1945
f 2020/2280/1944 2022/2282/1946 2021/2281/1945
f 2021/2281/1945 2022/2282/1946 2023/2283/1947
f 2023/2283/1947 2022/2282/1946 2024/2284/1948
f 2024/2284/1948 2022/2282/1946 2025/2285/1949
f 2025/2285/1949 2022/2282/1946 2026/2286/1950
f 2022/2282/1946 2020/2287/1944 2026/2286/1950
f 2026/2286/1950 2020/2287/1944 2028/2288/1951
f 2020/2287/1944 2018/2278/1942 2028/2288/1951
f 2028/2288/1951 2018/2278/1942 2029/2289/1952
f 2018/2278/1942 2016/2276/1941 2029/2289/1952
f 2029/2289/1952 2016/2276/1941 2030/2290/1953
f 2016/2276/1941 2015/2275/1940 2030/2290/1953
f 2030/2290/1953 2015/2275/1940 2005/2265/1931
f 2015/2275/1940 2014/2274/1939 2005/2265/1931
f 2005/2265/1931 2014/2274/1939 2003/2263/1929
f 2014/2274/1939 2013/2273/1938 2003/2263/1929
f 2003/2263/1929 2013/2273/1938 2001/2261/1927
f 2013/2273/1938 2031/2291/1954 2001/2261/1927
f 2001/2261/1927 2031/2291/1954 2032/2292/1922
f 2031/2291/1954 2033/2293/1955 2032/2292/1922
f 2032/2292/1922 2033/2293/1955 1997/2257/1923
f 2033/2293/1955 2049/2294/1956 1997/2257/1923
f 1997/2257/1923 2049/2294/1956 2035/2295/1957
f 2049/2294/1956 2040/2296/1958 2035/2295/1957
f 2013/2273/1938 2012/2272/1937 2031/2291/1954
f 2012/2272/1937 2037/2297/1959 2031/2291/1954
f 2031/2291/1954 2037/2297/1959 2033/2293/1955
f 2012/2272/1937 1999/2259/1925 2037/2297/1959
f 2037/2297/1959 1999/2259/1925 2038/2298/1960
f 1999/2259/1925 2035/2295/1957 2038/2298/1960
f 2038/2298/1960 2035/2295/1957 2046/2299/1961
f 2035/2295/1957 2040/2300/1958 2046/2299/1961
f 2046/2299/1961 2040/2300/1958 2041/2301/1962
f 2040/2300/1958 2042/2302/1963 2041/2301/1962
f 2042/2302/1963 2043/2303/1964 2041/2301/1962
f 2043/2303/1964 2044/2304/1965 2041/2301/1962
f 2044/2304/1965 2045/2305/1966 2041/2301/1962
f 2041/2301/1962 2045/2305/1966 2046/2306/1961
f 2045/2305/1966 2047/2307/1967 2046/2306/1961
f 2046/2306/1961 2047/2307/1967 2038/2298/1960
f 2047/2307/1967 2048/2308/1968 2038/2298/1960
f 2038/2298/1960 2048/2308/1968 2037/2297/1959
f 2037/2297/1959 2048/2308/1968 2033/2293/1955
f 2033/2293/1955 2048/2308/1968 2049/2309/1956
f 2049/2309/1956 2048/2308/1968 2059/2310/1969
f 2048/2308/1968 2047/2311/1967 2059/2310/1969
f 2059/2310/1969 2047/2311/1967 2052/2312/1970
f 2047/2311/1967 2045/2305/1966 2052/2312/1970
f 2052/2312/1970 2045/2305/1966 2053/2313/1971
f 2045/2305/1966 2044/2304/1965 2053/2313/1971
f 2053/2313/1971 2044/2304/1965 2054/2314/1972
f 2054/2314/1972 2044/2304/1965 2055/2315/1973
f 2044/2304/1965 2043/2303/1964 2055/2315/1973
f 2055/2315/1973 2043/2303/1964 2064/2316/1974
f 2064/2316/1974 2043/2303/1964 2057/2317/1975
f 2043/2303/1964 2042/2318/1963 2057/2317/1975
f 2057/2317/1975 2042/2318/1963 2052/2312/1970
f 2042/2318/1963 2059/2319/1969 2052/2312/1970
f 1997/2257/1923 2035/2295/1957 1999/2259/1925
f 2052/2312/1970 2053/2313/1971 2057/2317/1975
f 2057/2317/1975 2053/2313/1971 2060/2320/1976
f 2053/2313/1971 2054/2314/1972 2060/2320/1976
f 2060/2320/1976 2054/2314/1972 2061/2321/1977
f 2061/2321/1977 2054/2314/1972 2062/2322/1978
f 2054/2314/1972 2055/2315/1973 2062/2322/1978
f 2062/2322/1978 2055/2315/1973 2063/2323/1979
f 2055/2315/1973 2064/2316/1974 2063/2323/1979
f 2049/2309/1956 2059/2319/1969 2040/2296/1958
f 2059/2319/1969 2042/2302/1963 2040/2296/1958
f 2057/2317/1975 2060/2320/1976 2064/2324/1974
f 2060/2320/1976 2065/2325/1980 2064/2324/1974
f 2064/2324/1974 2065/2325/1980 2063/2323/1979
f 2065/2325/1980 2025/2326/1949 2063/2323/1979
f 2063/2323/1979 2025/2326/1949 2067/2327/1981
f 2025/2326/1949 2026/2286/1950 2067/2327/1981
f 2067/2327/1981 2026/2286/1950 2068/2328/1982
f 2026/2286/1950 2028/2288/1951 2068/2328/1982
f 2068/2328/1982 2028/2288/1951 2069/2329/1983
f 2028/2288/1951 2029/2289/1952 2069/2329/1983
f 2069/2329/1983 2029/2289/1952 2070/2330/1984
f 2029/2289/1952 2030/2290/1953 2070/2330/1984
f 2070/2330/1984 2030/2290/1953 2006/2266/1932
f 2030/2290/1953 2005/2265/1931 2006/2266/1932
f 2061/2321/1977 2065/2325/1980 2060/2320/1976
f 2063/2323/1979 2067/2327/1981 2062/2322/1978
f 2017/2267/1933 2019/2279/1943 2006/2266/1932
f 2006/2266/1932 2019/2279/1943 2070/2330/1984
f 2019/2279/1943 2021/2281/1945 2070/2330/1984
f 2070/2330/1984 2021/2281/1945 2069/2329/1983
f 2021/2281/1945 2023/2283/1947 2069/2329/1983
f 2069/2329/1983 2023/2283/1947 2068/2328/1982
f 2023/2283/1947 2071/2331/1985 2068/2328/1982
f 2068/2328/1982 2071/2331/1985 2067/2327/1981
f 2067/2327/1981 2071/2331/1985 2062/2322/1978
f 2062/2322/1978 2071/2331/1985 2061/2321/1977
f 2071/2331/1985 2024/2284/1948 2061/2321/1977
f 2061/2321/1977 2024/2284/1948 2065/2325/1980
f 2024/2284/1948 2025/2285/1949 2065/2325/1980
f 2071/2331/1985 2023/2283/1947 2024/2284/1948
f 2072/2332/1986 2073/2333/1987 2074/2334/1988
f 2073/2335/1987 2075/2336/1989 2074/2337/1988
f 2074/2337/1988 2075/2336/1989 2076/2338/1990
f 2075/2339/1989 2073/2340/1987 2093/2341/1991
f 2073/2342/1987 2072/2343/1986 2093/2344/1991
f 2072/2343/1986 2079/2345/1992 2093/2344/1991
f 2093/2344/1991 2079/2345/1992 2080/2346/1993
f 2079/2345/1992 2089/2347/1994 2080/2346/1993
f 2080/2346/1993 2089/2347/1994 2082/2348/1995
f 2089/2347/1994 2083/2349/1996 2082/2348/1995
f 2083/2349/1996 2084/2350/1997 2082/2348/1995
f 2082/2348/1995 2084/2350/1997 2085/2351/1998
f 2084/2350/1997 2086/2352/1999 2085/2351/1998
f 2085/2351/1998 2086/2352/1999 2087/2353/2000
f 2086/2352/1999 2088/2354/2001 2087/2353/2000
f 2087/2353/2000 2088/2354/2001 2089/2355/1994
f 2088/2354/2001 2083/2349/1996 2089/2355/1994
f 2089/2355/1994 2079/2345/1992 2087/2353/2000
f 2079/2345/1992 2090/2356/2002 2087/2353/2000
f 2087/2353/2000 2090/2356/2002 2085/2351/1998
f 2090/2356/2002 2091/2357/2003 2085/2351/1998
f 2085/2351/1998 2091/2357/2003 2082/2348/1995
f 2082/2348/1995 2091/2357/2003 2080/2346/1993
f 2091/2357/2003 2092/2358/2004 2080/2346/1993
f 2080/2346/1993 2092/2358/2004 2093/2359/1991
f 2093/2359/1991 2092/2358/2004 2075/2360/1989
f 2092/2361/2004 2076/2362/1990 2075/2363/1989
f 2079/2345/1992 2072/2343/1986 2090/2356/2002
f 2072/2343/1986 2095/2364/2005 2090/2356/2002
f 2090/2356/2002 2095/2364/2005 2091/2357/2003
f 2091/2357/2003 2095/2364/2005 2092/2358/2004
f 2092/2358/2004 2095/2364/2005 2076/2365/1990
f 2095/2366/2005 2074/2367/1988 2076/2368/1990
f 2072/2343/1986 2074/2369/1988 2095/2364/2005
f 2107/2370/2006 2099/2371/2007 2100/2372/2008
f 2099/2371/2007 2101/2373/2009 2100/2372/2008
f 2100/2372/2008 2101/2373/2009 2102/2374/2010
f 2101/2373/2009 2103/2375/2011 2102/2374/2010
f 2104/2376/2012 2107/2377/2006 2100/2378/2008
f 2104/2379/2012 2120/2380/2013 2107/2381/2006
f 2107/2381/2006 2120/2380/2013 2119/2382/2014
f 2120/2383/2013 2109/2384/2015 2119/2385/2014
f 2120/2386/2013 2104/2387/2012 2111/2388/2016
f 2104/2389/2012 2100/2372/2008 2111/2390/2016
f 2100/2372/2008 2102/2374/2010 2111/2390/2016
f 2111/2390/2016 2102/2374/2010 2112/2391/2017
f 2112/2391/2017 2102/2374/2010 2113/2392/2018
f 2102/2374/2010 2103/2375/2011 2113/2392/2018
f 2113/2392/2018 2103/2375/2011 2114/2393/2019
f 2114/2393/2019 2103/2375/2011 2115/2394/2020
f 2115/2394/2020 2103/2375/2011 2116/2395/2021
f 2103/2375/2011 2101/2396/2009 2116/2395/2021
f 2116/2395/2021 2101/2396/2009 2118/2397/2022
f 2101/2396/2009 2099/2371/2007 2118/2397/2022
f 2118/2397/2022 2099/2371/2007 2109/2398/2015
f 2109/2398/2015 2099/2371/2007 2119/2399/2014
f 2099/2400/2007 2107/2401/2006 2119/2402/2014
f 2120/2403/2013 2111/2390/2016 2109/2398/2015
f 2111/2390/2016 2112/2391/2017 2109/2398/2015
f 2109/2398/2015 2112/2391/2017 2118/2397/2022
f 2112/2391/2017 2121/2404/2023 2118/2397/2022
f 2118/2397/2022 2121/2404/2023 2116/2395/2021
f 2121/2404/2023 2122/2405/2024 2116/2395/2021
f 2116/2395/2021 2122/2405/2024 2115/2406/2020
f 2112/2391/2017 2113/2392/2018 2121/2404/2023
f 2121/2404/2023 2113/2392/2018 2124/2407/2025
f 2113/2392/2018 2114/2393/2019 2124/2407/2025
f 2121/2404/2023 2124/2407/2025 2122/2405/2024
f 2125/2408/2026 2126/2409/2027 2127/2410/2028
f 2127/2410/2028 2126/2409/2027 2128/2411/2029
f 2126/2409/2027 2129/2412/2030 2128/2411/2029
f 2128/2411/2029 2129/2412/2030 2130/2413/2031
f 2130/2413/2031 2129/2412/2030 2131/2414/2032
f 2131/2414/2032 2129/2412/2030 2132/2415/2033
f 2132/2415/2033 2129/2412/2030 2133/2416/2034
f 2129/2412/2030 2126/2417/2027 2133/2416/2034
f 2133/2416/2034 2126/2417/2027 2135/2418/2035
f 2126/2417/2027 2125/2408/2026 2135/2418/2035
f 2135/2418/2035 2125/2408/2026 2136/2419/2036
f 2125/2408/2026 2137/2420/2037 2136/2419/2036
f 2136/2419/2036 2137/2420/2037 2138/2421/2038
f 2138/2421/2038 2137/2420/2037 2139/2422/2039
f 2139/2422/2039 2137/2420/2037 2140/2423/2040
f 2140/2423/2040 2137/2420/2037 2161/2424/2041
f 2137/2420/2037 2125/2408/2026 2161/2424/2041
f 2161/2424/2041 2125/2408/2026 2127/2410/2028
f 2138/2421/2038 2142/2425/2042 2136/2419/2036
f 2142/2425/2042 2143/2426/2043 2136/2419/2036
f 2136/2419/2036 2143/2426/2043 2135/2418/2035
f 2143/2426/2043 2144/2427/2044 2135/2418/2035
f 2135/2418/2035 2144/2427/2044 2133/2416/2034
f 2144/2427/2044 2145/2428/2045 2133/2416/2034
f 2133/2416/2034 2145/2428/2045 2132/2429/2033
f 2145/2428/2045 2147/2430/2046 2132/2429/2033
f 2132/2429/2033 2147/2430/2046 2148/2431/2047
f 2147/2430/2046 2149/2432/2048 2148/2431/2047
f 2148/2431/2047 2149/2432/2048 2150/2433/2049
f 2149/2432/2048 2151/2434/2050 2150/2433/2049
f 2150/2433/2049 2151/2434/2050 2152/2435/2051
f 2152/2435/2051 2151/2434/2050 2153/2436/2052
f 2153/2436/2052 2151/2434/2050 2154/2437/2053
f 2154/2437/2053 2151/2434/2050 2155/2438/2054
f 2151/2434/2050 2149/2439/2048 2155/2438/2054
f 2155/2438/2054 2149/2439/2048 2157/2440/2055
f 2149/2439/2048 2147/2430/2046 2157/2440/2055
f 2157/2440/2055 2147/2430/2046 2158/2441/2056
f 2147/2430/2046 2145/2428/2045 2158/2441/2056
f 2158/2441/2056 2145/2428/2045 2159/2442/2057
f 2145/2428/2045 2144/2427/2044 2159/2442/2057
f 2159/2442/2057 2144/2427/2044 2130/2413/2031
f 2144/2427/2044 2143/2426/2043 2130/2413/2031
f 2130/2413/2031 2143/2426/2043 2128/2411/2029
f 2143/2426/2043 2142/2425/2042 2128/2411/2029
f 2128/2411/2029 2142/2425/2042 2127/2410/2028
f 2142/2425/2042 2160/2443/2058 2127/2410/2028
f 2127/2410/2028 2160/2443/2058 2161/2444/2041
f 2160/2443/2058 2162/2445/2059 2161/2444/2041
f 2161/2444/2041 2162/2445/2059 2140/2423/2040
f 2162/2445/2059 2168/2446/2060 2140/2423/2040
f 2140/2423/2040 2168/2446/2060 2164/2447/2061
f 2168/2446/2060 2165/2448/2062 2164/2447/2061
f 2142/2425/2042 2138/2421/2038 2160/2443/2058
f 2138/2421/2038 2166/2449/2063 2160/2443/2058
f 2160/2443/2058 2166/2449/2063 2162/2445/2059
f 2166/2449/2063 2167/2450/2064 2162/2445/2059
f 2162/2445/2059 2167/2450/2064 2168/2451/2060
f 2167/2450/2064 2169/2452/2065 2168/2451/2060
f 2168/2451/2060 2169/2452/2065 2165/2448/2062
f 2138/2421/2038 2139/2422/2039 2166/2449/2063
f 2166/2449/2063 2139/2422/2039 2170/2453/2066
f 2139/2422/2039 2164/2447/2061 2170/2453/2066
f 2170/2453/2066 2164/2447/2061 2171/2454/2067
f 2164/2447/2061 2165/2448/2062 2171/2454/2067
f 2171/2454/2067 2165/2448/2062 2172/2455/2068
f 2165/2448/2062 2179/2456/2069 2172/2455/2068
f 2179/2456/2069 2174/2457/2070 2172/2455/2068
f 2174/2457/2070 2175/2458/2071 2172/2455/2068
f 2175/2458/2071 2176/2459/2072 2172/2455/2068
f 2172/2455/2068 2176/2459/2072 2171/2454/2067
f 2176/2459/2072 2177/2460/2073 2171/2454/2067
f 2171/2454/2067 2177/2460/2073 2170/2453/2066
f 2177/2460/2073 2167/2450/2064 2170/2453/2066
f 2170/2453/2066 2167/2450/2064 2166/2449/2063
f 2140/2423/2040 2164/2447/2061 2139/2422/2039
f 2167/2450/2064 2177/2460/2073 2169/2452/2065
f 2177/2460/2073 2178/2461/2074 2169/2452/2065
f 2169/2452/2065 2178/2461/2074 2179/2462/2069
f 2178/2461/2074 2180/2463/2075 2179/2462/2069
f 2179/2462/2069 2180/2463/2075 2174/2457/2070
f 2180/2463/2075 2181/2464/2076 2174/2457/2070
f 2169/2452/2065 2179/2456/2069 2165/2448/2062
f 2177/2460/2073 2176/2459/2072 2178/2461/2074
f 2178/2461/2074 2176/2459/2072 2182/2465/2077
f 2176/2459/2072 2175/2458/2071 2182/2465/2077
f 2182/2465/2077 2175/2458/2071 2183/2466/2078
f 2175/2458/2071 2194/2467/2079 2183/2466/2078
f 2183/2466/2078 2194/2467/2079 2185/2468/2080
f 2194/2467/2079 2186/2469/2081 2185/2468/2080
f 2185/2468/2080 2186/2469/2081 2187/2470/2082
f 2186/2469/2081 2154/2471/2053 2187/2470/2082
f 2154/2471/2053 2155/2438/2054 2187/2470/2082
f 2187/2470/2082 2155/2438/2054 2189/2472/2083
f 2155/2438/2054 2157/2440/2055 2189/2472/2083
f 2189/2472/2083 2157/2440/2055 2190/2473/2084
f 2157/2440/2055 2158/2441/2056 2190/2473/2084
f 2190/2473/2084 2158/2441/2056 2191/2474/2085
f 2158/2441/2056 2159/2442/2057 2191/2474/2085
f 2191/2474/2085 2159/2442/2057 2131/2414/2032
f 2159/2442/2057 2130/2413/2031 2131/2414/2032
f 2182/2465/2077 2180/2463/2075 2178/2461/2074
f 2154/2471/2053 2186/2469/2081 2192/2475/2086
f 2192/2475/2086 2186/2469/2081 2181/2476/2076
f 2186/2469/2081 2194/2477/2079 2181/2478/2076
f 2181/2478/2076 2194/2477/2079 2174/2457/2070
f 2194/2477/2079 2175/2458/2071 2174/2457/2070
f 2132/2415/2033 2148/2431/2047 2131/2414/2032
f 2131/2414/2032 2148/2431/2047 2191/2474/2085
f 2148/2431/2047 2150/2433/2049 2191/2474/2085
f 2191/2474/2085 2150/2433/2049 2190/2473/2084
f 2150/2433/2049 2152/2435/2051 2190/2473/2084
f 2190/2473/2084 2152/2435/2051 2189/2472/2083
f 2152/2435/2051 2196/2479/2087 2189/2472/2083
f 2189/2472/2083 2196/2479/2087 2187/2470/2082
f 2187/2470/2082 2196/2479/2087 2185/2468/2080
f 2196/2479/2087 2197/2480/2088 2185/2468/2080
f 2185/2468/2080 2197/2480/2088 2183/2481/2078
f 2197/2480/2088 2199/2482/2089 2183/2481/2078
f 2183/2481/2078 2199/2482/2089 2182/2465/2077
f 2199/2482/2089 2180/2463/2075 2182/2465/2077
f 2180/2463/2075 2199/2483/2089 2181/2484/2076
f 2181/2484/2076 2199/2483/2089 2192/2475/2086
f 2199/2483/2089 2197/2480/2088 2192/2475/2086
f 2192/2475/2086 2197/2480/2088 2153/2436/2052
f 2197/2480/2088 2196/2479/2087 2153/2436/2052
f 2153/2436/2052 2196/2479/2087 2152/2435/2051
f 2153/2436/2052 2154/2437/2053 2192/2475/2086
f 2202/2485/2090 2203/2486/2091 2210/2487/2092
f 2210/2487/2092 2203/2486/2091 2205/2488/2093
f 2203/2486/2091 2206/2489/2094 2205/2488/2093
f 2206/2489/2094 2207/2490/2095 2205/2488/2093
f 2207/2490/2095 2208/2491/2096 2205/2488/2093
f 2208/2491/2096 2209/2492/2097 2205/2488/2093
f 2205/2488/2093 2209/2492/2097 2210/2493/2092
f 2209/2492/2097 2227/2494/2098 2210/2493/2092
f 2210/2493/2092 2227/2494/2098 2212/2495/2099
f 2227/2494/2098 2275/2496/2100 2212/2495/2099
f 2275/2496/2100 2214/2497/2101 2212/2495/2099
f 2214/2497/2101 2215/2498/2102 2212/2495/2099
f 2212/2495/2099 2215/2498/2102 2202/2485/2090
f 2215/2498/2102 2216/2499/2103 2202/2485/2090
f 2216/2499/2103 2217/2500/2104 2202/2485/2090
f 2202/2485/2090 2217/2500/2104 2203/2501/2091
f 2217/2500/2104 2276/2502/2105 2203/2501/2091
f 2203/2501/2091 2276/2502/2105 2206/2489/2094
f 2276/2502/2105 2226/2503/2106 2206/2489/2094
f 2226/2503/2106 2221/2504/2107 2206/2489/2094
f 2206/2489/2094 2221/2504/2107 2207/2490/2095
f 2221/2504/2107 2222/2505/2108 2207/2490/2095
f 2222/2505/2108 2223/2506/2109 2207/2490/2095
f 2207/2490/2095 2223/2506/2109 2208/2491/2096
f 2223/2506/2109 2224/2507/2110 2208/2491/2096
f 2224/2507/2110 2225/2508/2111 2208/2491/2096
f 2208/2491/2096 2225/2508/2111 2209/2492/2097
f 2225/2508/2111 2226/2509/2106 2209/2492/2097
f 2209/2492/2097 2226/2509/2106 2227/2510/2098
f 2202/2485/2090 2210/2487/2092 2212/2495/2099
f 2226/2509/2106 2225/2508/2111 2221/2504/2107
f 2225/2508/2111 2228/2511/2112 2221/2504/2107
f 2221/2504/2107 2228/2511/2112 2222/2505/2108
f 2228/2511/2112 2229/2512/2113 2222/2505/2108
f 2222/2505/2108 2229/2512/2113 2230/2513/2114
f 2229/2512/2113 2231/2514/2115 2230/2513/2114
f 2231/2514/2115 2232/2515/2116 2230/2513/2114
f 2232/2515/2116 2233/2516/2117 2230/2513/2114
f 2230/2513/2114 2233/2516/2117 2223/2506/2109
f 2223/2506/2109 2233/2516/2117 2224/2507/2110
f 2233/2516/2117 2234/2517/2118 2224/2507/2110
f 2224/2507/2110 2234/2517/2118 2228/2518/2112
f 2228/2518/2112 2234/2517/2118 2229/2512/2113
f 2234/2517/2118 2241/2519/2119 2229/2512/2113
f 2229/2512/2113 2241/2519/2119 2231/2514/2115
f 2222/2505/2108 2230/2513/2114 2223/2506/2109
f 2224/2507/2110 2228/2518/2112 2225/2508/2111
f 2234/2517/2118 2233/2516/2117 2237/2520/2120
f 2233/2516/2117 2232/2515/2116 2237/2520/2120
f 2237/2520/2120 2232/2515/2116 2238/2521/2121
f 2238/2521/2121 2232/2515/2116 2239/2522/2122
f 2232/2515/2116 2231/2514/2115 2239/2522/2122
f 2239/2522/2122 2231/2514/2115 2240/2523/2123
f 2231/2514/2115 2241/2519/2119 2240/2523/2123
f 2234/2517/2118 2237/2520/2120 2241/2524/2119
f 2237/2520/2120 2242/2525/2124 2241/2524/2119
f 2241/2524/2119 2242/2525/2124 2240/2523/2123
f 2242/2525/2124 2249/2526/2125 2240/2523/2123
f 2240/2523/2123 2249/2526/2125 2244/2527/2126
f 2249/2526/2125 2245/2528/2127 2244/2527/2126
f 2245/2528/2127 2246/2529/2128 2244/2527/2126
f 2246/2529/2128 2247/2530/2129 2244/2527/2126
f 2244/2527/2126 2247/2530/2129 2239/2522/2122
f 2239/2522/2122 2247/2530/2129 2238/2521/2121
f 2247/2530/2129 2248/2531/2130 2238/2521/2121
f 2238/2521/2121 2248/2531/2130 2242/2525/2124
f 2242/2525/2124 2248/2531/2130 2249/2532/2125
f 2248/2531/2130 2250/2533/2131 2249/2532/2125
f 2249/2532/2125 2250/2533/2131 2245/2528/2127
f 2238/2521/2121 2242/2525/2124 2237/2520/2120
f 2240/2523/2123 2244/2527/2126 2239/2522/2122
f 2250/2533/2131 2248/2531/2130 2251/2534/2132
f 2248/2531/2130 2247/2530/2129 2251/2534/2132
f 2247/2530/2129 2246/2529/2128 2251/2534/2132
f 2251/2534/2132 2246/2529/2128 2252/2535/2133
f 2246/2529/2128 2253/2536/2134 2252/2535/2133
f 2252/2535/2133 2253/2536/2134 2254/2537/2135
f 2254/2537/2135 2253/2536/2134 2255/2538/2136
f 2255/2538/2136 2253/2536/2134 2260/2539/2137
f 2253/2536/2134 2245/2528/2127 2260/2539/2137
f 2260/2539/2137 2245/2528/2127 2250/2533/2131
f 2245/2528/2127 2253/2536/2134 2246/2529/2128
f 2251/2534/2132 2252/2535/2133 2257/2540/2138
f 2252/2535/2133 2258/2541/2139 2257/2540/2138
f 2258/2541/2139 2259/2542/2140 2257/2540/2138
f 2257/2540/2138 2259/2542/2140 2260/2543/2137
f 2260/2543/2137 2259/2542/2140 2255/2538/2136
f 2259/2542/2140 2269/2544/2141 2255/2538/2136
f 2255/2538/2136 2269/2544/2141 2262/2545/2142
f 2269/2544/2141 2263/2546/2143 2262/2545/2142
f 2252/2535/2133 2254/2537/2135 2258/2541/2139
f 2258/2541/2139 2254/2537/2135 2264/2547/2144
f 2254/2537/2135 2262/2545/2142 2264/2547/2144
f 2264/2547/2144 2262/2545/2142 2265/2548/2145
f 2262/2545/2142 2263/2546/2143 2265/2548/2145
f 2265/2548/2145 2263/2546/2143 2266/2549/2146
f 2266/2549/2146 2263/2546/2143 2267/2550/2147
f 2267/2550/2147 2263/2546/2143 2268/2551/2148
f 2263/2546/2143 2269/2552/2141 2268/2551/2148
f 2268/2551/2148 2269/2552/2141 2270/2553/2149
f 2269/2552/2141 2259/2542/2140 2270/2553/2149
f 2259/2542/2140 2258/2541/2139 2270/2553/2149
f 2258/2541/2139 2264/2547/2144 2270/2553/2149
f 2270/2553/2149 2264/2547/2144 2271/2554/2150
f 2264/2547/2144 2265/2548/2145 2271/2554/2150
f 2251/2534/2132 2257/2540/2138 2250/2533/2131
f 2257/2540/2138 2260/2543/2137 2250/2533/2131
f 2255/2538/2136 2262/2545/2142 2254/2537/2135
f 2270/2553/2149 2271/2554/2150 2268/2551/2148
f 2271/2554/2150 2272/2555/2151 2268/2551/2148
f 2268/2551/2148 2272/2555/2151 2267/2556/2147
f 2272/2555/2151 2214/2497/2101 2267/2556/2147
f 2267/2556/2147 2214/2497/2101 2274/2557/2152
f 2214/2497/2101 2275/2558/2100 2274/2557/2152
f 2274/2557/2152 2275/2558/2100 2217/2500/2104
f 2275/2558/2100 2276/2559/2105 2217/2500/2104
f 2217/2500/2104 2216/2499/2103 2274/2557/2152
f 2216/2499/2103 2266/2549/2146 2274/2557/2152
f 2274/2557/2152 2266/2549/2146 2267/2550/2147
f 2214/2497/2101 2272/2555/2151 2215/2498/2102
f 2215/2498/2102 2272/2555/2151 2277/2560/2153
f 2272/2555/2151 2271/2554/2150 2277/2560/2153
f 2271/2554/2150 2265/2548/2145 2277/2560/2153
f 2265/2548/2145 2266/2549/2146 2277/2560/2153
f 2266/2549/2146 2216/2499/2103 2277/2560/2153
f 2277/2560/2153 2216/2499/2103 2215/2498/2102
f 2275/2496/2100 2227/2510/2098 2276/2559/2105
f 2276/2559/2105 2227/2510/2098 2226/2503/2106
f 2278/2561/2154 2279/2562/2155 2280/2563/2156
f 2280/2563/2156 2279/2562/2155 2281/2564/2157
f 2282/2565/2158 2283/2566/2159 2284/2567/2160
f 2283/2566/2159 2285/2568/2161 2284/2567/2160
f 2284/2567/2160 2285/2568/2161 2286/2569/2162
f 2285/2568/2161 2287/2570/2163 2286/2569/2162
f 2280/2563/2156 2288/2571/2164 2278/2561/2154
f 2278/2561/2154 2288/2571/2164 2289/2572/2165
f 2288/2571/2164 2284/2567/2160 2289/2572/2165
f 2289/2572/2165 2284/2567/2160 2286/2569/2162
f 2284/2567/2160 2288/2573/2164 2282/2574/2158
f 2282/2574/2158 2288/2573/2164 2292/2575/2166
f 2288/2573/2164 2280/2563/2156 2292/2575/2166
f 2292/2575/2166 2280/2563/2156 2293/2576/2167
f 2280/2563/2156 2281/2564/2157 2293/2576/2167
f 2293/2576/2167 2281/2564/2157 2294/2577/2168
f 2294/2577/2168 2281/2564/2157 2295/2578/2169
f 2281/2564/2157 2296/2579/2170 2295/2578/2169
f 2295/2578/2169 2296/2579/2170 2297/2580/2171
f 2297/2580/2171 2296/2579/2170 2301/2581/2172
f 2296/2579/2170 2299/2582/2173 2301/2581/2172
f 2301/2581/2172 2299/2582/2173 2292/2575/2166
f 2299/2582/2173 2282/2583/2158 2292/2575/2166
f 2292/2575/2166 2293/2576/2167 2301/2584/2172
f 2293/2576/2167 2302/2585/2174 2301/2584/2172
f 2301/2584/2172 2302/2585/2174 2297/2580/2171
f 2302/2585/2174 2293/2576/2167 2294/2577/2168
f 2281/2564/2157 2279/2562/2155 2296/2579/2170
f 2296/2579/2170 2279/2562/2155 2299/2582/2173
f 2299/2582/2173 2279/2562/2155 2313/2586/2175
f 2279/2562/2155 2278/2587/2154 2313/2586/2175
f 2313/2586/2175 2278/2587/2154 2305/2588/2176
f 2278/2587/2154 2289/2572/2165 2305/2588/2176
f 2305/2588/2176 2289/2572/2165 2306/2589/2177
f 2289/2572/2165 2286/2569/2162 2306/2589/2177
f 2306/2589/2177 2286/2569/2162 2307/2590/2178
f 2286/2569/2162 2287/2570/2163 2307/2590/2178
f 2307/2590/2178 2287/2570/2163 2308/2591/2179
f 2308/2591/2179 2287/2570/2163 2318/2592/2180
f 2318/2592/2180 2287/2570/2163 2310/2593/2181
f 2287/2570/2163 2285/2594/2161 2310/2593/2181
f 2310/2593/2181 2285/2594/2161 2312/2595/2182
f 2285/2594/2161 2283/2566/2159 2312/2595/2182
f 2312/2595/2182 2283/2566/2159 2305/2588/2176
f 2305/2588/2176 2283/2566/2159 2313/2596/2175
f 2283/2566/2159 2282/2597/2158 2313/2596/2175
f 2313/2596/2175 2282/2597/2158 2299/2582/2173
f 2305/2588/2176 2306/2589/2177 2312/2595/2182
f 2312/2595/2182 2306/2589/2177 2315/2598/2183
f 2306/2589/2177 2307/2590/2178 2315/2598/2183
f 2315/2598/2183 2307/2590/2178 2316/2599/2184
f 2307/2590/2178 2308/2591/2179 2316/2599/2184
f 2312/2595/2182 2315/2598/2183 2310/2593/2181
f 2315/2598/2183 2317/2600/2185 2310/2593/2181
f 2310/2593/2181 2317/2600/2185 2318/2601/2180
f 2317/2600/2185 2319/2602/2186 2318/2601/2180
f 2318/2601/2180 2319/2602/2186 2320/2603/2187
f 2315/2598/2183 2316/2599/2184 2317/2600/2185
f 2317/2600/2185 2316/2599/2184 2321/2604/2188
f 2321/2604/2188 2316/2599/2184 2322/2605/2189
f 2316/2599/2184 2308/2591/2179 2322/2605/2189
f 2322/2605/2189 2308/2591/2179 2320/2603/2187
f 2308/2591/2179 2318/2592/2180 2320/2603/2187
f 2321/2604/2188 2319/2602/2186 2317/2600/2185
f 2322/2605/2189 2320/2603/2187 2323/2606/2190
f 2323/2606/2190 2320/2603/2187 2324/2607/2191
f 2320/2603/2187 2319/2602/2186 2324/2607/2191
f 2324/2607/2191 2325/2608/2192 2323/2606/2190
f 2325/2608/2192 2326/2609/2193 2323/2606/2190
f 2326/2609/2193 2327/2610/2194 2323/2606/2190
f 2323/2606/2190 2327/2610/2194 2322/2605/2189
f 2322/2605/2189 2327/2610/2194 2321/2604/2188
f 2327/2610/2194 2328/2611/2195 2321/2604/2188
f 2321/2604/2188 2328/2611/2195 2319/2602/2186
f 2319/2602/2186 2328/2611/2195 2324/2612/2191
f 2328/2611/2195 2330/2613/2196 2324/2612/2191
f 2324/2612/2191 2330/2613/2196 2325/2608/2192
f 2330/2613/2196 2328/2611/2195 2331/2614/2197
f 2328/2611/2195 2327/2610/2194 2331/2614/2197
f 2327/2610/2194 2326/2609/2193 2331/2614/2197
f 2331/2614/2197 2326/2609/2193 2332/2615/2198
f 2326/2609/2193 2333/2616/2199 2332/2615/2198
f 2332/2615/2198 2333/2616/2199 2334/2617/2200
f 2334/2617/2200 2333/2616/2199 2335/2618/2201
f 2335/2618/2201 2333/2616/2199 2336/2619/2202
f 2333/2616/2199 2325/2608/2192 2336/2619/2202
f 2336/2619/2202 2325/2608/2192 2330/2613/2196
f 2325/2608/2192 2333/2616/2199 2326/2609/2193
f 2331/2614/2197 2332/2615/2198 2337/2620/2203
f 2332/2615/2198 2338/2621/2204 2337/2620/2203
f 2338/2621/2204 2339/2622/2205 2337/2620/2203
f 2337/2620/2203 2339/2622/2205 2336/2623/2202
f 2336/2623/2202 2339/2622/2205 2335/2618/2201
f 2339/2622/2205 2341/2624/2206 2335/2618/2201
f 2335/2618/2201 2341/2624/2206 2342/2625/2207
f 2341/2624/2206 2343/2626/2208 2342/2625/2207
f 2332/2615/2198 2334/2617/2200 2338/2621/2204
f 2338/2621/2204 2334/2617/2200 2344/2627/2209
f 2334/2617/2200 2342/2625/2207 2344/2627/2209
f 2344/2627/2209 2342/2625/2207 2345/2628/2210
f 2342/2625/2207 2343/2626/2208 2345/2628/2210
f 2345/2628/2210 2343/2626/2208 2346/2629/2211
f 2346/2629/2211 2343/2626/2208 2347/2630/2212
f 2347/2630/2212 2343/2626/2208 2348/2631/2213
f 2343/2626/2208 2341/2632/2206 2348/2631/2213
f 2348/2631/2213 2341/2632/2206 2350/2633/2214
f 2341/2632/2206 2339/2622/2205 2350/2633/2214
f 2339/2622/2205 2338/2621/2204 2350/2633/2214
f 2338/2621/2204 2344/2627/2209 2350/2633/2214
f 2350/2633/2214 2344/2627/2209 2351/2634/2215
f 2344/2627/2209 2345/2628/2210 2351/2634/2215
f 2331/2614/2197 2337/2620/2203 2330/2613/2196
f 2337/2620/2203 2336/2623/2202 2330/2613/2196
f 2335/2618/2201 2342/2625/2207 2334/2617/2200
f 2350/2633/2214 2351/2634/2215 2348/2631/2213
f 2348/2631/2213 2351/2634/2215 2352/2635/2216
f 2351/2634/2215 2353/2636/2217 2352/2635/2216
f 2353/2636/2217 2295/2578/2169 2352/2635/2216
f 2295/2578/2169 2297/2580/2171 2352/2635/2216
f 2352/2635/2216 2297/2580/2171 2347/2637/2212
f 2297/2580/2171 2302/2585/2174 2347/2637/2212
f 2352/2635/2216 2347/2637/2212 2348/2631/2213
f 2351/2634/2215 2345/2628/2210 2353/2636/2217
f 2345/2628/2210 2346/2629/2211 2353/2636/2217
f 2353/2636/2217 2346/2629/2211 2294/2577/2168
f 2294/2577/2168 2346/2629/2211 2302/2585/2174
f 2346/2629/2211 2347/2630/2212 2302/2585/2174
f 2294/2577/2168 2295/2578/2169 2353/2636/2217
f 2368/2638/2218 2356/2639/2219 2357/2640/2220
f 2357/2640/2220 2356/2639/2219 2358/2641/2221
f 2356/2639/2219 2359/2642/2222 2358/2641/2221
f 2358/2641/2221 2359/2642/2222 2360/2643/2223
f 2360/2643/2223 2359/2642/2222 2361/2644/2224
f 2361/2644/2224 2359/2642/2222 2362/2645/2225
f 2359/2642/2222 2366/2646/2226 2362/2645/2225
f 2362/2645/2225 2366/2646/2226 2364/2647/2227
f 2366/2646/2226 2371/2648/2228 2364/2647/2227
f 2359/2642/2222 2356/2639/2219 2366/2649/2226
f 2366/2649/2226 2356/2639/2219 2373/2650/2229
f 2356/2651/2219 2368/2652/2218 2373/2653/2229
f 2369/2654/2230 2357/2640/2220 2364/2647/2227
f 2357/2640/2220 2370/2655/2231 2364/2647/2227
f 2364/2647/2227 2370/2655/2231 2362/2645/2225
f 2364/2656/2227 2371/2657/2228 2369/2658/2230
f 2369/2659/2230 2371/2660/2228 2368/2661/2218
f 2368/2661/2218 2371/2660/2228 2373/2662/2229
f 2371/2663/2228 2366/2664/2226 2373/2665/2229
f 2368/2666/2218 2357/2667/2220 2369/2668/2230
f 2357/2640/2220 2358/2641/2221 2370/2655/2231
f 2370/2655/2231 2358/2641/2221 2374/2669/2232
f 2358/2641/2221 2360/2643/2223 2374/2669/2232
f 2370/2655/2231 2375/2670/2233 2362/2645/2225
f 2362/2645/2225 2375/2670/2233 2361/2671/2224
f 2375/2670/2233 2377/2672/2234 2361/2671/2224
f 2361/2671/2224 2377/2672/2234 2378/2673/2235
f 2370/2655/2231 2374/2669/2232 2375/2670/2233
f 2375/2670/2233 2374/2669/2232 2379/2674/2236
f 2379/2674/2236 2374/2669/2232 2380/2675/2237
f 2374/2669/2232 2360/2643/2223 2380/2675/2237
f 2380/2675/2237 2360/2643/2223 2378/2673/2235
f 2360/2643/2223 2361/2644/2224 2378/2673/2235
f 2379/2674/2236 2377/2672/2234 2375/2670/2233
f 2381/2676/2238 2382/2677/2239 2383/2678/2240
f 2382/2677/2239 2384/2679/2241 2383/2678/2240
f 2384/2679/2241 2385/2680/2242 2383/2678/2240
f 2383/2678/2240 2385/2680/2242 2386/2681/2243
f 2386/2681/2243 2385/2680/2242 2387/2682/2244
f 2385/2680/2242 2388/2683/2245 2387/2682/2244
f 2387/2682/2244 2388/2683/2245 2389/2684/2246
f 2389/2684/2246 2388/2683/2245 2381/2685/2238
f 2388/2683/2245 2391/2686/2247 2381/2685/2238
f 2381/2685/2238 2391/2686/2247 2382/2677/2239
f 2389/2684/2246 2381/2676/2238 2392/2687/2248
f 2381/2676/2238 2383/2678/2240 2392/2687/2248
f 2392/2687/2248 2383/2678/2240 2386/2681/2243
f 2393/2688/2249 2394/2689/2250 2395/2690/2251
f 2395/2690/2251 2394/2689/2250 2384/2679/2241
f 2394/2689/2250 2396/2691/2252 2384/2679/2241
f 2384/2679/2241 2396/2691/2252 2385/2680/2242
f 2385/2680/2242 2396/2691/2252 2388/2683/2245
f 2388/2683/2245 2396/2691/2252 2391/2686/2247
f 2396/2691/2252 2397/2692/2253 2391/2686/2247
f 2391/2686/2247 2397/2692/2253 2401/2693/2254
f 2401/2693/2254 2397/2692/2253 2406/2694/2255
f 2397/2695/2253 2403/2696/2256 2406/2697/2255
f 2384/2679/2241 2382/2677/2239 2395/2690/2251
f 2382/2677/2239 2401/2698/2254 2395/2690/2251
f 2395/2690/2251 2401/2698/2254 2405/2699/2257
f 2391/2686/2247 2401/2698/2254 2382/2677/2239
f 2396/2691/2252 2394/2689/2250 2397/2692/2253
f 2394/2689/2250 2403/2700/2256 2397/2692/2253
f 2394/2701/2250 2393/2702/2249 2403/2703/2256
f 2393/2704/2249 2405/2705/2257 2403/2706/2256
f 2403/2706/2256 2405/2705/2257 2406/2707/2255
f 2405/2708/2257 2401/2709/2254 2406/2710/2255
f 2405/2711/2257 2393/2712/2249 2395/2713/2251
f 2407/2714/2258 2408/2715/2259 2409/2716/2260
f 2409/2716/2260 2408/2715/2259 2410/2717/2261
f 2408/2715/2259 2411/2718/2262 2410/2717/2261
f 2410/2717/2261 2411/2718/2262 2412/2719/2263
f 2412/2719/2263 2411/2718/2262 2413/2720/2264
f 2413/2720/2264 2411/2718/2262 2414/2721/2265
f 2414/2721/2265 2411/2718/2262 2415/2722/2266
f 2411/2718/2262 2408/2723/2259 2415/2722/2266
f 2415/2722/2266 2408/2723/2259 2417/2724/2267
f 2408/2723/2259 2407/2714/2258 2417/2724/2267
f 2417/2724/2267 2407/2714/2258 2418/2725/2268
f 2407/2714/2258 2419/2726/2269 2418/2725/2268
f 2418/2725/2268 2419/2726/2269 2420/2727/2270
f 2420/2727/2270 2419/2726/2269 2421/2728/2271
f 2421/2728/2271 2419/2726/2269 2422/2729/2272
f 2422/2729/2272 2419/2726/2269 2443/2730/2273
f 2419/2726/2269 2407/2714/2258 2443/2730/2273
f 2443/2730/2273 2407/2714/2258 2409/2716/2260
f 2420/2727/2270 2424/2731/2274 2418/2725/2268
f 2424/2731/2274 2425/2732/2275 2418/2725/2268
f 2418/2725/2268 2425/2732/2275 2417/2724/2267
f 2425/2732/2275 2426/2733/2276 2417/2724/2267
f 2417/2724/2267 2426/2733/2276 2415/2722/2266
f 2426/2733/2276 2427/2734/2277 2415/2722/2266
f 2415/2722/2266 2427/2734/2277 2414/2735/2265
f 2427/2734/2277 2429/2736/2278 2414/2735/2265
f 2414/2735/2265 2429/2736/2278 2430/2737/2279
f 2429/2736/2278 2431/2738/2280 2430/2737/2279
f 2430/2737/2279 2431/2738/2280 2432/2739/2281
f 2431/2738/2280 2433/2740/2282 2432/2739/2281
f 2432/2739/2281 2433/2740/2282 2434/2741/2283
f 2434/2741/2283 2433/2740/2282 2435/2742/2284
f 2435/2742/2284 2433/2740/2282 2467/2743/2285
f 2467/2743/2285 2433/2740/2282 2437/2744/2286
f 2433/2740/2282 2431/2745/2280 2437/2744/2286
f 2437/2744/2286 2431/2745/2280 2439/2746/2287
f 2431/2745/2280 2429/2736/2278 2439/2746/2287
f 2439/2746/2287 2429/2736/2278 2440/2747/2288
f 2429/2736/2278 2427/2734/2277 2440/2747/2288
f 2440/2747/2288 2427/2734/2277 2441/2748/2289
f 2427/2734/2277 2426/2733/2276 2441/2748/2289
f 2441/2748/2289 2426/2733/2276 2412/2719/2263
f 2426/2733/2276 2425/2732/2275 2412/2719/2263
f 2412/2719/2263 2425/2732/2275 2410/2717/2261
f 2425/2732/2275 2424/2731/2274 2410/2717/2261
f 2410/2717/2261 2424/2731/2274 2409/2716/2260
f 2424/2731/2274 2442/2749/2290 2409/2716/2260
f 2409/2716/2260 2442/2749/2290 2443/2750/2273
f 2442/2749/2290 2444/2751/2291 2443/2750/2273
f 2443/2750/2273 2444/2751/2291 2422/2729/2272
f 2444/2751/2291 2445/2752/2292 2422/2729/2272
f 2422/2729/2272 2445/2752/2292 2446/2753/2293
f 2445/2752/2292 2447/2754/2294 2446/2753/2293
f 2424/2731/2274 2420/2727/2270 2442/2749/2290
f 2420/2727/2270 2448/2755/2295 2442/2749/2290
f 2442/2749/2290 2448/2755/2295 2444/2751/2291
f 2420/2727/2270 2421/2728/2271 2448/2755/2295
f 2448/2755/2295 2421/2728/2271 2449/2756/2296
f 2421/2728/2271 2446/2753/2293 2449/2756/2296
f 2449/2756/2296 2446/2753/2293 2450/2757/2297
f 2446/2753/2293 2447/2754/2294 2450/2757/2297
f 2450/2757/2297 2447/2754/2294 2451/2758/2298
f 2451/2758/2298 2447/2754/2294 2452/2759/2299
f 2452/2759/2299 2447/2754/2294 2453/2760/2300
f 2447/2754/2294 2445/2761/2292 2453/2760/2300
f 2453/2760/2300 2445/2761/2292 2455/2762/2301
f 2445/2761/2292 2444/2751/2291 2455/2762/2301
f 2444/2751/2291 2448/2755/2295 2455/2762/2301
f 2448/2755/2295 2449/2756/2296 2455/2762/2301
f 2455/2762/2301 2449/2756/2296 2456/2763/2302
f 2449/2756/2296 2450/2757/2297 2456/2763/2302
f 2456/2763/2302 2450/2757/2297 2457/2764/2303
f 2450/2757/2297 2451/2758/2298 2457/2764/2303
f 2457/2764/2303 2451/2758/2298 2458/2765/2304
f 2451/2758/2298 2459/2766/2305 2458/2765/2304
f 2458/2765/2304 2459/2766/2305 2474/2767/2306
f 2459/2766/2305 2483/2768/2307 2474/2767/2306
f 2474/2767/2306 2483/2768/2307 2462/2769/2308
f 2422/2729/2272 2446/2753/2293 2421/2728/2271
f 2455/2762/2301 2456/2763/2302 2453/2760/2300
f 2456/2763/2302 2463/2770/2309 2453/2760/2300
f 2453/2760/2300 2463/2770/2309 2452/2771/2299
f 2457/2764/2303 2463/2770/2309 2456/2763/2302
f 2452/2759/2299 2459/2766/2305 2451/2758/2298
f 2483/2772/2307 2466/2773/2310 2462/2769/2308
f 2466/2773/2310 2467/2774/2285 2462/2769/2308
f 2462/2769/2308 2467/2774/2285 2468/2775/2311
f 2467/2774/2285 2437/2744/2286 2468/2775/2311
f 2468/2775/2311 2437/2744/2286 2469/2776/2312
f 2437/2744/2286 2439/2746/2287 2469/2776/2312
f 2469/2776/2312 2439/2746/2287 2470/2777/2313
f 2439/2746/2287 2440/2747/2288 2470/2777/2313
f 2470/2777/2313 2440/2747/2288 2471/2778/2314
f 2440/2747/2288 2441/2748/2289 2471/2778/2314
f 2471/2778/2314 2441/2748/2289 2413/2720/2264
f 2441/2748/2289 2412/2719/2263 2413/2720/2264
f 2414/2721/2265 2430/2737/2279 2413/2720/2264
f 2413/2720/2264 2430/2737/2279 2471/2778/2314
f 2430/2737/2279 2432/2739/2281 2471/2778/2314
f 2471/2778/2314 2432/2739/2281 2470/2777/2313
f 2432/2739/2281 2434/2741/2283 2470/2777/2313
f 2470/2777/2313 2434/2741/2283 2469/2776/2312
f 2434/2741/2283 2472/2779/2315 2469/2776/2312
f 2469/2776/2312 2472/2779/2315 2468/2775/2311
f 2472/2779/2315 2473/2780/2316 2468/2775/2311
f 2468/2775/2311 2473/2780/2316 2462/2769/2308
f 2462/2769/2308 2473/2780/2316 2474/2781/2306
f 2473/2780/2316 2480/2782/2317 2474/2781/2306
f 2474/2781/2306 2480/2782/2317 2458/2765/2304
f 2480/2782/2317 2476/2783/2318 2458/2765/2304
f 2458/2765/2304 2476/2783/2318 2457/2764/2303
f 2457/2764/2303 2476/2783/2318 2463/2770/2309
f 2476/2783/2318 2477/2784/2319 2463/2770/2309
f 2463/2770/2309 2477/2784/2319 2452/2771/2299
f 2452/2771/2299 2477/2784/2319 2459/2766/2305
f 2477/2784/2319 2483/2785/2307 2459/2766/2305
f 2434/2741/2283 2435/2742/2284 2472/2779/2315
f 2435/2742/2284 2479/2786/2320 2472/2779/2315
f 2472/2779/2315 2479/2786/2320 2473/2780/2316
f 2473/2780/2316 2479/2786/2320 2480/2787/2317
f 2479/2786/2320 2481/2788/2321 2480/2787/2317
f 2480/2787/2317 2481/2788/2321 2476/2783/2318
f 2481/2788/2321 2477/2784/2319 2476/2783/2318
f 2467/2743/2285 2466/2773/2310 2435/2742/2284
f 2435/2742/2284 2466/2773/2310 2479/2786/2320
f 2479/2786/2320 2466/2773/2310 2481/2789/2321
f 2466/2773/2310 2483/2790/2307 2481/2789/2321
f 2481/2789/2321 2483/2790/2307 2477/2784/2319
f 2484/2791/2322 2485/2792/2323 2502/2793/2324
f 2502/2793/2324 2485/2792/2323 2487/2794/2325
f 2485/2792/2323 2488/2795/2326 2487/2794/2325
f 2488/2795/2326 2489/2796/2327 2487/2794/2325
f 2487/2794/2325 2489/2796/2327 2500/2797/2328
f 2489/2796/2327 2491/2798/2329 2500/2797/2328
f 2500/2797/2328 2491/2798/2329 2492/2799/2330
f 2491/2798/2329 2526/2800/2331 2492/2799/2330
f 2492/2799/2330 2526/2800/2331 2494/2801/2332
f 2526/2800/2331 2495/2802/2333 2494/2801/2332
f 2495/2802/2333 2496/2803/2334 2494/2801/2332
f 2496/2803/2334 2497/2804/2335 2494/2801/2332
f 2497/2804/2335 2498/2805/2336 2494/2801/2332
f 2494/2801/2332 2498/2805/2336 2492/2799/2330
f 2498/2805/2336 2499/2806/2337 2492/2799/2330
f 2492/2799/2330 2499/2806/2337 2500/2807/2328
f 2499/2806/2337 2501/2808/2338 2500/2807/2328
f 2500/2807/2328 2501/2808/2338 2487/2794/2325
f 2501/2808/2338 2502/2809/2324 2487/2794/2325
f 2499/2806/2337 2503/2810/2339 2501/2808/2338
f 2501/2808/2338 2503/2810/2339 2514/2811/2340
f 2503/2810/2339 2505/2812/2341 2514/2811/2340
f 2514/2811/2340 2505/2812/2341 2506/2813/2342
f 2505/2812/2341 2507/2814/2343 2506/2813/2342
f 2507/2814/2343 2508/2815/2344 2506/2813/2342
f 2508/2815/2344 2509/2816/2345 2506/2813/2342
f 2506/2813/2342 2509/2816/2345 2510/2817/2346
f 2510/2817/2346 2509/2816/2345 2511/2818/2347
f 2509/2816/2345 2512/2819/2348 2511/2818/2347
f 2511/2818/2347 2512/2819/2348 2513/2820/2349
f 2506/2813/2342 2510/2817/2346 2514/2821/2340
f 2510/2817/2346 2502/2822/2324 2514/2821/2340
f 2514/2821/2340 2502/2822/2324 2501/2808/2338
f 2512/2819/2348 2509/2816/2345 2516/2823/2350
f 2509/2816/2345 2508/2815/2344 2516/2823/2350
f 2516/2823/2350 2508/2815/2344 2517/2824/2351
f 2508/2815/2344 2518/2825/2352 2517/2824/2351
f 2517/2824/2351 2518/2825/2352 2513/2820/2349
f 2513/2820/2349 2518/2825/2352 2511/2826/2347
f 2518/2825/2352 2484/2791/2322 2511/2826/2347
f 2511/2826/2347 2484/2791/2322 2510/2817/2346
f 2484/2791/2322 2502/2827/2324 2510/2817/2346
f 2508/2815/2344 2507/2814/2343 2518/2825/2352
f 2518/2825/2352 2507/2814/2343 2484/2791/2322
f 2484/2791/2322 2507/2814/2343 2485/2828/2323
f 2507/2814/2343 2505/2829/2341 2485/2828/2323
f 2485/2828/2323 2505/2829/2341 2488/2795/2326
f 2505/2829/2341 2503/2810/2339 2488/2795/2326
f 2488/2795/2326 2503/2810/2339 2523/2830/2353
f 2503/2810/2339 2499/2806/2337 2523/2830/2353
f 2499/2806/2337 2498/2805/2336 2523/2830/2353
f 2523/2830/2353 2498/2805/2336 2524/2831/2354
f 2498/2805/2336 2497/2804/2335 2524/2831/2354
f 2497/2804/2335 2525/2832/2355 2524/2831/2354
f 2524/2831/2354 2525/2832/2355 2491/2798/2329
f 2491/2798/2329 2525/2832/2355 2526/2833/2331
f 2525/2832/2355 2527/2834/2356 2526/2833/2331
f 2526/2833/2331 2527/2834/2356 2495/2802/2333
f 2488/2795/2326 2523/2830/2353 2489/2796/2327
f 2523/2830/2353 2524/2831/2354 2489/2796/2327
f 2489/2796/2327 2524/2831/2354 2491/2798/2329
f 2527/2834/2356 2525/2832/2355 2528/2835/2357
f 2525/2832/2355 2497/2804/2335 2528/2835/2357
f 2497/2804/2335 2496/2803/2334 2528/2835/2357
f 2528/2835/2357 2496/2803/2334 2529/2836/2358
f 2496/2803/2334 2530/2837/2359 2529/2836/2358
f 2529/2836/2358 2530/2837/2359 2531/2838/2360
f 2531/2838/2360 2530/2837/2359 2532/2839/2361
f 2532/2839/2361 2530/2837/2359 2537/2840/2362
f 2530/2837/2359 2495/2802/2333 2537/2840/2362
f 2537/2840/2362 2495/2802/2333 2527/2834/2356
f 2495/2802/2333 2530/2837/2359 2496/2803/2334
f 2528/2835/2357 2529/2836/2358 2534/2841/2363
f 2529/2836/2358 2535/2842/2364 2534/2841/2363
f 2535/2842/2364 2536/2843/2365 2534/2841/2363
f 2534/2841/2363 2536/2843/2365 2537/2844/2362
f 2537/2844/2362 2536/2843/2365 2532/2839/2361
f 2536/2843/2365 2538/2845/2366 2532/2839/2361
f 2532/2839/2361 2538/2845/2366 2539/2846/2367
f 2538/2845/2366 2540/2847/2368 2539/2846/2367
f 2529/2836/2358 2531/2838/2360 2535/2842/2364
f 2535/2842/2364 2531/2838/2360 2541/2848/2369
f 2531/2838/2360 2539/2846/2367 2541/2848/2369
f 2541/2848/2369 2539/2846/2367 2542/2849/2370
f 2539/2846/2367 2540/2847/2368 2542/2849/2370
f 2542/2849/2370 2540/2847/2368 2543/2850/2371
f 2543/2850/2371 2540/2847/2368 2544/2851/2372
f 2544/2851/2372 2540/2847/2368 2545/2852/2373
f 2540/2847/2368 2538/2853/2366 2545/2852/2373
f 2545/2852/2373 2538/2853/2366 2547/2854/2374
f 2538/2853/2366 2536/2843/2365 2547/2854/2374
f 2536/2843/2365 2535/2842/2364 2547/2854/2374
f 2535/2842/2364 2541/2848/2369 2547/2854/2374
f 2547/2854/2374 2541/2848/2369 2548/2855/2375
f 2541/2848/2369 2542/2849/2370 2548/2855/2375
f 2528/2835/2357 2534/2841/2363 2527/2834/2356
f 2534/2841/2363 2537/2844/2362 2527/2834/2356
f 2532/2839/2361 2539/2846/2367 2531/2838/2360
f 2547/2854/2374 2548/2855/2375 2545/2852/2373
f 2545/2852/2373 2548/2855/2375 2549/2856/2376
f 2549/2856/2376 2548/2855/2375 2550/2857/2377
f 2548/2855/2375 2542/2849/2370 2550/2857/2377
f 2542/2849/2370 2543/2850/2371 2550/2857/2377
f 2550/2857/2377 2543/2850/2371 2551/2858/2378
f 2543/2850/2371 2552/2859/2379 2551/2858/2378
f 2551/2858/2378 2552/2859/2379 2553/2860/2380
f 2553/2860/2380 2552/2859/2379 2554/2861/2381
f 2554/2861/2381 2552/2859/2379 2555/2862/2382
f 2552/2859/2379 2544/2863/2372 2555/2862/2382
f 2555/2862/2382 2544/2863/2372 2549/2856/2376
f 2544/2863/2372 2545/2852/2373 2549/2856/2376
f 2544/2851/2372 2552/2859/2379 2543/2850/2371
f 2555/2862/2382 2549/2856/2376 2557/2864/2383
f 2549/2856/2376 2550/2857/2377 2557/2864/2383
f 2550/2857/2377 2551/2858/2378 2557/2864/2383
f 2557/2864/2383 2551/2858/2378 2558/2865/2384
f 2551/2858/2378 2553/2860/2380 2558/2865/2384
f 2558/2865/2384 2559/2866/2385 2557/2864/2383
f 2557/2864/2383 2559/2866/2385 2555/2862/2382
f 2555/2862/2382 2559/2866/2385 2554/2867/2381
f 2559/2866/2385 2513/2820/2349 2554/2867/2381
f 2554/2867/2381 2513/2820/2349 2512/2819/2348
f 2513/2820/2349 2559/2866/2385 2517/2824/2351
f 2559/2866/2385 2558/2865/2384 2517/2824/2351
f 2517/2824/2351 2558/2865/2384 2516/2823/2350
f 2558/2865/2384 2553/2860/2380 2516/2823/2350
f 2516/2823/2350 2553/2860/2380 2512/2819/2348
f 2553/2860/2380 2554/2861/2381 2512/2819/2348
f 2561/2868/2386 2562/2869/2387 2563/2870/2388
f 2562/2869/2387 2564/2871/2389 2563/2870/2388
f 2563/2870/2388 2580/2872/2390 2561/2868/2386
f 2561/2868/2386 2580/2872/2390 2566/2873/2391
f 2580/2872/2390 2567/2874/2392 2566/2873/2391
f 2567/2874/2392 2568/2875/2393 2566/2873/2391
f 2568/2875/2393 2569/2876/2394 2566/2873/2391
f 2569/2876/2394 2570/2877/2395 2566/2873/2391
f 2566/2873/2391 2570/2877/2395 2561/2878/2386
f 2570/2877/2395 2572/2879/2396 2561/2878/2386
f 2561/2878/2386 2572/2879/2396 2562/2869/2387
f 2572/2880/2396 2574/2881/2397 2562/2869/2387
f 2574/2881/2397 2590/2882/2398 2562/2869/2387
f 2562/2869/2387 2590/2882/2398 2564/2871/2389
f 2590/2882/2398 2576/2883/2399 2564/2871/2389
f 2576/2883/2399 2577/2884/2400 2564/2871/2389
f 2577/2884/2400 2578/2885/2401 2564/2871/2389
f 2564/2871/2389 2578/2885/2401 2563/2870/2388
f 2578/2885/2401 2579/2886/2402 2563/2870/2388
f 2563/2870/2388 2579/2886/2402 2580/2887/2390
f 2579/2886/2402 2581/2888/2403 2580/2887/2390
f 2580/2887/2390 2581/2888/2403 2567/2874/2392
f 2581/2888/2403 2582/2889/2404 2567/2874/2392
f 2567/2874/2392 2582/2889/2404 2583/2890/2405
f 2583/2890/2405 2582/2889/2404 2584/2891/2406
f 2584/2891/2406 2582/2889/2404 2570/2877/2395
f 2582/2889/2404 2572/2892/2396 2570/2877/2395
f 2583/2890/2405 2568/2875/2393 2567/2874/2392
f 2582/2889/2404 2581/2893/2403 2572/2894/2396
f 2572/2894/2396 2581/2893/2403 2574/2881/2397
f 2581/2893/2403 2579/2886/2402 2574/2881/2397
f 2574/2881/2397 2579/2886/2402 2588/2895/2407
f 2579/2886/2402 2578/2885/2401 2588/2895/2407
f 2588/2895/2407 2578/2885/2401 2589/2896/2408
f 2578/2885/2401 2577/2884/2400 2589/2896/2408
f 2574/2881/2397 2588/2895/2407 2590/2897/2398
f 2588/2895/2407 2591/2898/2409 2590/2897/2398
f 2590/2897/2398 2591/2898/2409 2576/2883/2399
f 2591/2898/2409 2592/2899/2410 2576/2883/2399
f 2576/2883/2399 2592/2899/2410 2593/2900/2411
f 2592/2899/2410 2594/2901/2412 2593/2900/2411
f 2588/2895/2407 2589/2896/2408 2591/2898/2409
f 2589/2896/2408 2595/2902/2413 2591/2898/2409
f 2591/2898/2409 2595/2902/2413 2592/2903/2410
f 2595/2902/2413 2597/2904/2414 2592/2903/2410
f 2592/2903/2410 2597/2904/2414 2594/2901/2412
f 2576/2883/2399 2593/2900/2411 2577/2884/2400
f 2577/2884/2400 2593/2900/2411 2598/2905/2415
f 2593/2900/2411 2599/2906/2416 2598/2905/2415
f 2599/2906/2416 2600/2907/2417 2598/2905/2415
f 2598/2905/2415 2600/2907/2417 2595/2902/2413
f 2600/2907/2417 2597/2904/2414 2595/2902/2413
f 2577/2884/2400 2598/2905/2415 2589/2896/2408
f 2598/2905/2415 2595/2902/2413 2589/2896/2408
f 2593/2900/2411 2594/2901/2412 2599/2906/2416
f 2594/2901/2412 2601/2908/2418 2599/2906/2416
f 2599/2906/2416 2601/2908/2418 2602/2909/2419
f 2602/2909/2419 2601/2908/2418 2603/2910/2420
f 2603/2910/2420 2601/2908/2418 2604/2911/2421
f 2604/2911/2421 2601/2908/2418 2609/2912/2422
f 2601/2908/2418 2594/2901/2412 2609/2912/2422
f 2609/2912/2422 2594/2901/2412 2597/2904/2414
f 2599/2906/2416 2602/2909/2419 2600/2907/2417
f 2600/2907/2417 2602/2909/2419 2606/2913/2423
f 2602/2909/2419 2607/2914/2424 2606/2913/2423
f 2607/2914/2424 2608/2915/2425 2606/2913/2423
f 2606/2913/2423 2608/2915/2425 2609/2916/2422
f 2608/2915/2425 2604/2911/2421 2609/2916/2422
f 2600/2907/2417 2606/2913/2423 2597/2904/2414
f 2606/2913/2423 2609/2916/2422 2597/2904/2414
f 2602/2909/2419 2603/2910/2420 2607/2914/2424
f 2603/2910/2420 2610/2917/2426 2607/2914/2424
f 2607/2914/2424 2610/2917/2426 2611/2918/2427
f 2610/2917/2426 2612/2919/2428 2611/2918/2427
f 2612/2919/2428 2613/2920/2429 2611/2918/2427
f 2611/2918/2427 2613/2920/2429 2616/2921/2430
f 2613/2920/2429 2615/2922/2431 2616/2921/2430
f 2607/2914/2424 2611/2918/2427 2608/2915/2425
f 2611/2918/2427 2616/2921/2430 2608/2915/2425
f 2608/2915/2425 2616/2923/2430 2604/2911/2421
f 2616/2923/2430 2617/2924/2432 2604/2911/2421
f 2604/2911/2421 2617/2924/2432 2603/2910/2420
f 2603/2910/2420 2617/2924/2432 2610/2917/2426
f 2617/2924/2432 2618/2925/2433 2610/2917/2426
f 2610/2917/2426 2618/2925/2433 2612/2919/2428
f 2616/2923/2430 2615/2922/2431 2617/2924/2432
f 2617/2924/2432 2615/2922/2431 2618/2925/2433
f 2615/2922/2431 2619/2926/2434 2618/2925/2433
f 2618/2925/2433 2619/2926/2434 2620/2927/2435
f 2620/2927/2435 2619/2926/2434 2621/2928/2436
f 2621/2928/2436 2619/2926/2434 2622/2929/2437
f 2622/2929/2437 2619/2926/2434 2627/2930/2438
f 2619/2926/2434 2615/2922/2431 2627/2930/2438
f 2627/2930/2438 2615/2922/2431 2613/2920/2429
f 2618/2925/2433 2620/2927/2435 2612/2919/2428
f 2612/2919/2428 2620/2927/2435 2624/2931/2439
f 2620/2927/2435 2625/2932/2440 2624/2931/2439
f 2625/2932/2440 2626/2933/2441 2624/2931/2439
f 2624/2931/2439 2626/2933/2441 2627/2934/2438
f 2626/2933/2441 2622/2929/2437 2627/2934/2438
f 2612/2919/2428 2624/2931/2439 2613/2920/2429
f 2624/2931/2439 2627/2934/2438 2613/2920/2429
f 2620/2927/2435 2621/2928/2436 2625/2932/2440
f 2621/2928/2436 2628/2935/2442 2625/2932/2440
f 2625/2932/2440 2628/2935/2442 2629/2936/2443
f 2628/2935/2442 2630/2937/2444 2629/2936/2443
f 2630/2937/2444 2631/2938/2445 2629/2936/2443
f 2629/2936/2443 2631/2938/2445 2634/2939/2446
f 2631/2938/2445 2633/2940/2447 2634/2939/2446
f 2625/2932/2440 2629/2936/2443 2626/2933/2441
f 2629/2936/2443 2634/2939/2446 2626/2933/2441
f 2626/2933/2441 2634/2941/2446 2622/2929/2437
f 2634/2941/2446 2635/2942/2448 2622/2929/2437
f 2622/2929/2437 2635/2942/2448 2621/2928/2436
f 2621/2928/2436 2635/2942/2448 2628/2935/2442
f 2635/2942/2448 2636/2943/2449 2628/2935/2442
f 2628/2935/2442 2636/2943/2449 2630/2937/2444
f 2634/2941/2446 2633/2940/2447 2635/2942/2448
f 2635/2942/2448 2633/2940/2447 2636/2943/2449
f 2633/2940/2447 2569/2876/2394 2636/2943/2449
f 2569/2876/2394 2568/2875/2393 2636/2943/2449
f 2636/2943/2449 2568/2875/2393 2630/2937/2444
f 2568/2875/2393 2583/2890/2405 2630/2937/2444
f 2630/2937/2444 2583/2890/2405 2631/2938/2445
f 2583/2890/2405 2584/2891/2406 2631/2938/2445
f 2631/2938/2445 2584/2944/2406 2633/2940/2447
f 2633/2940/2447 2584/2944/2406 2569/2876/2394
f 2584/2944/2406 2570/2877/2395 2569/2876/2394
f 2638/2945/2450 2639/2946/2451 2640/2947/2452
f 2639/2946/2451 2652/2948/2453 2640/2947/2452
f 2652/2948/2453 2642/2949/2454 2640/2947/2452
f 2642/2949/2454 2643/2950/2455 2640/2947/2452
f 2640/2947/2452 2643/2950/2455 2646/2951/2456
f 2643/2952/2455 2663/2953/2457 2646/2954/2456
f 2640/2955/2452 2646/2956/2456 2638/2957/2450
f 2646/2958/2456 2663/2959/2457 2638/2960/2450
f 2638/2960/2450 2663/2959/2457 2648/2961/2458
f 2663/2962/2457 2649/2963/2459 2648/2964/2458
f 2638/2965/2450 2648/2966/2458 2639/2967/2451
f 2648/2968/2458 2649/2969/2459 2639/2946/2451
f 2649/2969/2459 2651/2970/2460 2639/2946/2451
f 2639/2946/2451 2651/2970/2460 2652/2971/2453
f 2651/2970/2460 2653/2972/2461 2652/2971/2453
f 2652/2971/2453 2653/2972/2461 2654/2973/2462
f 2653/2972/2461 2661/2974/2463 2654/2973/2462
f 2661/2974/2463 2656/2975/2464 2654/2973/2462
f 2654/2973/2462 2656/2975/2464 2657/2976/2465
f 2656/2975/2464 2658/2977/2466 2657/2976/2465
f 2657/2976/2465 2658/2977/2466 2659/2978/2467
f 2658/2977/2466 2660/2979/2468 2659/2978/2467
f 2659/2978/2467 2660/2979/2468 2653/2972/2461
f 2660/2979/2468 2661/2980/2463 2653/2972/2461
f 2653/2972/2461 2651/2970/2460 2659/2978/2467
f 2651/2970/2460 2662/2981/2469 2659/2978/2467
f 2659/2978/2467 2662/2981/2469 2657/2976/2465
f 2662/2981/2469 2642/2949/2454 2657/2976/2465
f 2657/2976/2465 2642/2949/2454 2654/2973/2462
f 2642/2949/2454 2652/2948/2453 2654/2973/2462
f 2651/2970/2460 2649/2969/2459 2662/2981/2469
f 2649/2969/2459 2643/2950/2455 2662/2981/2469
f 2662/2981/2469 2643/2950/2455 2642/2949/2454
f 2649/2969/2459 2663/2982/2457 2643/2950/2455
f 2673/2983/2470 2665/2984/2471 2666/2985/2472
f 2665/2984/2471 2667/2986/2473 2666/2985/2472
f 2667/2986/2473 2668/2987/2474 2666/2985/2472
f 2666/2985/2472 2668/2987/2474 2669/2988/2475
f 2669/2988/2475 2668/2987/2474 2670/2989/2476
f 2668/2987/2474 2671/2990/2477 2670/2989/2476
f 2670/2989/2476 2671/2990/2477 2672/2991/2478
f 2672/2991/2478 2671/2990/2477 2673/2992/2470
f 2671/2990/2477 2674/2993/2479 2673/2992/2470
f 2673/2992/2470 2674/2993/2479 2665/2984/2471
f 2672/2991/2478 2673/2983/2470 2675/2994/2480
f 2673/2983/2470 2666/2985/2472 2675/2994/2480
f 2675/2994/2480 2666/2985/2472 2669/2988/2475
f 2676/2995/2481 2677/2996/2482 2678/2997/2483
f 2678/2997/2483 2677/2996/2482 2667/2986/2473
f 2677/2996/2482 2679/2998/2484 2667/2986/2473
f 2667/2986/2473 2679/2998/2484 2668/2987/2474
f 2668/2987/2474 2679/2998/2484 2671/2990/2477
f 2671/2990/2477 2679/2998/2484 2674/2993/2479
f 2679/2998/2484 2680/2999/2485 2674/2993/2479
f 2674/2993/2479 2680/2999/2485 2681/3000/2486
f 2681/3000/2486 2680/2999/2485 2682/3001/2487
f 2680/3002/2485 2683/3003/2488 2682/3004/2487
f 2667/2986/2473 2665/2984/2471 2678/2997/2483
f 2665/2984/2471 2681/3005/2486 2678/2997/2483
f 2678/2997/2483 2681/3005/2486 2685/3006/2489
f 2674/2993/2479 2681/3005/2486 2665/2984/2471
f 2679/2998/2484 2677/2996/2482 2680/2999/2485
f 2677/2996/2482 2683/3007/2488 2680/2999/2485
f 2677/3008/2482 2676/3009/2481 2683/3010/2488
f 2676/3011/2481 2685/3012/2489 2683/3013/2488
f 2683/3013/2488 2685/3012/2489 2682/3014/2487
f 2685/3015/2489 2681/3016/2486 2682/3017/2487
f 2685/3018/2489 2676/3019/2481 2678/3020/2483
f 2690/3021/2490 2691/3022/2491 2702/3023/2492
f 2691/3022/2491 2693/3024/2493 2702/3023/2492
f 2702/3023/2492 2693/3024/2493 2694/3025/2494
f 2693/3024/2493 2711/3026/2495 2694/3025/2494
f 2694/3025/2494 2711/3026/2495 2696/3027/2496
f 2711/3026/2495 2697/3028/2497 2696/3027/2496
f 2697/3028/2497 2698/3029/2498 2696/3027/2496
f 2698/3029/2498 2699/3030/2499 2696/3027/2496
f 2699/3030/2499 2700/3031/2500 2696/3027/2496
f 2696/3027/2496 2700/3031/2500 2694/3025/2494
f 2700/3031/2500 2701/3032/2501 2694/3025/2494
f 2694/3025/2494 2701/3032/2501 2702/3033/2492
f 2701/3032/2501 2703/3034/2502 2702/3033/2492
f 2702/3033/2492 2703/3034/2502 2690/3021/2490
f 2703/3034/2502 2759/3035/2503 2690/3021/2490
f 2690/3021/2490 2759/3035/2503 2705/3036/2504
f 2759/3035/2503 2706/3037/2505 2705/3036/2504
f 2705/3036/2504 2707/3038/2506 2690/3021/2490
f 2690/3021/2490 2707/3038/2506 2691/3022/2491
f 2707/3038/2506 2708/3039/2507 2691/3022/2491
f 2691/3022/2491 2708/3039/2507 2709/3040/2508
f 2708/3039/2507 2700/3031/2500 2709/3040/2508
f 2700/3031/2500 2699/3030/2499 2709/3040/2508
f 2699/3030/2499 2710/3041/2509 2709/3040/2508
f 2709/3040/2508 2710/3041/2509 2693/3024/2493
f 2693/3024/2493 2710/3041/2509 2711/3042/2495
f 2710/3041/2509 2712/3043/2510 2711/3042/2495
f 2711/3042/2495 2712/3043/2510 2697/3028/2497
f 2701/3032/2501 2700/3031/2500 2708/3039/2507
f 2709/3040/2508 2693/3024/2493 2691/3022/2491
f 2712/3043/2510 2710/3041/2509 2713/3044/2511
f 2710/3041/2509 2699/3030/2499 2713/3044/2511
f 2699/3030/2499 2698/3029/2498 2713/3044/2511
f 2713/3044/2511 2698/3029/2498 2714/3045/2512
f 2698/3029/2498 2715/3046/2513 2714/3045/2512
f 2714/3045/2512 2715/3046/2513 2727/3047/2514
f 2715/3046/2513 2717/3048/2515 2727/3047/2514
f 2727/3047/2514 2717/3048/2515 2718/3049/2516
f 2717/3048/2515 2719/3050/2517 2718/3049/2516
f 2718/3049/2516 2719/3050/2517 2720/3051/2518
f 2698/3029/2498 2697/3028/2497 2715/3046/2513
f 2715/3046/2513 2697/3028/2497 2724/3052/2519
f 2697/3028/2497 2712/3043/2510 2724/3052/2519
f 2724/3052/2519 2717/3053/2515 2715/3046/2513
f 2719/3050/2517 2717/3053/2515 2723/3054/2520
f 2723/3054/2520 2717/3053/2515 2724/3055/2519
f 2724/3055/2519 2712/3043/2510 2725/3056/2521
f 2712/3043/2510 2713/3044/2511 2725/3056/2521
f 2713/3044/2511 2714/3045/2512 2725/3056/2521
f 2725/3056/2521 2714/3045/2512 2736/3057/2522
f 2714/3045/2512 2727/3058/2514 2736/3057/2522
f 2736/3057/2522 2727/3058/2514 2728/3059/2523
f 2727/3058/2514 2718/3049/2516 2728/3059/2523
f 2728/3059/2523 2718/3049/2516 2729/3060/2524
f 2718/3049/2516 2720/3051/2518 2729/3060/2524
f 2729/3060/2524 2720/3051/2518 2730/3061/2525
f 2730/3061/2525 2720/3051/2518 2742/3062/2526
f 2742/3062/2526 2720/3051/2518 2732/3063/2527
f 2720/3051/2518 2719/3064/2517 2732/3063/2527
f 2732/3063/2527 2719/3064/2517 2734/3065/2528
f 2719/3064/2517 2723/3054/2520 2734/3065/2528
f 2724/3055/2519 2725/3056/2521 2723/3066/2520
f 2725/3056/2521 2736/3067/2522 2723/3066/2520
f 2723/3066/2520 2736/3067/2522 2734/3065/2528
f 2736/3067/2522 2728/3059/2523 2734/3065/2528
f 2734/3065/2528 2728/3059/2523 2737/3068/2529
f 2728/3059/2523 2729/3060/2524 2737/3068/2529
f 2737/3068/2529 2729/3060/2524 2738/3069/2530
f 2729/3060/2524 2730/3061/2525 2738/3069/2530
f 2738/3069/2530 2730/3061/2525 2739/3070/2531
f 2739/3070/2531 2730/3061/2525 2740/3071/2532
f 2730/3061/2525 2742/3062/2526 2740/3071/2532
f 2734/3065/2528 2737/3068/2529 2732/3063/2527
f 2737/3068/2529 2741/3072/2533 2732/3063/2527
f 2732/3063/2527 2741/3072/2533 2742/3073/2526
f 2741/3072/2533 2743/3074/2534 2742/3073/2526
f 2742/3073/2526 2743/3074/2534 2740/3071/2532
f 2737/3068/2529 2738/3069/2530 2741/3072/2533
f 2741/3072/2533 2738/3069/2530 2744/3075/2535
f 2738/3069/2530 2739/3070/2531 2744/3075/2535
f 2744/3075/2535 2739/3070/2531 2745/3076/2536
f 2739/3070/2531 2746/3077/2537 2745/3076/2536
f 2745/3076/2536 2746/3077/2537 2747/3078/2538
f 2747/3078/2538 2746/3077/2537 2748/3079/2539
f 2748/3079/2539 2746/3077/2537 2749/3080/2540
f 2746/3077/2537 2740/3071/2532 2749/3080/2540
f 2749/3080/2540 2740/3071/2532 2743/3074/2534
f 2741/3072/2533 2744/3075/2535 2743/3074/2534
f 2743/3074/2534 2744/3075/2535 2750/3081/2541
f 2744/3075/2535 2745/3076/2536 2750/3081/2541
f 2750/3081/2541 2745/3076/2536 2751/3082/2542
f 2745/3076/2536 2747/3078/2538 2751/3082/2542
f 2740/3071/2532 2746/3077/2537 2739/3070/2531
f 2743/3074/2534 2750/3081/2541 2749/3083/2540
f 2749/3083/2540 2750/3081/2541 2753/3084/2543
f 2750/3081/2541 2751/3082/2542 2753/3084/2543
f 2749/3083/2540 2753/3084/2543 2748/3079/2539
f 2753/3084/2543 2754/3085/2544 2748/3079/2539
f 2748/3079/2539 2754/3085/2544 2755/3086/2545
f 2754/3085/2544 2756/3087/2546 2755/3086/2545
f 2755/3086/2545 2756/3087/2546 2757/3088/2547
f 2757/3088/2547 2756/3087/2546 2758/3089/2548
f 2756/3087/2546 2759/3090/2503 2758/3089/2548
f 2759/3090/2503 2703/3034/2502 2758/3089/2548
f 2758/3089/2548 2703/3034/2502 2760/3091/2549
f 2703/3034/2502 2701/3032/2501 2760/3091/2549
f 2701/3032/2501 2708/3039/2507 2760/3091/2549
f 2708/3039/2507 2707/3038/2506 2760/3091/2549
f 2707/3038/2506 2761/3092/2550 2760/3091/2549
f 2760/3091/2549 2761/3092/2550 2758/3089/2548
f 2758/3089/2548 2761/3092/2550 2757/3088/2547
f 2761/3092/2550 2762/3093/2551 2757/3088/2547
f 2762/3093/2551 2763/3094/2552 2757/3088/2547
f 2757/3088/2547 2763/3094/2552 2755/3086/2545
f 2763/3094/2552 2747/3078/2538 2755/3086/2545
f 2755/3086/2545 2747/3078/2538 2748/3079/2539
f 2747/3078/2538 2763/3094/2552 2751/3082/2542
f 2751/3082/2542 2763/3094/2552 2764/3095/2553
f 2763/3094/2552 2762/3093/2551 2764/3095/2553
f 2764/3095/2553 2762/3093/2551 2706/3037/2505
f 2706/3037/2505 2762/3093/2551 2705/3036/2504
f 2762/3093/2551 2761/3092/2550 2705/3036/2504
f 2705/3036/2504 2761/3092/2550 2707/3038/2506
f 2759/3090/2503 2756/3087/2546 2706/3037/2505
f 2756/3087/2546 2754/3096/2544 2706/3037/2505
f 2706/3037/2505 2754/3096/2544 2764/3095/2553
f 2754/3096/2544 2753/3084/2543 2764/3095/2553
f 2764/3095/2553 2753/3084/2543 2751/3082/2542
f 2792/3097/2554 2767/3098/2555 2768/3099/2556
f 2767/3098/2555 2769/3100/2557 2768/3099/2556
f 2768/3099/2556 2769/3100/2557 2770/3101/2558
f 2769/3100/2557 2771/3102/2559 2770/3101/2558
f 2792/3103/2554 2778/3104/2560 2774/3105/2561
f 2778/3104/2560 2775/3106/2562 2774/3105/2561
f 2774/3105/2561 2775/3106/2562 2776/3107/2563
f 2792/3103/2554 2768/3099/2556 2778/3104/2560
f 2770/3101/2558 2777/3108/2564 2768/3099/2556
f 2768/3099/2556 2777/3108/2564 2778/3109/2560
f 2777/3108/2564 2779/3110/2565 2778/3109/2560
f 2778/3109/2560 2779/3110/2565 2775/3106/2562
f 2779/3110/2565 2780/3111/2566 2775/3106/2562
f 2775/3106/2562 2780/3111/2566 2781/3112/2567
f 2780/3111/2566 2782/3113/2568 2781/3112/2567
f 2782/3113/2568 2783/3114/2569 2781/3112/2567
f 2783/3114/2569 2784/3115/2570 2781/3112/2567
f 2781/3112/2567 2784/3115/2570 2776/3107/2563
f 2784/3115/2570 2785/3116/2571 2776/3107/2563
f 2776/3107/2563 2785/3116/2571 2786/3117/2572
f 2786/3117/2572 2785/3116/2571 2787/3118/2573
f 2785/3116/2571 2837/3119/2574 2787/3118/2573
f 2837/3119/2574 2789/3120/2575 2787/3118/2573
f 2789/3120/2575 2783/3114/2569 2787/3118/2573
f 2783/3114/2569 2782/3113/2568 2787/3118/2573
f 2787/3118/2573 2782/3113/2568 2786/3121/2572
f 2782/3113/2568 2791/3122/2576 2786/3121/2572
f 2786/3121/2572 2791/3122/2576 2774/3105/2561
f 2791/3122/2576 2792/3123/2554 2774/3105/2561
f 2781/3112/2567 2776/3107/2563 2775/3106/2562
f 2786/3117/2572 2774/3105/2561 2776/3107/2563
f 2782/3113/2568 2780/3111/2566 2791/3122/2576
f 2791/3122/2576 2780/3111/2566 2803/3124/2577
f 2780/3111/2566 2779/3125/2565 2803/3124/2577
f 2803/3124/2577 2779/3125/2565 2795/3126/2578
f 2779/3125/2565 2777/3108/2564 2795/3126/2578
f 2795/3126/2578 2777/3108/2564 2796/3127/2579
f 2777/3108/2564 2770/3101/2558 2796/3127/2579
f 2796/3127/2579 2770/3101/2558 2797/3128/2580
f 2770/3101/2558 2771/3102/2559 2797/3128/2580
f 2797/3128/2580 2771/3102/2559 2798/3129/2581
f 2798/3129/2581 2771/3102/2559 2799/3130/2582
f 2799/3130/2582 2771/3102/2559 2800/3131/2583
f 2771/3102/2559 2769/3132/2557 2800/3131/2583
f 2800/3131/2583 2769/3132/2557 2802/3133/2584
f 2769/3132/2557 2767/3098/2555 2802/3133/2584
f 2802/3133/2584 2767/3098/2555 2795/3126/2578
f 2795/3126/2578 2767/3098/2555 2803/3134/2577
f 2767/3098/2555 2792/3135/2554 2803/3134/2577
f 2803/3134/2577 2792/3135/2554 2791/3122/2576
f 2795/3126/2578 2796/3127/2579 2802/3133/2584
f 2802/3133/2584 2796/3127/2579 2805/3136/2585
f 2796/3127/2579 2797/3128/2580 2805/3136/2585
f 2805/3136/2585 2797/3128/2580 2806/3137/2586
f 2797/3128/2580 2798/3129/2581 2806/3137/2586
f 2802/3133/2584 2805/3136/2585 2800/3131/2583
f 2805/3136/2585 2807/3138/2587 2800/3131/2583
f 2800/3131/2583 2807/3138/2587 2799/3139/2582
f 2807/3138/2587 2809/3140/2588 2799/3139/2582
f 2799/3139/2582 2809/3140/2588 2810/3141/2589
f 2805/3136/2585 2806/3137/2586 2807/3138/2587
f 2807/3138/2587 2806/3137/2586 2811/3142/2590
f 2811/3142/2590 2806/3137/2586 2812/3143/2591
f 2806/3137/2586 2798/3129/2581 2812/3143/2591
f 2812/3143/2591 2798/3129/2581 2810/3141/2589
f 2798/3129/2581 2799/3130/2582 2810/3141/2589
f 2811/3142/2590 2809/3140/2588 2807/3138/2587
f 2812/3143/2591 2810/3141/2589 2813/3144/2592
f 2813/3144/2592 2810/3141/2589 2814/3145/2593
f 2810/3141/2589 2809/3140/2588 2814/3145/2593
f 2814/3145/2593 2815/3146/2594 2813/3144/2592
f 2815/3146/2594 2816/3147/2595 2813/3144/2592
f 2816/3147/2595 2817/3148/2596 2813/3144/2592
f 2813/3144/2592 2817/3148/2596 2812/3143/2591
f 2812/3143/2591 2817/3148/2596 2811/3142/2590
f 2817/3148/2596 2818/3149/2597 2811/3142/2590
f 2811/3142/2590 2818/3149/2597 2809/3140/2588
f 2809/3140/2588 2818/3149/2597 2814/3150/2593
f 2818/3149/2597 2820/3151/2598 2814/3150/2593
f 2814/3150/2593 2820/3151/2598 2815/3146/2594
f 2820/3151/2598 2818/3149/2597 2821/3152/2599
f 2818/3149/2597 2817/3148/2596 2821/3152/2599
f 2817/3148/2596 2816/3147/2595 2821/3152/2599
f 2821/3152/2599 2816/3147/2595 2822/3153/2600
f 2816/3147/2595 2823/3154/2601 2822/3153/2600
f 2822/3153/2600 2823/3154/2601 2824/3155/2602
f 2824/3155/2602 2823/3154/2601 2825/3156/2603
f 2825/3156/2603 2823/3154/2601 2826/3157/2604
f 2823/3154/2601 2815/3146/2594 2826/3157/2604
f 2826/3157/2604 2815/3146/2594 2820/3151/2598
f 2815/3146/2594 2823/3154/2601 2816/3147/2595
f 2821/3152/2599 2822/3153/2600 2827/3158/2605
f 2822/3153/2600 2828/3159/2606 2827/3158/2605
f 2828/3159/2606 2829/3160/2607 2827/3158/2605
f 2827/3158/2605 2829/3160/2607 2826/3161/2604
f 2826/3161/2604 2829/3160/2607 2825/3156/2603
f 2829/3160/2607 2839/3162/2608 2825/3156/2603
f 2825/3156/2603 2839/3162/2608 2832/3163/2609
f 2839/3162/2608 2833/3164/2610 2832/3163/2609
f 2822/3153/2600 2824/3155/2602 2828/3159/2606
f 2828/3159/2606 2824/3155/2602 2834/3165/2611
f 2824/3155/2602 2832/3163/2609 2834/3165/2611
f 2834/3165/2611 2832/3163/2609 2835/3166/2612
f 2832/3163/2609 2833/3164/2610 2835/3166/2612
f 2835/3166/2612 2833/3164/2610 2836/3167/2613
f 2833/3164/2610 2837/3168/2574 2836/3167/2613
f 2836/3167/2613 2837/3168/2574 2785/3116/2571
f 2821/3152/2599 2827/3158/2605 2820/3151/2598
f 2820/3151/2598 2827/3158/2605 2826/3161/2604
f 2825/3156/2603 2832/3163/2609 2824/3155/2602
f 2837/3168/2574 2833/3164/2610 2838/3169/2614
f 2833/3164/2610 2839/3170/2608 2838/3169/2614
f 2838/3169/2614 2839/3170/2608 2840/3171/2615
f 2839/3170/2608 2829/3160/2607 2840/3171/2615
f 2829/3160/2607 2828/3159/2606 2840/3171/2615
f 2828/3159/2606 2834/3165/2611 2840/3171/2615
f 2840/3171/2615 2834/3165/2611 2841/3172/2616
f 2834/3165/2611 2835/3166/2612 2841/3172/2616
f 2841/3172/2616 2835/3166/2612 2842/3173/2617
f 2835/3166/2612 2836/3167/2613 2842/3173/2617
f 2842/3173/2617 2836/3167/2613 2784/3115/2570
f 2836/3167/2613 2785/3116/2571 2784/3115/2570
f 2840/3171/2615 2841/3172/2616 2838/3169/2614
f 2841/3172/2616 2789/3120/2575 2838/3169/2614
f 2838/3169/2614 2789/3120/2575 2837/3119/2574
f 2841/3172/2616 2842/3173/2617 2789/3120/2575
f 2789/3120/2575 2842/3173/2617 2783/3114/2569
f 2842/3173/2617 2784/3115/2570 2783/3114/2569
f 2843/3174/2618 2844/3175/2619 2845/3176/2620
f 2844/3175/2619 2846/3177/2621 2845/3176/2620
f 2845/3176/2620 2847/3178/2622 2843/3174/2618
f 2843/3174/2618 2847/3178/2622 2848/3179/2623
f 2847/3178/2622 2856/3180/2624 2848/3179/2623
f 2848/3179/2623 2856/3180/2624 2850/3181/2625
f 2856/3180/2624 2851/3182/2626 2850/3181/2625
f 2850/3181/2625 2851/3182/2626 2852/3183/2627
f 2852/3183/2627 2851/3182/2626 2853/3184/2628
f 2853/3184/2628 2851/3182/2626 2864/3185/2629
f 2864/3185/2629 2851/3182/2626 2855/3186/2630
f 2851/3182/2626 2856/3187/2624 2855/3186/2630
f 2855/3186/2630 2856/3187/2624 2857/3188/2631
f 2856/3187/2624 2847/3178/2622 2857/3188/2631
f 2857/3188/2631 2847/3178/2622 2858/3189/2632
f 2847/3178/2622 2845/3176/2620 2858/3189/2632
f 2858/3189/2632 2845/3176/2620 2859/3190/2633
f 2845/3176/2620 2846/3177/2621 2859/3190/2633
f 2859/3190/2633 2860/3191/2634 2858/3189/2632
f 2860/3191/2634 2861/3192/2635 2858/3189/2632
f 2858/3189/2632 2861/3192/2635 2857/3188/2631
f 2861/3192/2635 2862/3193/2636 2857/3188/2631
f 2857/3188/2631 2862/3193/2636 2855/3186/2630
f 2862/3193/2636 2863/3194/2637 2855/3186/2630
f 2855/3186/2630 2863/3194/2637 2864/3195/2629
f 2863/3194/2637 2865/3196/2638 2864/3195/2629
f 2864/3195/2629 2865/3196/2638 2866/3197/2639
f 2865/3196/2638 2874/3198/2640 2866/3197/2639
f 2866/3197/2639 2874/3198/2640 2868/3199/2641
f 2874/3198/2640 2869/3200/2642 2868/3199/2641
f 2868/3199/2641 2869/3200/2642 2870/3201/2643
f 2870/3201/2643 2869/3200/2642 2871/3202/2644
f 2871/3202/2644 2869/3200/2642 2872/3203/2645
f 2872/3203/2645 2869/3200/2642 2873/3204/2646
f 2869/3200/2642 2874/3205/2640 2873/3204/2646
f 2873/3204/2646 2874/3205/2640 2875/3206/2647
f 2874/3205/2640 2865/3196/2638 2875/3206/2647
f 2875/3206/2647 2865/3196/2638 2876/3207/2648
f 2865/3196/2638 2863/3194/2637 2876/3207/2648
f 2876/3207/2648 2863/3194/2637 2877/3208/2649
f 2863/3194/2637 2862/3193/2636 2877/3208/2649
f 2877/3208/2649 2862/3193/2636 2852/3183/2627
f 2862/3193/2636 2861/3192/2635 2852/3183/2627
f 2852/3183/2627 2861/3192/2635 2850/3181/2625
f 2861/3192/2635 2860/3191/2634 2850/3181/2625
f 2850/3181/2625 2860/3191/2634 2848/3179/2623
f 2860/3191/2634 2878/3209/2650 2848/3179/2623
f 2848/3179/2623 2878/3209/2650 2843/3210/2618
f 2878/3209/2650 2880/3211/2651 2843/3210/2618
f 2843/3210/2618 2880/3211/2651 2844/3175/2619
f 2880/3211/2651 2881/3212/2652 2844/3175/2619
f 2844/3175/2619 2881/3212/2652 2882/3213/2653
f 2881/3212/2652 2887/3214/2654 2882/3213/2653
f 2860/3191/2634 2859/3190/2633 2878/3209/2650
f 2859/3190/2633 2884/3215/2655 2878/3209/2650
f 2878/3209/2650 2884/3215/2655 2880/3211/2651
f 2859/3190/2633 2846/3177/2621 2884/3215/2655
f 2884/3215/2655 2846/3177/2621 2885/3216/2656
f 2846/3177/2621 2882/3213/2653 2885/3216/2656
f 2885/3216/2656 2882/3213/2653 2893/3217/2657
f 2882/3213/2653 2887/3218/2654 2893/3217/2657
f 2893/3217/2657 2887/3218/2654 2888/3219/2658
f 2887/3218/2654 2905/3220/2659 2888/3219/2658
f 2905/3220/2659 2890/3221/2660 2888/3219/2658
f 2890/3221/2660 2891/3222/2661 2888/3219/2658
f 2891/3222/2661 2892/3223/2662 2888/3219/2658
f 2888/3219/2658 2892/3223/2662 2893/3224/2657
f 2892/3223/2662 2898/3225/2663 2893/3224/2657
f 2893/3224/2657 2898/3225/2663 2885/3216/2656
f 2898/3225/2663 2895/3226/2664 2885/3216/2656
f 2885/3216/2656 2895/3226/2664 2884/3215/2655
f 2884/3215/2655 2895/3226/2664 2880/3211/2651
f 2880/3211/2651 2895/3226/2664 2881/3227/2652
f 2881/3227/2652 2895/3226/2664 2906/3228/2665
f 2895/3226/2664 2898/3229/2663 2906/3228/2665
f 2906/3228/2665 2898/3229/2663 2899/3230/2666
f 2898/3229/2663 2892/3223/2662 2899/3230/2666
f 2899/3230/2666 2892/3223/2662 2900/3231/2667
f 2892/3223/2662 2891/3222/2661 2900/3231/2667
f 2900/3231/2667 2891/3222/2661 2901/3232/2668
f 2901/3232/2668 2891/3222/2661 2902/3233/2669
f 2891/3222/2661 2890/3221/2660 2902/3233/2669
f 2902/3233/2669 2890/3221/2660 2903/3234/2670
f 2903/3234/2670 2890/3221/2660 2904/3235/2671
f 2890/3221/2660 2905/3236/2659 2904/3235/2671
f 2904/3235/2671 2905/3236/2659 2899/3230/2666
f 2905/3236/2659 2906/3237/2665 2899/3230/2666
f 2844/3175/2619 2882/3213/2653 2846/3177/2621
f 2899/3230/2666 2900/3231/2667 2904/3235/2671
f 2904/3235/2671 2900/3231/2667 2907/3238/2672
f 2900/3231/2667 2901/3232/2668 2907/3238/2672
f 2907/3238/2672 2901/3232/2668 2908/3239/2673
f 2908/3239/2673 2901/3232/2668 2909/3240/2674
f 2901/3232/2668 2902/3233/2669 2909/3240/2674
f 2909/3240/2674 2902/3233/2669 2910/3241/2675
f 2902/3233/2669 2903/3234/2670 2910/3241/2675
f 2881/3227/2652 2906/3237/2665 2887/3214/2654
f 2906/3237/2665 2905/3220/2659 2887/3214/2654
f 2904/3235/2671 2907/3238/2672 2903/3242/2670
f 2907/3238/2672 2912/3243/2676 2903/3242/2670
f 2903/3242/2670 2912/3243/2676 2910/3241/2675
f 2912/3243/2676 2872/3244/2645 2910/3241/2675
f 2910/3241/2675 2872/3244/2645 2914/3245/2677
f 2872/3244/2645 2873/3204/2646 2914/3245/2677
f 2914/3245/2677 2873/3204/2646 2915/3246/2678
f 2873/3204/2646 2875/3206/2647 2915/3246/2678
f 2915/3246/2678 2875/3206/2647 2916/3247/2679
f 2875/3206/2647 2876/3207/2648 2916/3247/2679
f 2916/3247/2679 2876/3207/2648 2917/3248/2680
f 2876/3207/2648 2877/3208/2649 2917/3248/2680
f 2917/3248/2680 2877/3208/2649 2853/3184/2628
f 2877/3208/2649 2852/3183/2627 2853/3184/2628
f 2908/3239/2673 2912/3243/2676 2907/3238/2672
f 2910/3241/2675 2914/3245/2677 2909/3240/2674
f 2864/3185/2629 2866/3197/2639 2853/3184/2628
f 2853/3184/2628 2866/3197/2639 2917/3248/2680
f 2866/3197/2639 2868/3199/2641 2917/3248/2680
f 2917/3248/2680 2868/3199/2641 2916/3247/2679
f 2868/3199/2641 2870/3201/2643 2916/3247/2679
f 2916/3247/2679 2870/3201/2643 2915/3246/2678
f 2870/3201/2643 2918/3249/2681 2915/3246/2678
f 2915/3246/2678 2918/3249/2681 2914/3245/2677
f 2914/3245/2677 2918/3249/2681 2909/3240/2674
f 2909/3240/2674 2918/3249/2681 2908/3239/2673
f 2918/3249/2681 2871/3202/2644 2908/3239/2673
f 2908/3239/2673 2871/3202/2644 2912/3243/2676
f 2871/3202/2644 2872/3203/2645 2912/3243/2676
f 2918/3249/2681 2870/3201/2643 2871/3202/2644
f 2919/3250/2682 2920/3251/2683 2921/3252/2684
f 2920/3253/2683 2922/3254/2685 2921/3255/2684
f 2921/3255/2684 2922/3254/2685 2923/3256/2686
f 2922/3257/2685 2920/3258/2683 2925/3259/2687
f 2920/3260/2683 2919/3261/2682 2925/3262/2687
f 2919/3261/2682 2926/3263/2688 2925/3262/2687
f 2925/3262/2687 2926/3263/2688 2927/3264/2689
f 2926/3263/2688 2936/3265/2690 2927/3264/2689
f 2927/3264/2689 2936/3265/2690 2929/3266/2691
f 2936/3265/2690 2930/3267/2692 2929/3266/2691
f 2930/3267/2692 2931/3268/2693 2929/3266/2691
f 2929/3266/2691 2931/3268/2693 2932/3269/2694
f 2931/3268/2693 2933/3270/2695 2932/3269/2694
f 2932/3269/2694 2933/3270/2695 2934/3271/2696
f 2933/3270/2695 2935/3272/2697 2934/3271/2696
f 2934/3271/2696 2935/3272/2697 2936/3273/2690
f 2935/3272/2697 2930/3267/2692 2936/3273/2690
f 2936/3273/2690 2926/3263/2688 2934/3271/2696
f 2926/3263/2688 2937/3274/2698 2934/3271/2696
f 2934/3271/2696 2937/3274/2698 2932/3269/2694
f 2937/3274/2698 2938/3275/2699 2932/3269/2694
f 2932/3269/2694 2938/3275/2699 2929/3266/2691
f 2929/3266/2691 2938/3275/2699 2927/3264/2689
f 2938/3275/2699 2939/3276/2700 2927/3264/2689
f 2927/3264/2689 2939/3276/2700 2925/3277/2687
f 2925/3277/2687 2939/3276/2700 2922/3278/2685
f 2939/3279/2700 2923/3280/2686 2922/3281/2685
f 2926/3263/2688 2919/3261/2682 2937/3274/2698
f 2919/3261/2682 2942/3282/2701 2937/3274/2698
f 2937/3274/2698 2942/3282/2701 2938/3275/2699
f 2938/3275/2699 2942/3282/2701 2939/3276/2700
f 2939/3276/2700 2942/3282/2701 2923/3283/2686
f 2942/3284/2701 2921/3285/2684 2923/3286/2686
f 2919/3261/2682 2921/3287/2684 2942/3282/2701
f 2945/3288/2702 2946/3289/2703 2962/3290/2704
f 2946/3289/2703 2948/3291/2705 2962/3290/2704
f 2962/3290/2704 2948/3291/2705 2949/3292/2706
f 2948/3291/2705 2968/3293/2707 2949/3292/2706
f 2949/3292/2706 2968/3293/2707 2951/3294/2708
f 2968/3293/2707 2952/3295/2709 2951/3294/2708
f 2962/3296/2704 2963/3297/2710 2945/3298/2702
f 2946/3289/2703 2957/3299/2711 2955/3300/2712
f 2959/3301/2713 2957/3302/2711 2963/3303/2710
f 2963/3303/2710 2957/3302/2711 2945/3304/2702
f 2957/3305/2711 2946/3306/2703 2945/3307/2702
f 2957/3308/2711 2959/3309/2713 2955/3310/2712
f 2959/3311/2713 2960/3312/2714 2955/3300/2712
f 2955/3300/2712 2960/3312/2714 2961/3313/2715
f 2960/3312/2714 2949/3292/2706 2961/3313/2715
f 2961/3313/2715 2949/3292/2706 2951/3294/2708
f 2949/3292/2706 2960/3312/2714 2962/3314/2704
f 2962/3314/2704 2960/3312/2714 2963/3315/2710
f 2960/3316/2714 2959/3317/2713 2963/3318/2710
f 2946/3289/2703 2955/3300/2712 2964/3319/2716
f 2955/3300/2712 2961/3313/2715 2964/3319/2716
f 2964/3319/2716 2961/3313/2715 2965/3320/2717
f 2961/3313/2715 2951/3294/2708 2965/3320/2717
f 2965/3320/2717 2951/3294/2708 2966/3321/2718
f 2951/3294/2708 2952/3295/2709 2966/3321/2718
f 2946/3289/2703 2964/3319/2716 2948/3291/2705
f 2964/3319/2716 2967/3322/2719 2948/3291/2705
f 2948/3291/2705 2967/3322/2719 2968/3323/2707
f 2967/3322/2719 2969/3324/2720 2968/3323/2707
f 2968/3323/2707 2969/3324/2720 2952/3295/2709
f 2966/3321/2718 2970/3325/2721 2965/3320/2717
f 2965/3320/2717 2970/3325/2721 2967/3322/2719
f 2970/3325/2721 2969/3324/2720 2967/3322/2719
f 2967/3322/2719 2964/3319/2716 2965/3320/2717
f 2971/3326/2722 2972/3327/2723 2973/3328/2724
f 2973/3328/2724 2972/3327/2723 2974/3329/2725
f 2972/3327/2723 2975/3330/2726 2974/3329/2725
f 2974/3329/2725 2975/3330/2726 2976/3331/2727
f 2976/3331/2727 2975/3330/2726 2977/3332/2728
f 2977/3332/2728 2975/3330/2726 2978/3333/2729
f 2978/3333/2729 2975/3330/2726 2979/3334/2730
f 2975/3330/2726 2972/3335/2723 2979/3334/2730
f 2979/3334/2730 2972/3335/2723 2981/3336/2731
f 2972/3335/2723 2971/3326/2722 2981/3336/2731
f 2981/3336/2731 2971/3326/2722 2982/3337/2732
f 2971/3326/2722 2983/3338/2733 2982/3337/2732
f 2982/3337/2732 2983/3338/2733 2984/3339/2734
f 2984/3339/2734 2983/3338/2733 2985/3340/2735
f 2985/3340/2735 2983/3338/2733 2986/3341/2736
f 2986/3341/2736 2983/3338/2733 3007/3342/2737
f 2983/3338/2733 2971/3326/2722 3007/3342/2737
f 3007/3342/2737 2971/3326/2722 2973/3328/2724
f 2984/3339/2734 2988/3343/2738 2982/3337/2732
f 2988/3343/2738 2989/3344/2739 2982/3337/2732
f 2982/3337/2732 2989/3344/2739 2981/3336/2731
f 2989/3344/2739 2990/3345/2740 2981/3336/2731
f 2981/3336/2731 2990/3345/2740 2979/3334/2730
f 2990/3345/2740 2991/3346/2741 2979/3334/2730
f 2979/3334/2730 2991/3346/2741 2978/3347/2729
f 2991/3346/2741 2993/3348/2742 2978/3347/2729
f 2978/3347/2729 2993/3348/2742 2994/3349/2743
f 2993/3348/2742 2995/3350/2744 2994/3349/2743
f 2994/3349/2743 2995/3350/2744 2996/3351/2745
f 2995/3350/2744 2997/3352/2746 2996/3351/2745
f 2996/3351/2745 2997/3352/2746 2998/3353/2747
f 2998/3353/2747 2997/3352/2746 2999/3354/2748
f 2999/3354/2748 2997/3352/2746 2992/3355/2749
f 2992/3355/2749 2997/3352/2746 3001/3356/2750
f 2997/3352/2746 2995/3357/2744 3001/3356/2750
f 3001/3356/2750 2995/3357/2744 3003/3358/2751
f 2995/3357/2744 2993/3348/2742 3003/3358/2751
f 3003/3358/2751 2993/3348/2742 3004/3359/2752
f 2993/3348/2742 2991/3346/2741 3004/3359/2752
f 3004/3359/2752 2991/3346/2741 3005/3360/2753
f 2991/3346/2741 2990/3345/2740 3005/3360/2753
f 3005/3360/2753 2990/3345/2740 2976/3331/2727
f 2990/3345/2740 2989/3344/2739 2976/3331/2727
f 2976/3331/2727 2989/3344/2739 2974/3329/2725
f 2989/3344/2739 2988/3343/2738 2974/3329/2725
f 2974/3329/2725 2988/3343/2738 2973/3328/2724
f 2988/3343/2738 3006/3361/2754 2973/3328/2724
f 2973/3328/2724 3006/3361/2754 3007/3362/2737
f 3006/3361/2754 3008/3363/2755 3007/3362/2737
f 3007/3362/2737 3008/3363/2755 2986/3341/2736
f 3008/3363/2755 3014/3364/2756 2986/3341/2736
f 2986/3341/2736 3014/3364/2756 3010/3365/2757
f 3014/3364/2756 3011/3366/2758 3010/3365/2757
f 2988/3343/2738 2984/3339/2734 3006/3361/2754
f 2984/3339/2734 3012/3367/2759 3006/3361/2754
f 3006/3361/2754 3012/3367/2759 3008/3363/2755
f 3012/3367/2759 3013/3368/2760 3008/3363/2755
f 3008/3363/2755 3013/3368/2760 3014/3369/2756
f 3013/3368/2760 3015/3370/2761 3014/3369/2756
f 3014/3369/2756 3015/3370/2761 3011/3366/2758
f 2984/3339/2734 2985/3340/2735 3012/3367/2759
f 3012/3367/2759 2985/3340/2735 3016/3371/2762
f 2985/3340/2735 3010/3365/2757 3016/3371/2762
f 3016/3371/2762 3010/3365/2757 3017/3372/2763
f 3010/3365/2757 3011/3366/2758 3017/3372/2763
f 3017/3372/2763 3011/3366/2758 3018/3373/2764
f 3011/3366/2758 3019/3374/2765 3018/3373/2764
f 3018/3373/2764 3019/3374/2765 2987/3375/2766
f 2986/3341/2736 3010/3365/2757 2985/3340/2735
f 3012/3367/2759 3016/3371/2762 3013/3368/2760
f 3016/3371/2762 3021/3376/2767 3013/3368/2760
f 3013/3368/2760 3021/3376/2767 3015/3370/2761
f 3021/3376/2767 3022/3377/2768 3015/3370/2761
f 3015/3370/2761 3022/3377/2768 3019/3378/2765
f 3019/3378/2765 3022/3377/2768 3024/3379/2769
f 3022/3377/2768 3025/3380/2770 3024/3379/2769
f 3024/3379/2769 3025/3380/2770 3026/3381/2771
f 3025/3380/2770 3027/3382/2772 3026/3381/2771
f 3027/3382/2772 3028/3383/2773 3026/3381/2771
f 3028/3383/2773 3029/3384/2774 3026/3381/2771
f 3029/3384/2774 3023/3385/2775 3026/3381/2771
f 3026/3381/2771 3023/3385/2775 3024/3386/2769
f 3016/3371/2762 3017/3372/2763 3021/3376/2767
f 3021/3376/2767 3017/3372/2763 3030/3387/2776
f 3017/3372/2763 3018/3373/2764 3030/3387/2776
f 3015/3370/2761 3019/3374/2765 3011/3366/2758
f 3030/3387/2776 3022/3377/2768 3021/3376/2767
f 3019/3378/2765 3024/3386/2769 2987/3375/2766
f 3024/3386/2769 3023/3388/2775 2987/3375/2766
f 3029/3384/2774 3020/3389/2777 3023/3385/2775
f 3022/3377/2768 3030/3387/2776 3025/3390/2770
f 3030/3387/2776 2980/3391/2778 3025/3390/2770
f 3025/3390/2770 2980/3391/2778 3027/3382/2772
f 2980/3391/2778 3009/3392/2779 3027/3382/2772
f 3027/3382/2772 3009/3392/2779 3002/3393/2780
f 3009/3392/2779 3020/3389/2777 3002/3393/2780
f 3002/3393/2780 3020/3389/2777 3000/3394/2781
f 3000/3394/2781 3020/3389/2777 2992/3395/2749
f 3020/3389/2777 3029/3384/2774 2992/3395/2749
f 3020/3389/2777 3009/3392/2779 3023/3388/2775
f 3023/3388/2775 3009/3392/2779 2987/3396/2766
f 3009/3392/2779 2980/3397/2778 2987/3396/2766
f 2987/3396/2766 2980/3397/2778 3018/3373/2764
f 2980/3397/2778 3030/3387/2776 3018/3373/2764
f 3028/3383/2773 3027/3382/2772 3002/3393/2780
f 2992/3395/2749 3001/3356/2750 3000/3394/2781
f 3000/3394/2781 3001/3356/2750 2958/3398/2782
f 3001/3356/2750 3003/3358/2751 2958/3398/2782
f 2958/3398/2782 3003/3358/2751 2956/3399/2783
f 3003/3358/2751 3004/3359/2752 2956/3399/2783
f 2956/3399/2783 3004/3359/2752 2954/3400/2784
f 3004/3359/2752 3005/3360/2753 2954/3400/2784
f 2954/3400/2784 3005/3360/2753 2977/3332/2728
f 3005/3360/2753 2976/3331/2727 2977/3332/2728
f 2978/3333/2729 2994/3349/2743 2977/3332/2728
f 2977/3332/2728 2994/3349/2743 2954/3400/2784
f 2994/3349/2743 2996/3351/2745 2954/3400/2784
f 2954/3400/2784 2996/3351/2745 2956/3399/2783
f 2996/3351/2745 2998/3353/2747 2956/3399/2783
f 2956/3399/2783 2998/3353/2747 2958/3398/2782
f 2998/3353/2747 2953/3401/2785 2958/3398/2782
f 2958/3398/2782 2953/3401/2785 3000/3394/2781
f 3000/3394/2781 2953/3401/2785 3002/3393/2780
f 3002/3393/2780 2953/3401/2785 3028/3383/2773
f 2953/3401/2785 2999/3354/2748 3028/3383/2773
f 3028/3383/2773 2999/3354/2748 3029/3384/2774
f 2999/3354/2748 2992/3355/2749 3029/3384/2774
f 2953/3401/2785 2998/3353/2747 2999/3354/2748
f 2950/3402/2786 2947/3403/2787 2944/3404/2788
f 2944/3404/2788 2947/3403/2787 2943/3405/2789
f 2947/3403/2787 2941/3406/2790 2943/3405/2789
f 2941/3406/2790 2940/3407/2791 2943/3405/2789
f 2943/3405/2789 2940/3407/2791 2928/3408/2792
f 2928/3408/2792 2940/3407/2791 2924/3409/2793
f 2940/3407/2791 2867/3410/2794 2924/3409/2793
f 2924/3409/2793 2867/3410/2794 2913/3411/2795
f 2867/3410/2794 2911/3412/2796 2913/3411/2795
f 2911/3412/2796 2897/3413/2797 2913/3411/2795
f 2897/3413/2797 2896/3414/2798 2913/3411/2795
f 2913/3411/2795 2896/3414/2798 2894/3415/2799
f 2896/3414/2798 2941/3406/2790 2894/3415/2799
f 2941/3406/2790 2947/3403/2787 2894/3415/2799
f 2894/3415/2799 2947/3403/2787 2889/3416/2800
f 2947/3403/2787 2950/3402/2786 2889/3416/2800
f 2928/3408/2792 2849/3417/2801 2943/3405/2789
f 2849/3417/2801 2944/3404/2788 2943/3405/2789
f 2913/3411/2795 2894/3415/2799 2924/3409/2793
f 2894/3415/2799 2889/3416/2800 2924/3409/2793
f 2924/3409/2793 2889/3416/2800 2928/3418/2792
f 2889/3416/2800 2854/3419/2802 2928/3418/2792
f 2928/3418/2792 2854/3419/2802 2849/3417/2801
f 2897/3413/2797 2886/3420/2803 2896/3414/2798
f 2896/3414/2798 2886/3420/2803 2883/3421/2804
f 2886/3420/2803 2879/3422/2805 2883/3421/2804
f 2883/3421/2804 2879/3422/2805 2867/3423/2794
f 2879/3422/2805 2911/3412/2796 2867/3423/2794
f 2896/3414/2798 2883/3421/2804 2941/3406/2790
f 2941/3406/2790 2883/3421/2804 2940/3407/2791
f 2883/3421/2804 2867/3423/2794 2940/3407/2791
f 2889/3424/2800 2950/3425/2786 2854/3426/2802
f 2854/3427/2802 2950/3428/2786 2849/3429/2801
f 2950/3428/2786 2944/3430/2788 2849/3429/2801
f 2831/3431/2806 2830/3432/2807 2819/3433/2808
f 2830/3432/2807 2808/3434/2809 2819/3433/2808
f 2819/3433/2808 2808/3434/2809 2804/3435/2810
f 2808/3434/2809 2801/3436/2811 2804/3435/2810
f 2801/3436/2811 2794/3437/2812 2804/3435/2810
f 2794/3437/2812 2793/3438/2813 2804/3435/2810
f 2793/3438/2813 2788/3439/2814 2804/3435/2810
f 2804/3435/2810 2788/3439/2814 2819/3433/2808
f 2831/3431/2806 2819/3433/2808 2790/3440/2815
f 2819/3433/2808 2788/3441/2814 2790/3440/2815
f 2790/3440/2815 2788/3441/2814 2773/3442/2816
f 2788/3441/2814 2772/3443/2817 2773/3442/2816
f 2772/3443/2817 2766/3444/2818 2773/3442/2816
f 2773/3442/2816 2766/3444/2818 2801/3436/2811
f 2766/3444/2818 2794/3437/2812 2801/3436/2811
f 2830/3432/2807 2765/3445/2819 2808/3434/2809
f 2765/3445/2819 2752/3446/2820 2808/3434/2809
f 2808/3434/2809 2752/3446/2820 2801/3436/2811
f 2801/3436/2811 2752/3446/2820 2773/3442/2816
f 2773/3442/2816 2752/3446/2820 2790/3440/2815
f 2790/3440/2815 2752/3446/2820 2735/3447/2821
f 2752/3446/2820 2765/3445/2819 2735/3447/2821
f 2790/3448/2815 2735/3449/2821 2831/3450/2806
f 2831/3451/2806 2735/3452/2821 2830/3453/2807
f 2735/3452/2821 2765/3454/2819 2830/3453/2807
f 2788/3439/2814 2793/3438/2813 2772/3443/2817
f 2793/3438/2813 2722/3455/2822 2772/3443/2817
f 2722/3455/2822 2733/3456/2823 2772/3443/2817
f 2772/3443/2817 2733/3456/2823 2766/3444/2818
f 2733/3456/2823 2731/3457/2824 2766/3444/2818
f 2766/3444/2818 2731/3457/2824 2794/3437/2812
f 2731/3457/2824 2726/3458/2825 2794/3437/2812
f 2794/3437/2812 2726/3458/2825 2793/3438/2813
f 2726/3458/2825 2722/3459/2822 2793/3438/2813
f 2721/3460/2826 2716/3461/2827 2704/3462/2828
f 2704/3462/2828 2716/3461/2827 2695/3463/2829
f 2695/3463/2829 2716/3461/2827 2692/3464/2830
f 2692/3464/2830 2716/3461/2827 2689/3465/2831
f 2716/3461/2827 2688/3466/2832 2689/3465/2831
f 2689/3465/2831 2688/3466/2832 2687/3467/2833
f 2687/3467/2833 2688/3466/2832 2686/3468/2834
f 2686/3468/2834 2688/3466/2832 2684/3469/2835
f 2688/3466/2832 2721/3470/2826 2684/3469/2835
f 2684/3469/2835 2721/3470/2826 2664/3471/2836
f 2721/3470/2826 2655/3472/2837 2664/3471/2836
f 2655/3472/2837 2650/3473/2838 2664/3471/2836
f 2664/3471/2836 2650/3473/2838 2692/3464/2830
f 2650/3473/2838 2695/3463/2829 2692/3464/2830
f 2716/3461/2827 2721/3460/2826 2688/3466/2832
f 2692/3464/2830 2647/3474/2839 2664/3471/2836
f 2664/3471/2836 2647/3474/2839 2684/3469/2835
f 2647/3474/2839 2645/3475/2840 2684/3469/2835
f 2684/3469/2835 2645/3475/2840 2686/3476/2834
f 2645/3475/2840 2644/3477/2841 2686/3476/2834
f 2686/3476/2834 2644/3477/2841 2641/3478/2842
f 2644/3477/2841 2587/3479/2843 2641/3478/2842
f 2641/3478/2842 2587/3479/2843 2637/3480/2844
f 2587/3479/2843 2632/3481/2845 2637/3480/2844
f 2637/3480/2844 2632/3481/2845 2623/3482/2846
f 2623/3482/2846 2632/3481/2845 2614/3483/2847
f 2614/3483/2847 2632/3481/2845 2605/3484/2848
f 2605/3484/2848 2632/3481/2845 2596/3485/2849
f 2632/3481/2845 2587/3486/2843 2596/3485/2849
f 2596/3485/2849 2587/3486/2843 2586/3487/2850
f 2587/3486/2843 2644/3477/2841 2586/3487/2850
f 2586/3487/2850 2644/3477/2841 2585/3488/2851
f 2644/3477/2841 2645/3475/2840 2585/3488/2851
f 2585/3488/2851 2645/3475/2840 2575/3489/2852
f 2645/3475/2840 2647/3474/2839 2575/3489/2852
f 2575/3489/2852 2647/3474/2839 2689/3465/2831
f 2647/3474/2839 2692/3464/2830 2689/3465/2831
f 2689/3465/2831 2687/3467/2833 2575/3489/2852
f 2687/3467/2833 2573/3490/2853 2575/3489/2852
f 2575/3489/2852 2573/3490/2853 2585/3488/2851
f 2573/3490/2853 2571/3491/2854 2585/3488/2851
f 2585/3488/2851 2571/3491/2854 2586/3487/2850
f 2571/3491/2854 2565/3492/2855 2586/3487/2850
f 2586/3487/2850 2565/3492/2855 2596/3485/2849
f 2565/3492/2855 2560/3493/2856 2596/3485/2849
f 2596/3485/2849 2560/3493/2856 2605/3494/2848
f 2560/3493/2856 2556/3495/2857 2605/3494/2848
f 2605/3494/2848 2556/3495/2857 2546/3496/2858
f 2556/3495/2857 2482/3497/2859 2546/3496/2858
f 2560/3493/2856 2533/3498/2860 2556/3495/2857
f 2556/3495/2857 2533/3498/2860 2522/3499/2861
f 2533/3498/2860 2521/3500/2862 2522/3499/2861
f 2522/3499/2861 2521/3500/2862 2520/3501/2863
f 2521/3500/2862 2519/3502/2864 2520/3501/2863
f 2519/3502/2864 2515/3503/2865 2520/3501/2863
f 2515/3503/2865 2504/3504/2866 2520/3501/2863
f 2520/3501/2863 2504/3504/2866 2493/3505/2867
f 2493/3505/2867 2504/3504/2866 2464/3506/2868
f 2504/3504/2866 2490/3507/2869 2464/3506/2868
f 2464/3506/2868 2490/3507/2869 2486/3508/2870
f 2520/3501/2863 2493/3505/2867 2522/3509/2861
f 2493/3505/2867 2482/3510/2859 2522/3509/2861
f 2522/3509/2861 2482/3510/2859 2556/3495/2857
f 2490/3507/2869 2504/3504/2866 2478/3511/2871
f 2504/3504/2866 2515/3503/2865 2478/3511/2871
f 2478/3511/2871 2515/3503/2865 2475/3512/2872
f 2515/3503/2865 2465/3513/2873 2475/3512/2872
f 2475/3512/2872 2465/3513/2873 2486/3508/2870
f 2486/3508/2870 2465/3513/2873 2464/3514/2868
f 2465/3513/2873 2461/3515/2874 2464/3514/2868
f 2464/3514/2868 2461/3515/2874 2493/3505/2867
f 2461/3515/2874 2482/3516/2859 2493/3505/2867
f 2515/3503/2865 2519/3502/2864 2465/3513/2873
f 2465/3513/2873 2519/3502/2864 2461/3515/2874
f 2461/3515/2874 2519/3502/2864 2460/3517/2875
f 2519/3502/2864 2521/3518/2862 2460/3517/2875
f 2460/3517/2875 2521/3518/2862 2454/3519/2876
f 2521/3518/2862 2533/3498/2860 2454/3519/2876
f 2454/3519/2876 2533/3498/2860 2438/3520/2877
f 2533/3498/2860 2560/3493/2856 2438/3520/2877
f 2560/3493/2856 2565/3492/2855 2438/3520/2877
f 2438/3520/2877 2565/3492/2855 2623/3482/2846
f 2565/3492/2855 2571/3491/2854 2623/3482/2846
f 2623/3482/2846 2571/3491/2854 2637/3480/2844
f 2571/3491/2854 2573/3490/2853 2637/3480/2844
f 2637/3480/2844 2573/3490/2853 2641/3478/2842
f 2573/3490/2853 2687/3467/2833 2641/3478/2842
f 2641/3478/2842 2687/3467/2833 2686/3468/2834
f 2623/3482/2846 2614/3483/2847 2438/3520/2877
f 2438/3520/2877 2614/3483/2847 2454/3519/2876
f 2614/3483/2847 2546/3496/2858 2454/3519/2876
f 2454/3519/2876 2546/3496/2858 2460/3521/2875
f 2546/3496/2858 2482/3522/2859 2460/3521/2875
f 2460/3521/2875 2482/3522/2859 2461/3515/2874
f 2614/3483/2847 2605/3484/2848 2546/3496/2858
f 2436/3523/2878 2428/3524/2879 2423/3525/2880
f 2428/3524/2879 2416/3526/2881 2423/3525/2880
f 2416/3526/2881 2404/3527/2882 2423/3525/2880
f 2404/3527/2882 2402/3528/2883 2423/3525/2880
f 2423/3525/2880 2402/3528/2883 2400/3529/2884
f 2402/3528/2883 2363/3530/2885 2400/3529/2884
f 2363/3530/2885 2399/3531/2886 2400/3529/2884
f 2399/3531/2886 2398/3532/2887 2400/3529/2884
f 2398/3532/2887 2436/3523/2878 2400/3529/2884
f 2400/3529/2884 2436/3523/2878 2423/3525/2880
f 2363/3530/2885 2402/3528/2883 2390/3533/2888
f 2402/3528/2883 2376/3534/2889 2390/3533/2888
f 2376/3534/2889 2372/3535/2890 2390/3533/2888
f 2390/3533/2888 2372/3535/2890 2428/3524/2879
f 2372/3535/2890 2416/3526/2881 2428/3524/2879
f 2390/3533/2888 2428/3524/2879 2367/3536/2891
f 2428/3524/2879 2436/3523/2878 2367/3536/2891
f 2367/3536/2891 2436/3523/2878 2365/3537/2892
f 2436/3523/2878 2398/3532/2887 2365/3537/2892
f 2390/3533/2888 2367/3536/2891 2363/3538/2885
f 2367/3536/2891 2355/3539/2893 2363/3538/2885
f 2363/3538/2885 2355/3539/2893 2399/3531/2886
f 2355/3539/2893 2354/3540/2894 2399/3531/2886
f 2399/3531/2886 2354/3540/2894 2349/3541/2895
f 2354/3540/2894 2340/3542/2896 2349/3541/2895
f 2367/3536/2891 2365/3537/2892 2355/3539/2893
f 2365/3537/2892 2329/3543/2897 2355/3539/2893
f 2355/3539/2893 2329/3543/2897 2354/3544/2894
f 2329/3543/2897 2314/3545/2898 2354/3544/2894
f 2354/3544/2894 2314/3545/2898 2340/3542/2896
f 2399/3531/2886 2349/3541/2895 2398/3532/2887
f 2398/3532/2887 2349/3541/2895 2311/3546/2899
f 2349/3541/2895 2309/3547/2900 2311/3546/2899
f 2309/3547/2900 2304/3548/2901 2311/3546/2899
f 2311/3546/2899 2304/3548/2901 2329/3543/2897
f 2304/3548/2901 2314/3545/2898 2329/3543/2897
f 2398/3532/2887 2311/3546/2899 2365/3537/2892
f 2311/3546/2899 2329/3543/2897 2365/3537/2892
f 2349/3541/2895 2340/3542/2896 2309/3547/2900
f 2340/3542/2896 2303/3549/2902 2309/3547/2900
f 2309/3547/2900 2303/3549/2902 2300/3550/2903
f 2300/3550/2903 2303/3549/2902 2298/3551/2904
f 2298/3551/2904 2303/3549/2902 2291/3552/2905
f 2291/3552/2905 2303/3549/2902 2290/3553/2906
f 2303/3549/2902 2340/3542/2896 2290/3553/2906
f 2290/3553/2906 2340/3542/2896 2314/3545/2898
f 2309/3547/2900 2300/3550/2903 2304/3548/2901
f 2304/3548/2901 2300/3550/2903 2273/3554/2907
f 2300/3550/2903 2261/3555/2908 2273/3554/2907
f 2261/3555/2908 2256/3556/2909 2273/3554/2907
f 2273/3554/2907 2256/3556/2909 2290/3557/2906
f 2290/3557/2906 2256/3556/2909 2291/3552/2905
f 2256/3556/2909 2211/3558/2910 2291/3552/2905
f 2304/3548/2901 2273/3554/2907 2314/3545/2898
f 2273/3554/2907 2290/3557/2906 2314/3545/2898
f 2300/3550/2903 2298/3551/2904 2261/3555/2908
f 2261/3555/2908 2298/3551/2904 2243/3559/2911
f 2298/3551/2904 2236/3560/2912 2243/3559/2911
f 2243/3559/2911 2236/3560/2912 2235/3561/2913
f 2236/3560/2912 2220/3562/2914 2235/3561/2913
f 2235/3561/2913 2220/3562/2914 2219/3563/2915
f 2219/3563/2915 2220/3562/2914 2218/3564/2916
f 2218/3564/2916 2220/3562/2914 2213/3565/2917
f 2220/3562/2914 2211/3566/2910 2213/3565/2917
f 2298/3551/2904 2291/3552/2905 2236/3567/2912
f 2291/3552/2905 2211/3568/2910 2236/3567/2912
f 2236/3567/2912 2211/3568/2910 2220/3562/2914
f 2256/3556/2909 2261/3555/2908 2204/3569/2918
f 2261/3555/2908 2243/3570/2911 2204/3569/2918
f 2204/3569/2918 2243/3570/2911 2201/3571/2919
f 2243/3570/2911 2235/3561/2913 2201/3571/2919
f 2201/3571/2919 2235/3561/2913 2200/3572/2920
f 2235/3561/2913 2219/3563/2915 2200/3572/2920
f 2256/3556/2909 2204/3573/2918 2211/3574/2910
f 2211/3574/2910 2204/3573/2918 2213/3565/2917
f 2204/3573/2918 2201/3571/2919 2213/3565/2917
f 2213/3565/2917 2201/3571/2919 2198/3575/2921
f 2201/3571/2919 2200/3572/2920 2198/3575/2921
f 2198/3575/2921 2200/3572/2920 2195/3576/2922
f 2195/3576/2922 2200/3572/2920 2193/3577/2923
f 2200/3572/2920 2219/3563/2915 2193/3577/2923
f 2193/3577/2923 2219/3563/2915 2188/3578/2924
f 2219/3563/2915 2218/3564/2916 2188/3578/2924
f 2213/3565/2917 2198/3575/2921 2218/3579/2916
f 2198/3575/2921 2184/3580/2925 2218/3579/2916
f 2218/3579/2916 2184/3580/2925 2188/3578/2924
f 2184/3580/2925 2173/3581/2926 2188/3578/2924
f 2188/3578/2924 2173/3581/2926 2163/3582/2927
f 2173/3581/2926 2156/3583/2928 2163/3582/2927
f 2156/3583/2928 2146/3584/2929 2163/3582/2927
f 2146/3584/2929 2141/3585/2930 2163/3582/2927
f 2163/3582/2927 2141/3585/2930 2193/3577/2923
f 2193/3577/2923 2141/3585/2930 2195/3576/2922
f 2141/3585/2930 2134/3586/2931 2195/3576/2922
f 2195/3576/2922 2134/3586/2931 2184/3580/2925
f 2184/3580/2925 2134/3586/2931 2173/3587/2926
f 2134/3586/2931 2123/3588/2932 2173/3587/2926
f 2173/3587/2926 2123/3588/2932 2156/3583/2928
f 2184/3580/2925 2198/3575/2921 2195/3576/2922
f 2193/3577/2923 2188/3578/2924 2163/3582/2927
f 2123/3588/2932 2134/3586/2931 2117/3589/2933
f 2134/3586/2931 2141/3585/2930 2117/3589/2933
f 2141/3585/2930 2146/3584/2929 2117/3589/2933
f 2117/3589/2933 2146/3584/2929 2110/3590/2934
f 2146/3584/2929 2108/3591/2935 2110/3590/2934
f 2110/3590/2934 2108/3591/2935 2106/3592/2936
f 2106/3592/2936 2108/3591/2935 2105/3593/2937
f 2105/3593/2937 2108/3591/2935 2098/3594/2938
f 2108/3591/2935 2156/3583/2928 2098/3594/2938
f 2098/3594/2938 2156/3583/2928 2123/3588/2932
f 2146/3584/2929 2156/3583/2928 2108/3591/2935
f 2117/3589/2933 2110/3590/2934 2097/3595/2939
f 2110/3590/2934 2096/3596/2940 2097/3595/2939
f 2096/3596/2940 2094/3597/2941 2097/3595/2939
f 2097/3595/2939 2094/3597/2941 2098/3598/2938
f 2098/3598/2938 2094/3597/2941 2105/3593/2937
f 2094/3597/2941 2376/3599/2889 2105/3593/2937
f 2105/3593/2937 2376/3599/2889 2404/3527/2882
f 2376/3599/2889 2402/3528/2883 2404/3527/2882
f 2110/3590/2934 2106/3592/2936 2096/3596/2940
f 2106/3592/2936 2416/3526/2881 2096/3596/2940
f 2416/3526/2881 2372/3535/2890 2096/3596/2940
f 2096/3596/2940 2372/3535/2890 2094/3597/2941
f 2372/3535/2890 2376/3534/2889 2094/3597/2941
f 2117/3589/2933 2097/3595/2939 2123/3588/2932
f 2097/3595/2939 2098/3598/2938 2123/3588/2932
f 2105/3593/2937 2404/3527/2882 2106/3592/2936
f 2404/3527/2882 2416/3526/2881 2106/3592/2936
f 2721/3460/2826 2704/3462/2828 2655/3472/2837
f 2704/3462/2828 2081/3600/2942 2655/3472/2837
f 2655/3472/2837 2081/3600/2942 2078/3601/2943
f 2081/3600/2942 2077/3602/2944 2078/3601/2943
f 2078/3601/2943 2077/3602/2944 2066/3603/2945
f 2066/3603/2945 2077/3602/2944 2058/3604/2946
f 2058/3604/2946 2077/3602/2944 2056/3605/2947
f 2056/3605/2947 2077/3602/2944 2051/3606/2948
f 2077/3602/2944 2081/3607/2942 2051/3606/2948
f 2051/3606/2948 2081/3607/2942 2050/3608/2949
f 2081/3607/2942 2704/3462/2828 2050/3608/2949
f 2704/3462/2828 2695/3463/2829 2050/3608/2949
f 2050/3608/2949 2695/3463/2829 2039/3609/2950
f 2695/3463/2829 2650/3473/2838 2039/3609/2950
f 2039/3609/2950 2650/3473/2838 2078/3601/2943
f 2650/3473/2838 2655/3472/2837 2078/3601/2943
f 2078/3601/2943 2066/3603/2945 2039/3609/2950
f 2066/3603/2945 2036/3610/2951 2039/3609/2950
f 2039/3609/2950 2036/3610/2951 2050/3608/2949
f 2050/3608/2949 2036/3610/2951 2051/3606/2948
f 2036/3610/2951 2034/3611/2952 2051/3606/2948
f 2051/3606/2948 2034/3611/2952 2056/3612/2947
f 2034/3611/2952 2486/3508/2870 2056/3612/2947
f 2056/3612/2947 2486/3508/2870 2490/3507/2869
f 2486/3508/2870 2034/3611/2952 2475/3512/2872
f 2475/3512/2872 2034/3611/2952 2027/3613/2953
f 2034/3611/2952 2036/3610/2951 2027/3613/2953
f 2036/3610/2951 2066/3603/2945 2027/3613/2953
f 2066/3603/2945 2058/3604/2946 2027/3613/2953
f 2027/3613/2953 2058/3604/2946 2478/3511/2871
f 2478/3511/2871 2058/3604/2946 2490/3507/2869
f 2058/3604/2946 2056/3605/2947 2490/3507/2869
f 2478/3511/2871 2475/3512/2872 2027/3613/2953
f 2007/3614/2954 2002/3615/2955 1996/3616/2956
f 1996/3616/2956 2002/3615/2955 1992/3617/2957
f 2002/3615/2955 2007/3614/2954 1990/3618/2958
f 2007/3614/2954 1945/3619/2959 1990/3618/2958
f 1990/3618/2958 1945/3619/2959 1978/3620/2960
f 1945/3619/2959 1977/3621/2961 1978/3620/2960
f 1978/3620/2960 1977/3621/2961 1968/3622/2962
f 1968/3622/2962 1977/3621/2961 1951/3623/2963
f 1951/3623/2963 1977/3621/2961 1885/3624/2964
f 1885/3624/2964 1977/3621/2961 1949/3625/2965
f 1977/3621/2961 1945/3626/2959 1949/3625/2965
f 1949/3625/2965 1945/3626/2959 1941/3627/2966
f 1945/3626/2959 2007/3614/2954 1941/3627/2966
f 1941/3627/2966 2007/3614/2954 1940/3628/2967
f 2007/3614/2954 1996/3616/2956 1940/3628/2967
f 1940/3628/2967 1996/3616/2956 1932/3629/2968
f 1932/3629/2968 1996/3616/2956 1930/3630/2969
f 1996/3616/2956 1992/3617/2957 1930/3630/2969
f 1930/3630/2969 1992/3617/2957 1923/3631/2970
f 1923/3631/2970 1992/3617/2957 1750/3632/2971
f 1750/3632/2971 1992/3617/2957 1917/3633/2972
f 1992/3617/2957 2002/3634/2955 1917/3633/2972
f 1917/3633/2972 2002/3634/2955 1912/3635/2973
f 2002/3634/2955 1990/3618/2958 1912/3635/2973
f 1912/3635/2973 1990/3618/2958 1906/3636/2974
f 1990/3618/2958 1978/3620/2960 1906/3636/2974
f 1906/3636/2974 1978/3620/2960 1899/3637/2975
f 1978/3620/2960 1968/3622/2962 1899/3637/2975
f 1899/3637/2975 1968/3622/2962 1897/3638/2976
f 1897/3638/2976 1968/3622/2962 1895/3639/2977
f 1968/3622/2962 1951/3623/2963 1895/3639/2977
f 1912/3635/2973 1906/3636/2974 1932/3629/2968
f 1932/3629/2968 1906/3636/2974 1940/3628/2967
f 1906/3636/2974 1899/3637/2975 1940/3628/2967
f 1940/3628/2967 1899/3637/2975 1941/3627/2966
f 1899/3637/2975 1897/3638/2976 1941/3627/2966
f 1941/3627/2966 1897/3638/2976 1949/3625/2965
f 1897/3638/2976 1893/3640/2978 1949/3625/2965
f 1949/3625/2965 1893/3640/2978 1885/3641/2964
f 1885/3641/2964 1893/3640/2978 1883/3642/2979
f 1893/3640/2978 1876/3643/2980 1883/3642/2979
f 1883/3642/2979 1876/3643/2980 1872/3644/2981
f 1876/3643/2980 1863/3645/2982 1872/3644/2981
f 1863/3645/2982 1861/3646/2983 1872/3644/2981
f 1861/3646/2983 1860/3647/2984 1872/3644/2981
f 1872/3644/2981 1860/3647/2984 1784/3648/2985
f 1784/3648/2985 1860/3647/2984 1855/3649/2986
f 1860/3647/2984 1848/3650/2987 1855/3649/2986
f 1855/3649/2986 1848/3650/2987 1830/3651/2988
f 1848/3650/2987 1826/3652/2989 1830/3651/2988
f 1830/3651/2988 1826/3652/2989 1821/3653/2990
f 1821/3653/2990 1826/3652/2989 1814/3654/2991
f 1814/3654/2991 1826/3652/2989 1663/3655/2992
f 1663/3655/2992 1826/3652/2989 1802/3656/2993
f 1826/3652/2989 1848/3657/2987 1802/3656/2993
f 1802/3656/2993 1848/3657/2987 1799/3658/2994
f 1848/3657/2987 1860/3647/2984 1799/3658/2994
f 1860/3647/2984 1861/3646/2983 1799/3658/2994
f 1799/3658/2994 1861/3646/2983 1797/3659/2995
f 1861/3646/2983 1791/3660/2996 1797/3659/2995
f 1797/3659/2995 1791/3660/2996 1830/3651/2988
f 1830/3651/2988 1791/3660/2996 1855/3649/2986
f 1791/3660/2996 1785/3661/2997 1855/3649/2986
f 1855/3649/2986 1785/3661/2997 1784/3662/2985
f 1784/3662/2985 1785/3661/2997 1768/3663/2998
f 1785/3661/2997 1762/3664/2999 1768/3663/2998
f 1768/3663/2998 1762/3664/2999 1951/3623/2963
f 1762/3664/2999 1895/3639/2977 1951/3623/2963
f 1893/3640/2978 1897/3638/2976 1895/3639/2977
f 1784/3648/2985 1883/3665/2979 1872/3644/2981
f 1861/3646/2983 1863/3645/2982 1791/3660/2996
f 1863/3645/2982 1785/3661/2997 1791/3660/2996
f 1797/3659/2995 1830/3651/2988 1821/3653/2990
f 1951/3623/2963 1885/3624/2964 1768/3666/2998
f 1784/3662/2985 1768/3666/2998 1883/3665/2979
f 1768/3666/2998 1885/3641/2964 1883/3665/2979
f 1893/3640/2978 1895/3639/2977 1876/3667/2980
f 1895/3639/2977 1762/3668/2999 1876/3667/2980
f 1876/3667/2980 1762/3668/2999 1863/3645/2982
f 1762/3668/2999 1785/3661/2997 1863/3645/2982
f 1930/3630/2969 1760/3669/3000 1932/3629/2968
f 1932/3629/2968 1760/3669/3000 1912/3635/2973
f 1912/3635/2973 1760/3669/3000 1917/3633/2972
f 1760/3669/3000 1759/3670/3001 1917/3633/2972
f 1917/3633/2972 1759/3670/3001 1750/3671/2971
f 1750/3632/2971 1748/3672/3002 1923/3631/2970
f 1923/3631/2970 1748/3672/3002 1740/3673/3003
f 1740/3673/3003 1748/3672/3002 1729/3674/3004
f 1729/3674/3004 1748/3672/3002 1687/3675/3005
f 1687/3675/3005 1748/3672/3002 1716/3676/3006
f 1748/3672/3002 1750/3671/2971 1716/3676/3006
f 1750/3671/2971 1759/3670/3001 1716/3676/3006
f 1716/3676/3006 1759/3670/3001 1703/3677/3007
f 1759/3670/3001 1698/3678/3008 1703/3677/3007
f 1703/3677/3007 1698/3678/3008 1740/3673/3003
f 1740/3673/3003 1698/3678/3008 1923/3631/2970
f 1923/3631/2970 1698/3678/3008 1930/3630/2969
f 1930/3630/2969 1698/3678/3008 1760/3669/3000
f 1698/3678/3008 1759/3670/3001 1760/3669/3000
f 1687/3675/3005 1692/3679/3009 1729/3674/3004
f 1703/3677/3007 1740/3673/3003 1691/3680/3010
f 1740/3673/3003 1729/3674/3004 1691/3680/3010
f 1691/3680/3010 1729/3674/3004 1689/3681/3011
f 1729/3674/3004 1692/3679/3009 1689/3681/3011
f 1691/3680/3010 1688/3682/3012 1703/3677/3007
f 1703/3677/3007 1688/3682/3012 1716/3676/3006
f 1716/3676/3006 1688/3682/3012 1687/3683/3005
f 1688/3682/3012 1683/3684/3013 1687/3683/3005
f 1687/3683/3005 1683/3684/3013 1692/3679/3009
f 1663/3655/2992 1683/3684/3013 1814/3654/2991
f 1814/3654/2991 1683/3684/3013 1678/3685/3014
f 1683/3684/3013 1688/3682/3012 1678/3685/3014
f 1688/3682/3012 1691/3680/3010 1678/3685/3014
f 1691/3680/3010 1689/3681/3011 1678/3685/3014
f 1678/3685/3014 1689/3681/3011 1667/3686/3015
f 1667/3686/3015 1689/3681/3011 1666/3687/3016
f 1689/3681/3011 1692/3679/3009 1666/3687/3016
f 1666/3687/3016 1692/3679/3009 1663/3688/2992
f 1692/3679/3009 1683/3684/3013 1663/3688/2992
f 1678/3685/3014 1667/3686/3015 1814/3654/2991
f 1814/3654/2991 1667/3686/3015 1821/3653/2990
f 1667/3686/3015 1661/3689/3017 1821/3653/2990
f 1821/3653/2990 1661/3689/3017 1797/3659/2995
f 1797/3659/2995 1661/3689/3017 1799/3658/2994
f 1799/3658/2994 1661/3689/3017 1802/3656/2993
f 1661/3689/3017 1666/3687/3016 1802/3656/2993
f 1802/3656/2993 1666/3687/3016 1663/3688/2992
f 1666/3687/3016 1661/3689/3017 1667/3686/3015
g 01_03
usemtl 03
f 3031/3690/3018 3032/3691/3019 3033/3692/3020
f 3033/3692/3020 3032/3691/3019 3034/3693/3021
f 3032/3691/3019 3035/3694/3022 3034/3693/3021
f 3034/3693/3021 3035/3694/3022 3036/3695/3023
f 3035/3694/3022 3037/3696/3024 3036/3695/3023
f 3037/3696/3024 3038/3697/3025 3036/3695/3023
f 3038/3697/3025 3039/3698/3026 3036/3695/3023
f 3039/3698/3026 3040/3699/3027 3036/3695/3023
f 3036/3695/3023 3040/3699/3027 3034/3693/3021
f 3040/3699/3027 3041/3700/3028 3034/3693/3021
f 3034/3693/3021 3041/3700/3028 3033/3692/3020
f 3041/3700/3028 3042/3701/3029 3033/3692/3020
f 3042/3701/3029 3043/3702/3030 3033/3692/3020
f 3033/3692/3020 3043/3702/3030 3031/3690/3018
f 3043/3702/3030 3044/3703/3031 3031/3690/3018
f 3031/3690/3018 3044/3703/3031 3045/3704/3032
f 3045/3704/3032 3044/3703/3031 3046/3705/3033
f 3046/3705/3033 3044/3703/3031 3047/3706/3034
f 3047/3706/3034 3044/3703/3031 3048/3707/3035
f 3044/3703/3031 3043/3702/3030 3048/3707/3035
f 3045/3704/3032 3049/3708/3036 3031/3690/3018
f 3031/3690/3018 3049/3708/3036 3032/3691/3019
f 3049/3708/3036 3050/3709/3037 3032/3691/3019
f 3032/3691/3019 3050/3709/3037 3035/3694/3022
f 3050/3709/3037 3051/3710/3038 3035/3694/3022
f 3035/3694/3022 3051/3710/3038 3037/3696/3024
f 3051/3710/3038 3052/3711/3039 3037/3696/3024
f 3052/3711/3039 3053/3712/3040 3037/3696/3024
f 3037/3696/3024 3053/3712/3040 3038/3697/3025
f 3053/3712/3040 3054/3713/3041 3038/3697/3025
f 3054/3713/3041 3055/3714/3042 3038/3697/3025
f 3038/3697/3025 3055/3714/3042 3039/3698/3026
f 3055/3714/3042 3056/3715/3043 3039/3698/3026
f 3056/3715/3043 3057/3716/3044 3039/3698/3026
f 3039/3698/3026 3057/3716/3044 3040/3699/3027
f 3057/3716/3044 3058/3717/3045 3040/3699/3027
f 3040/3699/3027 3058/3717/3045 3041/3700/3028
f 3058/3717/3045 3059/3718/3046 3041/3700/3028
f 3041/3700/3028 3059/3718/3046 3042/3701/3029
f 3059/3718/3046 3060/3719/3047 3042/3701/3029
f 3042/3701/3029 3060/3719/3047 3043/3702/3030
f 3060/3719/3047 3061/3720/3048 3043/3702/3030
f 3043/3702/3030 3061/3720/3048 3048/3707/3035
f 3061/3720/3048 3062/3721/3049 3048/3707/3035
f 3062/3721/3049 3063/3722/3050 3048/3707/3035
f 3048/3707/3035 3063/3722/3050 3047/3706/3034
f 3063/3722/3050 3064/3723/3051 3047/3706/3034
f 3047/3706/3034 3064/3723/3051 3046/3705/3033
f 3064/3723/3051 3065/3724/3052 3046/3705/3033
f 3046/3705/3033 3065/3724/3052 3045/3704/3032
f 3065/3724/3052 3066/3725/3053 3045/3704/3032
f 3045/3704/3032 3066/3725/3053 3067/3726/3054
f 3067/3726/3054 3066/3725/3053 3068/3727/3055
f 3066/3725/3053 3069/3728/3056 3068/3727/3055
f 3069/3728/3056 3070/3729/3057 3068/3727/3055
f 3068/3727/3055 3070/3729/3057 3071/3730/3058
f 3070/3729/3057 3072/3731/3059 3071/3730/3058
f 3045/3704/3032 3067/3726/3054 3049/3708/3036
f 3067/3726/3054 3073/3732/3060 3049/3708/3036
f 3073/3732/3060 3074/3733/3061 3049/3708/3036
f 3049/3708/3036 3074/3733/3061 3050/3709/3037
f 3069/3728/3056 3066/3725/3053 3075/3734/3062
f 3066/3725/3053 3065/3724/3052 3075/3734/3062
f 3075/3734/3062 3065/3724/3052 3064/3723/3051
f 3067/3726/3054 3068/3727/3055 3073/3732/3060
f 3068/3727/3055 3071/3730/3058 3073/3732/3060
f 3071/3730/3058 3076/3735/3063 3073/3732/3060
f 3073/3732/3060 3076/3735/3063 3074/3733/3061
f 3076/3735/3063 3077/3736/3064 3074/3733/3061
f 3074/3733/3061 3077/3736/3064 3050/3709/3037
f 3077/3736/3064 3078/3737/3065 3050/3709/3037
f 3050/3709/3037 3078/3737/3065 3051/3710/3038
f 3078/3737/3065 3079/3738/3066 3051/3710/3038
f 3051/3710/3038 3079/3738/3066 3080/3739/3067
f 3080/3739/3067 3079/3738/3066 3081/3740/3068
f 3081/3740/3068 3079/3738/3066 3082/3741/3069
f 3079/3738/3066 3083/3742/3070 3082/3741/3069
f 3082/3741/3069 3083/3742/3070 3084/3743/3071
f 3084/3743/3071 3083/3742/3070 3085/3744/3072
f 3083/3742/3070 3077/3736/3064 3085/3744/3072
f 3077/3736/3064 3076/3735/3063 3085/3744/3072
f 3076/3735/3063 3071/3730/3058 3085/3744/3072
f 3085/3744/3072 3071/3730/3058 3086/3745/3073
f 3071/3730/3058 3072/3731/3059 3086/3745/3073
f 3072/3731/3059 3087/3746/3074 3086/3745/3073
f 3086/3745/3073 3087/3746/3074 3088/3747/3075
f 3087/3746/3074 3089/3748/3076 3088/3747/3075
f 3077/3736/3064 3083/3742/3070 3078/3737/3065
f 3083/3742/3070 3079/3738/3066 3078/3737/3065
f 3051/3710/3038 3080/3739/3067 3052/3711/3039
f 3085/3744/3072 3086/3745/3073 3084/3743/3071
f 3086/3745/3073 3088/3747/3075 3084/3743/3071
f 3084/3743/3071 3088/3747/3075 3090/3749/3077
f 3090/3749/3077 3088/3747/3075 3091/3750/3078
f 3088/3747/3075 3089/3748/3076 3091/3750/3078
f 3089/3748/3076 3092/3751/3079 3091/3750/3078
f 3091/3750/3078 3092/3751/3079 3093/3752/3080
f 3092/3751/3079 3094/3753/3081 3093/3752/3080
f 3093/3752/3080 3094/3753/3081 3095/3754/3082
f 3094/3753/3081 3096/3755/3083 3095/3754/3082
f 3095/3754/3082 3096/3755/3083 3097/3756/3084
f 3096/3755/3083 3098/3757/3085 3097/3756/3084
f 3097/3756/3084 3098/3757/3085 3099/3758/3086
f 3098/3757/3085 3100/3759/3087 3099/3758/3086
f 3099/3758/3086 3100/3759/3087 3101/3760/3088
f 3100/3759/3087 3102/3761/3089 3101/3760/3088
f 3101/3760/3088 3102/3761/3089 3103/3762/3090
f 3102/3761/3089 3104/3763/3091 3103/3762/3090
f 3103/3762/3090 3104/3763/3091 3105/3764/3092
f 3105/3764/3092 3104/3763/3091 3106/3765/3093
f 3104/3763/3091 3107/3766/3094 3106/3765/3093
f 3106/3765/3093 3107/3766/3094 3108/3767/3095
f 3107/3766/3094 3109/3768/3096 3108/3767/3095
f 3109/3768/3096 3110/3769/3097 3108/3767/3095
f 3108/3767/3095 3110/3769/3097 3111/3770/3098
f 3110/3769/3097 3112/3771/3099 3111/3770/3098
f 3090/3749/3077 3082/3741/3069 3084/3743/3071
f 3104/3763/3091 3102/3761/3089 3107/3766/3094
f 3111/3770/3098 3113/3772/3100 3108/3767/3095
f 3108/3767/3095 3113/3772/3100 3106/3765/3093
f 3113/3772/3100 3114/3773/3101 3106/3765/3093
f 3106/3765/3093 3114/3773/3101 3105/3764/3092
f 3114/3773/3101 3113/3772/3100 3115/3774/3102
f 3113/3772/3100 3111/3770/3098 3115/3774/3102
f 3111/3770/3098 3112/3771/3099 3115/3774/3102
f 3112/3771/3099 3116/3775/3103 3115/3774/3102
f 3116/3775/3103 3117/3776/3104 3115/3774/3102
f 3117/3776/3104 3118/3777/3105 3115/3774/3102
f 3115/3774/3102 3118/3777/3105 3114/3773/3101
f 3118/3777/3105 3119/3778/3106 3114/3773/3101
f 3119/3778/3106 3120/3779/3107 3114/3773/3101
f 3114/3773/3101 3120/3779/3107 3105/3764/3092
f 3105/3764/3092 3120/3779/3107 3103/3762/3090
f 3120/3779/3107 3121/3780/3108 3103/3762/3090
f 3121/3780/3108 3122/3781/3109 3103/3762/3090
f 3103/3762/3090 3122/3781/3109 3101/3760/3088
f 3101/3760/3088 3122/3781/3109 3099/3758/3086
f 3122/3781/3109 3123/3782/3110 3099/3758/3086
f 3123/3782/3110 3124/3783/3111 3099/3758/3086
f 3099/3758/3086 3124/3783/3111 3097/3756/3084
f 3097/3756/3084 3124/3783/3111 3095/3754/3082
f 3124/3783/3111 3125/3784/3112 3095/3754/3082
f 3095/3754/3082 3125/3784/3112 3093/3752/3080
f 3125/3784/3112 3126/3785/3113 3093/3752/3080
f 3093/3752/3080 3126/3785/3113 3091/3750/3078
f 3091/3750/3078 3126/3785/3113 3090/3749/3077
f 3126/3785/3113 3127/3786/3114 3090/3749/3077
f 3090/3749/3077 3127/3786/3114 3082/3741/3069
f 3082/3741/3069 3127/3786/3114 3081/3740/3068
f 3127/3786/3114 3128/3787/3115 3081/3740/3068
f 3081/3740/3068 3128/3787/3115 3129/3788/3116
f 3128/3787/3115 3130/3789/3117 3129/3788/3116
f 3130/3789/3117 3131/3790/3118 3129/3788/3116
f 3129/3788/3116 3131/3790/3118 3080/3739/3067
f 3131/3790/3118 3052/3711/3039 3080/3739/3067
f 3081/3740/3068 3129/3788/3116 3080/3739/3067
f 3127/3786/3114 3132/3791/3119 3128/3787/3115
f 3128/3787/3115 3132/3791/3119 3133/3792/3120
f 3133/3792/3120 3132/3791/3119 3134/3793/3121
f 3132/3791/3119 3125/3784/3112 3134/3793/3121
f 3134/3793/3121 3125/3784/3112 3135/3794/3122
f 3125/3784/3112 3124/3783/3111 3135/3794/3122
f 3135/3794/3122 3124/3783/3111 3136/3795/3123
f 3124/3783/3111 3123/3782/3110 3136/3795/3123
f 3136/3795/3123 3123/3782/3110 3137/3796/3124
f 3137/3796/3124 3123/3782/3110 3138/3797/3125
f 3123/3782/3110 3122/3781/3109 3138/3797/3125
f 3138/3797/3125 3122/3781/3109 3139/3798/3126
f 3122/3781/3109 3121/3780/3108 3139/3798/3126
f 3139/3798/3126 3121/3780/3108 3140/3799/3127
f 3121/3780/3108 3120/3779/3107 3140/3799/3127
f 3140/3799/3127 3120/3779/3107 3141/3800/3128
f 3120/3779/3107 3119/3778/3106 3141/3800/3128
f 3141/3800/3128 3119/3778/3106 3142/3801/3129
f 3142/3801/3129 3119/3778/3106 3143/3802/3130
f 3119/3778/3106 3118/3777/3105 3143/3802/3130
f 3143/3802/3130 3118/3777/3105 3144/3803/3131
f 3118/3777/3105 3117/3776/3104 3144/3803/3131
f 3144/3803/3131 3117/3776/3104 3145/3804/3132
f 3145/3804/3132 3117/3776/3104 3146/3805/3133
f 3117/3776/3104 3116/3775/3103 3146/3805/3133
f 3146/3805/3133 3116/3775/3103 3147/3806/3134
f 3116/3775/3103 3148/3807/3135 3147/3806/3134
f 3147/3806/3134 3148/3807/3135 3149/3808/3136
f 3133/3792/3120 3130/3789/3117 3128/3787/3115
f 3127/3786/3114 3126/3785/3113 3132/3791/3119
f 3126/3785/3113 3125/3784/3112 3132/3791/3119
f 3116/3775/3103 3112/3771/3099 3148/3807/3135
f 3112/3771/3099 3150/3809/3137 3148/3807/3135
f 3150/3809/3137 3151/3810/3138 3148/3807/3135
f 3148/3807/3135 3151/3810/3138 3149/3808/3136
f 3151/3810/3138 3152/3811/3139 3149/3808/3136
f 3153/3812/3140 3150/3809/3137 3112/3771/3099
f 3145/3804/3132 3154/3813/3141 3144/3803/3131
f 3144/3803/3131 3154/3813/3141 3155/3814/3142
f 3154/3813/3141 3156/3815/3143 3155/3814/3142
f 3144/3803/3131 3155/3814/3142 3143/3802/3130
f 3155/3814/3142 3157/3816/3144 3143/3802/3130
f 3143/3802/3130 3157/3816/3144 3142/3801/3129
f 3157/3816/3144 3158/3817/3145 3142/3801/3129
f 3158/3817/3145 3159/3818/3146 3142/3801/3129
f 3142/3801/3129 3159/3818/3146 3160/3819/3147
f 3159/3818/3146 3161/3820/3148 3160/3819/3147
f 3160/3819/3147 3161/3820/3148 3162/3821/3149
f 3161/3820/3148 3163/3822/3150 3162/3821/3149
f 3162/3821/3149 3163/3822/3150 3164/3823/3151
f 3163/3822/3150 3165/3824/3152 3164/3823/3151
f 3164/3823/3151 3165/3824/3152 3140/3799/3127
f 3140/3799/3127 3165/3824/3152 3139/3798/3126
f 3139/3798/3126 3165/3824/3152 3166/3825/3153
f 3165/3824/3152 3167/3826/3154 3166/3825/3153
f 3167/3826/3154 3168/3827/3155 3166/3825/3153
f 3166/3825/3153 3168/3827/3155 3139/3798/3126
f 3139/3798/3126 3168/3827/3155 3138/3797/3125
f 3168/3827/3155 3169/3828/3156 3138/3797/3125
f 3138/3797/3125 3169/3828/3156 3137/3796/3124
f 3169/3828/3156 3170/3829/3157 3137/3796/3124
f 3137/3796/3124 3170/3829/3157 3136/3795/3123
f 3136/3795/3123 3170/3829/3157 3135/3794/3122
f 3170/3829/3157 3171/3830/3158 3135/3794/3122
f 3171/3830/3158 3172/3831/3159 3135/3794/3122
f 3135/3794/3122 3172/3831/3159 3134/3793/3121
f 3134/3793/3121 3172/3831/3159 3133/3792/3120
f 3172/3831/3159 3173/3832/3160 3133/3792/3120
f 3133/3792/3120 3173/3832/3160 3130/3789/3117
f 3173/3832/3160 3174/3833/3161 3130/3789/3117
f 3130/3789/3117 3174/3833/3161 3131/3790/3118
f 3142/3801/3129 3160/3819/3147 3141/3800/3128
f 3160/3819/3147 3162/3821/3149 3141/3800/3128
f 3141/3800/3128 3162/3821/3149 3140/3799/3127
f 3162/3821/3149 3164/3823/3151 3140/3799/3127
f 3167/3826/3154 3165/3824/3152 3163/3822/3150
f 3172/3831/3159 3175/3834/3162 3173/3832/3160
f 3173/3832/3160 3175/3834/3162 3176/3835/3163
f 3175/3834/3162 3177/3836/3164 3176/3835/3163
f 3177/3836/3164 3178/3837/3165 3176/3835/3163
f 3178/3837/3165 3179/3838/3166 3176/3835/3163
f 3176/3835/3163 3179/3838/3166 3174/3833/3161
f 3174/3833/3161 3179/3838/3166 3131/3790/3118
f 3179/3838/3166 3180/3839/3167 3131/3790/3118
f 3131/3790/3118 3180/3839/3167 3052/3711/3039
f 3052/3711/3039 3180/3839/3167 3053/3712/3040
f 3180/3839/3167 3181/3840/3168 3053/3712/3040
f 3053/3712/3040 3181/3840/3168 3054/3713/3041
f 3173/3832/3160 3176/3835/3163 3174/3833/3161
f 3172/3831/3159 3171/3830/3158 3175/3834/3162
f 3171/3830/3158 3182/3841/3169 3175/3834/3162
f 3175/3834/3162 3182/3841/3169 3177/3836/3164
f 3181/3840/3168 3180/3839/3167 3183/3842/3170
f 3180/3839/3167 3179/3838/3166 3183/3842/3170
f 3183/3842/3170 3179/3838/3166 3184/3843/3171
f 3179/3838/3166 3178/3837/3165 3184/3843/3171
f 3184/3843/3171 3178/3837/3165 3185/3844/3172
f 3178/3837/3165 3177/3836/3164 3185/3844/3172
f 3185/3844/3172 3177/3836/3164 3186/3845/3173
f 3177/3836/3164 3182/3841/3169 3186/3845/3173
f 3186/3845/3173 3182/3841/3169 3187/3846/3174
f 3187/3846/3174 3182/3841/3169 3188/3847/3175
f 3182/3841/3169 3171/3830/3158 3188/3847/3175
f 3188/3847/3175 3171/3830/3158 3189/3848/3176
f 3171/3830/3158 3170/3829/3157 3189/3848/3176
f 3189/3848/3176 3170/3829/3157 3190/3849/3177
f 3190/3849/3177 3170/3829/3157 3191/3850/3178
f 3170/3829/3157 3169/3828/3156 3191/3850/3178
f 3191/3850/3178 3169/3828/3156 3192/3851/3179
f 3169/3828/3156 3168/3827/3155 3192/3851/3179
f 3168/3827/3155 3167/3826/3154 3192/3851/3179
f 3192/3851/3179 3167/3826/3154 3193/3852/3180
f 3167/3826/3154 3163/3822/3150 3193/3852/3180
f 3193/3852/3180 3163/3822/3150 3194/3853/3181
f 3163/3822/3150 3161/3820/3148 3194/3853/3181
f 3194/3853/3181 3161/3820/3148 3195/3854/3182
f 3195/3854/3182 3161/3820/3148 3196/3855/3183
f 3161/3820/3148 3159/3818/3146 3196/3855/3183
f 3196/3855/3183 3159/3818/3146 3197/3856/3184
f 3159/3818/3146 3158/3817/3145 3197/3856/3184
f 3197/3856/3184 3158/3817/3145 3198/3857/3185
f 3158/3817/3145 3157/3816/3144 3198/3857/3185
f 3198/3857/3185 3157/3816/3144 3199/3858/3186
f 3157/3816/3144 3155/3814/3142 3199/3858/3186
f 3199/3858/3186 3155/3814/3142 3200/3859/3187
f 3155/3814/3142 3156/3815/3143 3200/3859/3187
f 3198/3857/3185 3201/3860/3188 3197/3856/3184
f 3197/3856/3184 3201/3860/3188 3196/3855/3183
f 3201/3860/3188 3202/3861/3189 3196/3855/3183
f 3202/3861/3189 3203/3862/3190 3196/3855/3183
f 3196/3855/3183 3203/3862/3190 3195/3854/3182
f 3201/3860/3188 3198/3857/3185 3204/3863/3191
f 3198/3857/3185 3199/3858/3186 3204/3863/3191
f 3204/3863/3191 3199/3858/3186 3205/3864/3192
f 3199/3858/3186 3200/3859/3187 3205/3864/3192
f 3205/3864/3192 3200/3859/3187 3206/3865/3193
f 3206/3865/3193 3200/3859/3187 3207/3866/3194
f 3200/3859/3187 3156/3815/3143 3207/3866/3194
f 3156/3815/3143 3208/3867/3195 3207/3866/3194
f 3207/3866/3194 3208/3867/3195 3209/3868/3196
f 3208/3867/3195 3210/3869/3197 3209/3868/3196
f 3209/3868/3196 3210/3869/3197 3207/3866/3194
f 3207/3866/3194 3210/3869/3197 3206/3865/3193
f 3210/3869/3197 3211/3870/3198 3206/3865/3193
f 3206/3865/3193 3211/3870/3198 3202/3861/3189
f 3202/3861/3189 3211/3870/3198 3203/3862/3190
f 3211/3870/3198 3212/3871/3199 3203/3862/3190
f 3212/3871/3199 3213/3872/3200 3203/3862/3190
f 3203/3862/3190 3213/3872/3200 3195/3854/3182
f 3213/3872/3200 3214/3873/3201 3195/3854/3182
f 3195/3854/3182 3214/3873/3201 3194/3853/3181
f 3214/3873/3201 3215/3874/3202 3194/3853/3181
f 3194/3853/3181 3215/3874/3202 3193/3852/3180
f 3215/3874/3202 3216/3875/3203 3193/3852/3180
f 3193/3852/3180 3216/3875/3203 3192/3851/3179
f 3216/3875/3203 3217/3876/3204 3192/3851/3179
f 3192/3851/3179 3217/3876/3204 3191/3850/3178
f 3191/3850/3178 3217/3876/3204 3190/3849/3177
f 3217/3876/3204 3218/3877/3205 3190/3849/3177
f 3218/3877/3205 3219/3878/3206 3190/3849/3177
f 3190/3849/3177 3219/3878/3206 3189/3848/3176
f 3189/3848/3176 3219/3878/3206 3188/3847/3175
f 3219/3878/3206 3220/3879/3207 3188/3847/3175
f 3188/3847/3175 3220/3879/3207 3187/3846/3174
f 3201/3860/3188 3204/3863/3191 3202/3861/3189
f 3204/3863/3191 3205/3864/3192 3202/3861/3189
f 3202/3861/3189 3205/3864/3192 3206/3865/3193
f 3210/3869/3197 3212/3871/3199 3211/3870/3198
f 3220/3879/3207 3219/3878/3206 3221/3880/3208
f 3219/3878/3206 3218/3877/3205 3221/3880/3208
f 3221/3880/3208 3218/3877/3205 3222/3881/3209
f 3218/3877/3205 3223/3882/3210 3222/3881/3209
f 3222/3881/3209 3223/3882/3210 3224/3883/3211
f 3223/3882/3210 3225/3884/3212 3224/3883/3211
f 3225/3884/3212 3226/3885/3213 3224/3883/3211
f 3224/3883/3211 3226/3885/3213 3221/3880/3208
f 3226/3885/3213 3220/3879/3207 3221/3880/3208
f 3224/3883/3211 3221/3880/3208 3222/3881/3209
f 3223/3882/3210 3218/3877/3205 3227/3886/3214
f 3218/3877/3205 3217/3876/3204 3227/3886/3214
f 3217/3876/3204 3216/3875/3203 3227/3886/3214
f 3216/3875/3203 3228/3887/3215 3227/3886/3214
f 3227/3886/3214 3228/3887/3215 3229/3888/3216
f 3228/3887/3215 3230/3889/3217 3229/3888/3216
f 3229/3888/3216 3230/3889/3217 3231/3890/3218
f 3230/3889/3217 3232/3891/3219 3231/3890/3218
f 3231/3890/3218 3232/3891/3219 3233/3892/3220
f 3232/3891/3219 3234/3893/3221 3233/3892/3220
f 3234/3893/3221 3235/3894/3222 3233/3892/3220
f 3233/3892/3220 3235/3894/3222 3236/3895/3223
f 3235/3894/3222 3237/3896/3224 3236/3895/3223
f 3236/3895/3223 3237/3896/3224 3225/3884/3212
f 3237/3896/3224 3238/3897/3225 3225/3884/3212
f 3238/3897/3225 3239/3898/3226 3225/3884/3212
f 3225/3884/3212 3239/3898/3226 3226/3885/3213
f 3239/3898/3226 3240/3899/3227 3226/3885/3213
f 3226/3885/3213 3240/3899/3227 3220/3879/3207
f 3227/3886/3214 3229/3888/3216 3223/3882/3210
f 3229/3888/3216 3231/3890/3218 3223/3882/3210
f 3223/3882/3210 3231/3890/3218 3236/3895/3223
f 3231/3890/3218 3233/3892/3220 3236/3895/3223
f 3225/3884/3212 3223/3882/3210 3236/3895/3223
f 3240/3899/3227 3239/3898/3226 3241/3900/3228
f 3239/3898/3226 3238/3897/3225 3241/3900/3228
f 3241/3900/3228 3238/3897/3225 3242/3901/3229
f 3238/3897/3225 3237/3896/3224 3242/3901/3229
f 3242/3901/3229 3237/3896/3224 3243/3902/3230
f 3237/3896/3224 3235/3894/3222 3243/3902/3230
f 3243/3902/3230 3235/3894/3222 3244/3903/3231
f 3235/3894/3222 3234/3893/3221 3244/3903/3231
f 3244/3903/3231 3234/3893/3221 3245/3904/3232
f 3234/3893/3221 3232/3891/3219 3245/3904/3232
f 3245/3904/3232 3232/3891/3219 3246/3905/3233
f 3246/3905/3233 3232/3891/3219 3247/3906/3234
f 3232/3891/3219 3230/3889/3217 3247/3906/3234
f 3247/3906/3234 3230/3889/3217 3248/3907/3235
f 3230/3889/3217 3228/3887/3215 3248/3907/3235
f 3228/3887/3215 3216/3875/3203 3248/3907/3235
f 3216/3875/3203 3215/3874/3202 3248/3907/3235
f 3248/3907/3235 3215/3874/3202 3249/3908/3236
f 3215/3874/3202 3214/3873/3201 3249/3908/3236
f 3249/3908/3236 3250/3909/3237 3248/3907/3235
f 3248/3907/3235 3250/3909/3237 3247/3906/3234
f 3247/3906/3234 3250/3909/3237 3246/3905/3233
f 3250/3909/3237 3251/3910/3238 3246/3905/3233
f 3246/3905/3233 3251/3910/3238 3252/3911/3239
f 3252/3911/3239 3251/3910/3238 3253/3912/3240
f 3251/3910/3238 3249/3908/3236 3253/3912/3240
f 3253/3912/3240 3249/3908/3236 3254/3913/3241
f 3249/3908/3236 3214/3873/3201 3254/3913/3241
f 3254/3913/3241 3214/3873/3201 3255/3914/3242
f 3214/3873/3201 3213/3872/3200 3255/3914/3242
f 3249/3908/3236 3251/3910/3238 3250/3909/3237
f 3246/3905/3233 3256/3915/3243 3245/3904/3232
f 3256/3915/3243 3257/3916/3244 3245/3904/3232
f 3245/3904/3232 3257/3916/3244 3244/3903/3231
f 3256/3915/3243 3246/3905/3233 3252/3911/3239
f 3255/3914/3242 3258/3917/3245 3254/3913/3241
f 3258/3917/3245 3253/3912/3240 3254/3913/3241
f 3258/3917/3245 3255/3914/3242 3259/3918/3246
f 3255/3914/3242 3213/3872/3200 3259/3918/3246
f 3259/3918/3246 3213/3872/3200 3260/3919/3247
f 3213/3872/3200 3212/3871/3199 3260/3919/3247
f 3260/3919/3247 3212/3871/3199 3261/3920/3248
f 3212/3871/3199 3262/3921/3249 3261/3920/3248
f 3261/3920/3248 3262/3921/3249 3263/3922/3250
f 3262/3921/3249 3264/3923/3251 3263/3922/3250
f 3264/3923/3251 3265/3924/3252 3263/3922/3250
f 3265/3924/3252 3266/3925/3253 3263/3922/3250
f 3263/3922/3250 3266/3925/3253 3267/3926/3254
f 3266/3925/3253 3268/3927/3255 3267/3926/3254
f 3268/3927/3255 3269/3928/3256 3267/3926/3254
f 3267/3926/3254 3269/3928/3256 3263/3922/3250
f 3269/3928/3256 3270/3929/3257 3263/3922/3250
f 3263/3922/3250 3270/3929/3257 3261/3920/3248
f 3261/3920/3248 3270/3929/3257 3260/3919/3247
f 3260/3919/3247 3270/3929/3257 3259/3918/3246
f 3270/3929/3257 3271/3930/3258 3259/3918/3246
f 3259/3918/3246 3271/3930/3258 3258/3917/3245
f 3258/3917/3245 3271/3930/3258 3253/3912/3240
f 3271/3930/3258 3272/3931/3259 3253/3912/3240
f 3253/3912/3240 3272/3931/3259 3252/3911/3239
f 3212/3871/3199 3210/3869/3197 3262/3921/3249
f 3262/3921/3249 3210/3869/3197 3273/3932/3260
f 3210/3869/3197 3208/3867/3195 3273/3932/3260
f 3262/3921/3249 3273/3932/3260 3264/3923/3251
f 3268/3927/3255 3266/3925/3253 3274/3933/3261
f 3272/3931/3259 3271/3930/3258 3275/3934/3262
f 3271/3930/3258 3270/3929/3257 3275/3934/3262
f 3270/3929/3257 3269/3928/3256 3275/3934/3262
f 3275/3934/3262 3269/3928/3256 3276/3935/3263
f 3269/3928/3256 3277/3936/3264 3276/3935/3263
f 3276/3935/3263 3277/3936/3264 3278/3937/3265
f 3278/3937/3265 3277/3936/3264 3279/3938/3266
f 3277/3936/3264 3268/3927/3255 3279/3938/3266
f 3279/3938/3266 3268/3927/3255 3280/3939/3267
f 3268/3927/3255 3274/3933/3261 3280/3939/3267
f 3274/3933/3261 3281/3940/3268 3280/3939/3267
f 3280/3939/3267 3281/3940/3268 3282/3941/3269
f 3281/3940/3268 3283/3942/3270 3282/3941/3269
f 3283/3942/3270 3284/3943/3271 3282/3941/3269
f 3282/3941/3269 3284/3943/3271 3285/3944/3272
f 3284/3943/3271 3286/3945/3273 3285/3944/3272
f 3268/3927/3255 3277/3936/3264 3269/3928/3256
f 3285/3944/3272 3287/3946/3274 3282/3941/3269
f 3282/3941/3269 3287/3946/3274 3280/3939/3267
f 3287/3946/3274 3288/3947/3275 3280/3939/3267
f 3280/3939/3267 3288/3947/3275 3279/3938/3266
f 3288/3947/3275 3289/3948/3276 3279/3938/3266
f 3279/3938/3266 3289/3948/3276 3290/3949/3277
f 3290/3949/3277 3289/3948/3276 3291/3950/3278
f 3289/3948/3276 3288/3947/3275 3291/3950/3278
f 3291/3950/3278 3288/3947/3275 3285/3944/3272
f 3288/3947/3275 3287/3946/3274 3285/3944/3272
f 3290/3949/3277 3292/3951/3279 3279/3938/3266
f 3279/3938/3266 3292/3951/3279 3278/3937/3265
f 3292/3951/3279 3293/3952/3280 3278/3937/3265
f 3278/3937/3265 3293/3952/3280 3276/3935/3263
f 3293/3952/3280 3292/3951/3279 3294/3953/3281
f 3294/3953/3281 3292/3951/3279 3295/3954/3282
f 3292/3951/3279 3290/3949/3277 3295/3954/3282
f 3295/3954/3282 3290/3949/3277 3296/3955/3283
f 3290/3949/3277 3291/3950/3278 3296/3955/3283
f 3296/3955/3283 3297/3956/3284 3295/3954/3282
f 3297/3956/3284 3298/3957/3285 3295/3954/3282
f 3295/3954/3282 3298/3957/3285 3294/3953/3281
f 3298/3957/3285 3299/3958/3286 3294/3953/3281
f 3294/3953/3281 3299/3958/3286 3293/3952/3280
f 3299/3958/3286 3300/3959/3287 3293/3952/3280
f 3293/3952/3280 3300/3959/3287 3276/3935/3263
f 3300/3959/3287 3301/3960/3288 3276/3935/3263
f 3276/3935/3263 3301/3960/3288 3275/3934/3262
f 3301/3960/3288 3302/3961/3289 3275/3934/3262
f 3275/3934/3262 3302/3961/3289 3272/3931/3259
f 3272/3931/3259 3302/3961/3289 3252/3911/3239
f 3302/3961/3289 3303/3962/3290 3252/3911/3239
f 3252/3911/3239 3303/3962/3290 3256/3915/3243
f 3303/3962/3290 3304/3963/3291 3256/3915/3243
f 3256/3915/3243 3304/3963/3291 3257/3916/3244
f 3304/3963/3291 3305/3964/3292 3257/3916/3244
f 3257/3916/3244 3305/3964/3292 3244/3903/3231
f 3302/3961/3289 3301/3960/3288 3303/3962/3290
f 3301/3960/3288 3300/3959/3287 3303/3962/3290
f 3300/3959/3287 3299/3958/3286 3303/3962/3290
f 3303/3962/3290 3299/3958/3286 3304/3963/3291
f 3299/3958/3286 3306/3965/3293 3304/3963/3291
f 3304/3963/3291 3306/3965/3293 3305/3964/3292
f 3299/3958/3286 3298/3957/3285 3306/3965/3293
f 3306/3965/3293 3298/3957/3285 3307/3966/3294
f 3298/3957/3285 3308/3967/3295 3307/3966/3294
f 3307/3966/3294 3308/3967/3295 3309/3968/3296
f 3309/3968/3296 3308/3967/3295 3310/3969/3297
f 3308/3967/3295 3297/3956/3284 3310/3969/3297
f 3310/3969/3297 3297/3956/3284 3296/3955/3283
f 3308/3967/3295 3298/3957/3285 3297/3956/3284
f 3309/3968/3296 3311/3970/3298 3307/3966/3294
f 3307/3966/3294 3311/3970/3298 3306/3965/3293
f 3311/3970/3298 3312/3971/3299 3306/3965/3293
f 3306/3965/3293 3312/3971/3299 3305/3964/3292
f 3312/3971/3299 3313/3972/3300 3305/3964/3292
f 3305/3964/3292 3313/3972/3300 3244/3903/3231
f 3313/3972/3300 3314/3973/3301 3244/3903/3231
f 3244/3903/3231 3314/3973/3301 3243/3902/3230
f 3314/3973/3301 3315/3974/3302 3243/3902/3230
f 3243/3902/3230 3315/3974/3302 3242/3901/3229
f 3315/3974/3302 3316/3975/3303 3242/3901/3229
f 3242/3901/3229 3316/3975/3303 3241/3900/3228
f 3316/3975/3303 3317/3976/3304 3241/3900/3228
f 3241/3900/3228 3317/3976/3304 3240/3899/3227
f 3317/3976/3304 3316/3975/3303 3318/3977/3305
f 3318/3977/3305 3316/3975/3303 3319/3978/3306
f 3316/3975/3303 3315/3974/3302 3319/3978/3306
f 3319/3978/3306 3315/3974/3302 3320/3979/3307
f 3320/3979/3307 3315/3974/3302 3321/3980/3308
f 3315/3974/3302 3314/3973/3301 3321/3980/3308
f 3321/3980/3308 3314/3973/3301 3322/3981/3309
f 3314/3973/3301 3313/3972/3300 3322/3981/3309
f 3322/3981/3309 3313/3972/3300 3323/3982/3310
f 3313/3972/3300 3312/3971/3299 3323/3982/3310
f 3312/3971/3299 3311/3970/3298 3323/3982/3310
f 3311/3970/3298 3309/3968/3296 3323/3982/3310
f 3309/3968/3296 3324/3983/3311 3323/3982/3310
f 3324/3983/3311 3325/3984/3312 3323/3982/3310
f 3323/3982/3310 3325/3984/3312 3322/3981/3309
f 3325/3984/3312 3326/3985/3313 3322/3981/3309
f 3322/3981/3309 3326/3985/3313 3321/3980/3308
f 3321/3980/3308 3326/3985/3313 3320/3979/3307
f 3320/3979/3307 3326/3985/3313 3327/3986/3314
f 3327/3986/3314 3326/3985/3313 3328/3987/3315
f 3326/3985/3313 3325/3984/3312 3328/3987/3315
f 3325/3984/3312 3324/3983/3311 3328/3987/3315
f 3324/3983/3311 3329/3988/3316 3328/3987/3315
f 3329/3988/3316 3330/3989/3317 3328/3987/3315
f 3328/3987/3315 3330/3989/3317 3327/3986/3314
f 3330/3989/3317 3331/3990/3318 3327/3986/3314
f 3327/3986/3314 3331/3990/3318 3320/3979/3307
f 3331/3990/3318 3332/3991/3319 3320/3979/3307
f 3320/3979/3307 3332/3991/3319 3319/3978/3306
f 3332/3991/3319 3333/3992/3320 3319/3978/3306
f 3319/3978/3306 3333/3992/3320 3318/3977/3305
f 3333/3992/3320 3334/3993/3321 3318/3977/3305
f 3334/3993/3321 3335/3994/3322 3318/3977/3305
f 3318/3977/3305 3335/3994/3322 3317/3976/3304
f 3317/3976/3304 3335/3994/3322 3240/3899/3227
f 3335/3994/3322 3336/3995/3323 3240/3899/3227
f 3240/3899/3227 3336/3995/3323 3220/3879/3207
f 3220/3879/3207 3336/3995/3323 3187/3846/3174
f 3336/3995/3323 3337/3996/3324 3187/3846/3174
f 3187/3846/3174 3337/3996/3324 3186/3845/3173
f 3337/3996/3324 3338/3997/3325 3186/3845/3173
f 3186/3845/3173 3338/3997/3325 3185/3844/3172
f 3338/3997/3325 3339/3998/3326 3185/3844/3172
f 3339/3998/3326 3340/3999/3327 3185/3844/3172
f 3185/3844/3172 3340/3999/3327 3184/3843/3171
f 3331/3990/3318 3341/4000/3328 3332/3991/3319
f 3332/3991/3319 3341/4000/3328 3333/3992/3320
f 3341/4000/3328 3342/4001/3329 3333/3992/3320
f 3333/3992/3320 3342/4001/3329 3334/3993/3321
f 3337/3996/3324 3343/4002/3330 3338/3997/3325
f 3338/3997/3325 3343/4002/3330 3339/3998/3326
f 3343/4002/3330 3344/4003/3331 3339/3998/3326
f 3344/4003/3331 3345/4004/3332 3339/3998/3326
f 3339/3998/3326 3345/4004/3332 3340/3999/3327
f 3337/3996/3324 3346/4005/3333 3343/4002/3330
f 3343/4002/3330 3346/4005/3333 3347/4006/3334
f 3346/4005/3333 3348/4007/3335 3347/4006/3334
f 3347/4006/3334 3348/4007/3335 3349/4008/3336
f 3348/4007/3335 3334/3993/3321 3349/4008/3336
f 3334/3993/3321 3342/4001/3329 3349/4008/3336
f 3349/4008/3336 3342/4001/3329 3350/4009/3337
f 3342/4001/3329 3341/4000/3328 3350/4009/3337
f 3341/4000/3328 3331/3990/3318 3350/4009/3337
f 3350/4009/3337 3331/3990/3318 3351/4010/3338
f 3331/3990/3318 3330/3989/3317 3351/4010/3338
f 3330/3989/3317 3329/3988/3316 3351/4010/3338
f 3351/4010/3338 3329/3988/3316 3352/4011/3339
f 3329/3988/3316 3324/3983/3311 3352/4011/3339
f 3324/3983/3311 3353/4012/3340 3352/4011/3339
f 3353/4012/3340 3354/4013/3341 3352/4011/3339
f 3352/4011/3339 3354/4013/3341 3351/4010/3338
f 3354/4013/3341 3355/4014/3342 3351/4010/3338
f 3355/4014/3342 3356/4015/3343 3351/4010/3338
f 3351/4010/3338 3356/4015/3343 3350/4009/3337
f 3356/4015/3343 3357/4016/3344 3350/4009/3337
f 3357/4016/3344 3358/4017/3345 3350/4009/3337
f 3350/4009/3337 3358/4017/3345 3349/4008/3336
f 3349/4008/3336 3358/4017/3345 3347/4006/3334
f 3358/4017/3345 3359/4018/3346 3347/4006/3334
f 3347/4006/3334 3359/4018/3346 3344/4003/3331
f 3359/4018/3346 3360/4019/3347 3344/4003/3331
f 3344/4003/3331 3360/4019/3347 3345/4004/3332
f 3360/4019/3347 3361/4020/3348 3345/4004/3332
f 3361/4020/3348 3362/4021/3349 3345/4004/3332
f 3345/4004/3332 3362/4021/3349 3340/3999/3327
f 3340/3999/3327 3362/4021/3349 3184/3843/3171
f 3362/4021/3349 3363/4022/3350 3184/3843/3171
f 3184/3843/3171 3363/4022/3350 3183/3842/3170
f 3363/4022/3350 3364/4023/3351 3183/3842/3170
f 3183/3842/3170 3364/4023/3351 3181/3840/3168
f 3364/4023/3351 3365/4024/3352 3181/3840/3168
f 3181/3840/3168 3365/4024/3352 3054/3713/3041
f 3365/4024/3352 3366/4025/3353 3054/3713/3041
f 3054/3713/3041 3366/4025/3353 3055/3714/3042
f 3366/4025/3353 3367/4026/3354 3055/3714/3042
f 3055/3714/3042 3367/4026/3354 3056/3715/3043
f 3347/4006/3334 3344/4003/3331 3343/4002/3330
f 3337/3996/3324 3336/3995/3323 3346/4005/3333
f 3336/3995/3323 3335/3994/3322 3346/4005/3333
f 3346/4005/3333 3335/3994/3322 3348/4007/3335
f 3335/3994/3322 3334/3993/3321 3348/4007/3335
f 3363/4022/3350 3368/4027/3355 3364/4023/3351
f 3368/4027/3355 3369/4028/3356 3364/4023/3351
f 3364/4023/3351 3369/4028/3356 3365/4024/3352
f 3369/4028/3356 3370/4029/3357 3365/4024/3352
f 3365/4024/3352 3370/4029/3357 3366/4025/3353
f 3370/4029/3357 3371/4030/3358 3366/4025/3353
f 3366/4025/3353 3371/4030/3358 3367/4026/3354
f 3363/4022/3350 3362/4021/3349 3368/4027/3355
f 3368/4027/3355 3362/4021/3349 3372/4031/3359
f 3362/4021/3349 3361/4020/3348 3372/4031/3359
f 3372/4031/3359 3361/4020/3348 3373/4032/3360
f 3373/4032/3360 3361/4020/3348 3374/4033/3361
f 3361/4020/3348 3360/4019/3347 3374/4033/3361
f 3374/4033/3361 3360/4019/3347 3375/4034/3362
f 3360/4019/3347 3359/4018/3346 3375/4034/3362
f 3375/4034/3362 3359/4018/3346 3376/4035/3363
f 3359/4018/3346 3358/4017/3345 3376/4035/3363
f 3376/4035/3363 3358/4017/3345 3377/4036/3364
f 3358/4017/3345 3357/4016/3344 3377/4036/3364
f 3377/4036/3364 3357/4016/3344 3378/4037/3365
f 3357/4016/3344 3356/4015/3343 3378/4037/3365
f 3356/4015/3343 3355/4014/3342 3378/4037/3365
f 3378/4037/3365 3355/4014/3342 3379/4038/3366
f 3379/4038/3366 3355/4014/3342 3380/4039/3367
f 3355/4014/3342 3354/4013/3341 3380/4039/3367
f 3354/4013/3341 3353/4012/3340 3380/4039/3367
f 3380/4039/3367 3353/4012/3340 3381/4040/3368
f 3353/4012/3340 3324/3983/3311 3381/4040/3368
f 3324/3983/3311 3309/3968/3296 3381/4040/3368
f 3381/4040/3368 3309/3968/3296 3382/4041/3369
f 3309/3968/3296 3310/3969/3297 3382/4041/3369
f 3382/4041/3369 3310/3969/3297 3383/4042/3370
f 3310/3969/3297 3296/3955/3283 3383/4042/3370
f 3383/4042/3370 3296/3955/3283 3384/4043/3371
f 3296/3955/3283 3291/3950/3278 3384/4043/3371
f 3384/4043/3371 3291/3950/3278 3385/4044/3372
f 3291/3950/3278 3285/3944/3272 3385/4044/3372
f 3285/3944/3272 3286/3945/3273 3385/4044/3372
f 3286/3945/3273 3386/4045/3373 3385/4044/3372
f 3386/4045/3373 3387/4046/3374 3385/4044/3372
f 3385/4044/3372 3387/4046/3374 3384/4043/3371
f 3387/4046/3374 3388/4047/3375 3384/4043/3371
f 3384/4043/3371 3388/4047/3375 3383/4042/3370
f 3388/4047/3375 3389/4048/3376 3383/4042/3370
f 3383/4042/3370 3389/4048/3376 3382/4041/3369
f 3380/4039/3367 3381/4040/3368 3382/4041/3369
f 3389/4048/3376 3388/4047/3375 3390/4049/3377
f 3388/4047/3375 3387/4046/3374 3390/4049/3377
f 3390/4049/3377 3387/4046/3374 3391/4050/3378
f 3387/4046/3374 3392/4051/3379 3391/4050/3378
f 3391/4050/3378 3392/4051/3379 3393/4052/3380
f 3392/4051/3379 3394/4053/3381 3393/4052/3380
f 3393/4052/3380 3394/4053/3381 3395/4054/3382
f 3387/4046/3374 3386/4045/3373 3392/4051/3379
f 3392/4051/3379 3386/4045/3373 3394/4053/3381
f 3393/4052/3380 3396/4055/3383 3391/4050/3378
f 3391/4050/3378 3396/4055/3383 3390/4049/3377
f 3390/4049/3377 3396/4055/3383 3389/4048/3376
f 3389/4048/3376 3396/4055/3383 3397/4056/3384
f 3396/4055/3383 3398/4057/3385 3397/4056/3384
f 3397/4056/3384 3398/4057/3385 3399/4058/3386
f 3398/4057/3385 3395/4054/3382 3399/4058/3386
f 3395/4054/3382 3400/4059/3387 3399/4058/3386
f 3399/4058/3386 3400/4059/3387 3401/4060/3388
f 3400/4059/3387 3402/4061/3389 3401/4060/3388
f 3396/4055/3383 3393/4052/3380 3398/4057/3385
f 3393/4052/3380 3395/4054/3382 3398/4057/3385
f 3401/4060/3388 3403/4062/3390 3399/4058/3386
f 3399/4058/3386 3403/4062/3390 3397/4056/3384
f 3403/4062/3390 3404/4063/3391 3397/4056/3384
f 3397/4056/3384 3404/4063/3391 3405/4064/3392
f 3404/4063/3391 3406/4065/3393 3405/4064/3392
f 3405/4064/3392 3406/4065/3393 3380/4039/3367
f 3406/4065/3393 3379/4038/3366 3380/4039/3367
f 3397/4056/3384 3405/4064/3392 3389/4048/3376
f 3389/4048/3376 3405/4064/3392 3382/4041/3369
f 3405/4064/3392 3380/4039/3367 3382/4041/3369
f 3401/4060/3388 3407/4066/3394 3403/4062/3390
f 3403/4062/3390 3407/4066/3394 3404/4063/3391
f 3407/4066/3394 3408/4067/3395 3404/4063/3391
f 3404/4063/3391 3408/4067/3395 3406/4065/3393
f 3408/4067/3395 3409/4068/3396 3406/4065/3393
f 3406/4065/3393 3409/4068/3396 3379/4038/3366
f 3409/4068/3396 3410/4069/3397 3379/4038/3366
f 3379/4038/3366 3410/4069/3397 3378/4037/3365
f 3410/4069/3397 3411/4070/3398 3378/4037/3365
f 3378/4037/3365 3411/4070/3398 3377/4036/3364
f 3411/4070/3398 3412/4071/3399 3377/4036/3364
f 3377/4036/3364 3412/4071/3399 3376/4035/3363
f 3412/4071/3399 3413/4072/3400 3376/4035/3363
f 3376/4035/3363 3413/4072/3400 3375/4034/3362
f 3413/4072/3400 3414/4073/3401 3375/4034/3362
f 3414/4073/3401 3415/4074/3402 3375/4034/3362
f 3375/4034/3362 3415/4074/3402 3374/4033/3361
f 3415/4074/3402 3416/4075/3403 3374/4033/3361
f 3374/4033/3361 3416/4075/3403 3373/4032/3360
f 3416/4075/3403 3417/4076/3404 3373/4032/3360
f 3417/4076/3404 3418/4077/3405 3373/4032/3360
f 3373/4032/3360 3418/4077/3405 3372/4031/3359
f 3418/4077/3405 3419/4078/3406 3372/4031/3359
f 3372/4031/3359 3419/4078/3406 3368/4027/3355
f 3419/4078/3406 3420/4079/3407 3368/4027/3355
f 3368/4027/3355 3420/4079/3407 3369/4028/3356
f 3369/4028/3356 3420/4079/3407 3370/4029/3357
f 3420/4079/3407 3421/4080/3408 3370/4029/3357
f 3370/4029/3357 3421/4080/3408 3371/4030/3358
f 3421/4080/3408 3422/4081/3409 3371/4030/3358
f 3422/4081/3409 3423/4082/3410 3371/4030/3358
f 3371/4030/3358 3423/4082/3410 3367/4026/3354
f 3423/4082/3410 3424/4083/3411 3367/4026/3354
f 3367/4026/3354 3424/4083/3411 3056/3715/3043
f 3424/4083/3411 3425/4084/3412 3056/3715/3043
f 3056/3715/3043 3425/4084/3412 3057/3716/3044
f 3425/4084/3412 3426/4085/3413 3057/3716/3044
f 3057/3716/3044 3426/4085/3413 3058/3717/3045
f 3426/4085/3413 3427/4086/3414 3058/3717/3045
f 3058/3717/3045 3427/4086/3414 3059/3718/3046
f 3427/4086/3414 3428/4087/3415 3059/3718/3046
f 3059/3718/3046 3428/4087/3415 3060/3719/3047
f 3428/4087/3415 3429/4088/3416 3060/3719/3047
f 3060/3719/3047 3429/4088/3416 3430/4089/3417
f 3429/4088/3416 3431/4090/3418 3430/4089/3417
f 3431/4090/3418 3432/4091/3419 3430/4089/3417
f 3432/4091/3419 3062/3721/3049 3430/4089/3417
f 3062/3721/3049 3061/3720/3048 3430/4089/3417
f 3430/4089/3417 3061/3720/3048 3060/3719/3047
f 3431/4090/3418 3429/4088/3416 3433/4092/3420
f 3433/4092/3420 3429/4088/3416 3434/4093/3421
f 3429/4088/3416 3428/4087/3415 3434/4093/3421
f 3434/4093/3421 3428/4087/3415 3435/4094/3422
f 3428/4087/3415 3427/4086/3414 3435/4094/3422
f 3435/4094/3422 3427/4086/3414 3436/4095/3423
f 3427/4086/3414 3426/4085/3413 3436/4095/3423
f 3436/4095/3423 3426/4085/3413 3437/4096/3424
f 3437/4096/3424 3426/4085/3413 3438/4097/3425
f 3426/4085/3413 3425/4084/3412 3438/4097/3425
f 3438/4097/3425 3425/4084/3412 3439/4098/3426
f 3425/4084/3412 3424/4083/3411 3439/4098/3426
f 3439/4098/3426 3424/4083/3411 3440/4099/3427
f 3424/4083/3411 3423/4082/3410 3440/4099/3427
f 3440/4099/3427 3423/4082/3410 3441/4100/3428
f 3423/4082/3410 3422/4081/3409 3441/4100/3428
f 3441/4100/3428 3422/4081/3409 3442/4101/3429
f 3422/4081/3409 3421/4080/3408 3442/4101/3429
f 3442/4101/3429 3421/4080/3408 3443/4102/3430
f 3421/4080/3408 3420/4079/3407 3443/4102/3430
f 3443/4102/3430 3420/4079/3407 3444/4103/3431
f 3420/4079/3407 3419/4078/3406 3444/4103/3431
f 3444/4103/3431 3419/4078/3406 3445/4104/3432
f 3419/4078/3406 3418/4077/3405 3445/4104/3432
f 3445/4104/3432 3418/4077/3405 3446/4105/3433
f 3418/4077/3405 3417/4076/3404 3446/4105/3433
f 3446/4105/3433 3417/4076/3404 3447/4106/3434
f 3417/4076/3404 3416/4075/3403 3447/4106/3434
f 3447/4106/3434 3448/4107/3435 3446/4105/3433
f 3446/4105/3433 3448/4107/3435 3445/4104/3432
f 3448/4107/3435 3449/4108/3436 3445/4104/3432
f 3445/4104/3432 3449/4108/3436 3450/4109/3437
f 3450/4109/3437 3449/4108/3436 3451/4110/3438
f 3451/4110/3438 3449/4108/3436 3452/4111/3439
f 3449/4108/3436 3448/4107/3435 3452/4111/3439
f 3452/4111/3439 3448/4107/3435 3447/4106/3434
f 3445/4104/3432 3450/4109/3437 3444/4103/3431
f 3444/4103/3431 3450/4109/3437 3453/4112/3440
f 3450/4109/3437 3454/4113/3441 3453/4112/3440
f 3454/4113/3441 3455/4114/3442 3453/4112/3440
f 3455/4114/3442 3456/4115/3443 3453/4112/3440
f 3453/4112/3440 3456/4115/3443 3443/4102/3430
f 3456/4115/3443 3442/4101/3429 3443/4102/3430
f 3444/4103/3431 3453/4112/3440 3443/4102/3430
f 3454/4113/3441 3450/4109/3437 3457/4116/3444
f 3450/4109/3437 3451/4110/3438 3457/4116/3444
f 3457/4116/3444 3451/4110/3438 3458/4117/3445
f 3451/4110/3438 3452/4111/3439 3458/4117/3445
f 3458/4117/3445 3459/4118/3446 3457/4116/3444
f 3457/4116/3444 3459/4118/3446 3454/4113/3441
f 3459/4118/3446 3460/4119/3447 3454/4113/3441
f 3454/4113/3441 3460/4119/3447 3461/4120/3448
f 3461/4120/3448 3460/4119/3447 3462/4121/3449
f 3462/4121/3449 3460/4119/3447 3463/4122/3450
f 3460/4119/3447 3459/4118/3446 3463/4122/3450
f 3463/4122/3450 3459/4118/3446 3458/4117/3445
f 3454/4113/3441 3461/4120/3448 3455/4114/3442
f 3461/4120/3448 3464/4123/3451 3455/4114/3442
f 3464/4123/3451 3465/4124/3452 3455/4114/3442
f 3455/4114/3442 3465/4124/3452 3456/4115/3443
f 3465/4124/3452 3466/4125/3453 3456/4115/3443
f 3456/4115/3443 3466/4125/3453 3442/4101/3429
f 3466/4125/3453 3467/4126/3454 3442/4101/3429
f 3442/4101/3429 3467/4126/3454 3441/4100/3428
f 3467/4126/3454 3468/4127/3455 3441/4100/3428
f 3441/4100/3428 3468/4127/3455 3440/4099/3427
f 3468/4127/3455 3469/4128/3456 3440/4099/3427
f 3440/4099/3427 3469/4128/3456 3439/4098/3426
f 3469/4128/3456 3470/4129/3457 3439/4098/3426
f 3439/4098/3426 3470/4129/3457 3438/4097/3425
f 3438/4097/3425 3470/4129/3457 3437/4096/3424
f 3437/4096/3424 3470/4129/3457 3471/4130/3458
f 3471/4130/3458 3470/4129/3457 3472/4131/3459
f 3470/4129/3457 3469/4128/3456 3472/4131/3459
f 3472/4131/3459 3469/4128/3456 3473/4132/3460
f 3469/4128/3456 3468/4127/3455 3473/4132/3460
f 3473/4132/3460 3468/4127/3455 3474/4133/3461
f 3468/4127/3455 3467/4126/3454 3474/4133/3461
f 3474/4133/3461 3467/4126/3454 3475/4134/3462
f 3467/4126/3454 3466/4125/3453 3475/4134/3462
f 3475/4134/3462 3466/4125/3453 3476/4135/3463
f 3466/4125/3453 3465/4124/3452 3476/4135/3463
f 3476/4135/3463 3465/4124/3452 3477/4136/3464
f 3465/4124/3452 3464/4123/3451 3477/4136/3464
f 3477/4136/3464 3464/4123/3451 3478/4137/3465
f 3478/4137/3465 3464/4123/3451 3479/4138/3466
f 3464/4123/3451 3461/4120/3448 3479/4138/3466
f 3479/4138/3466 3461/4120/3448 3480/4139/3467
f 3461/4120/3448 3462/4121/3449 3480/4139/3467
f 3480/4139/3467 3462/4121/3449 3481/4140/3468
f 3462/4121/3449 3463/4122/3450 3481/4140/3468
f 3481/4140/3468 3482/4141/3469 3480/4139/3467
f 3480/4139/3467 3482/4141/3469 3479/4138/3466
f 3482/4141/3469 3483/4142/3470 3479/4138/3466
f 3479/4138/3466 3483/4142/3470 3484/4143/3471
f 3484/4143/3471 3483/4142/3470 3485/4144/3472
f 3485/4144/3472 3483/4142/3470 3486/4145/3473
f 3483/4142/3470 3482/4141/3469 3486/4145/3473
f 3486/4145/3473 3482/4141/3469 3481/4140/3468
f 3479/4138/3466 3484/4143/3471 3478/4137/3465
f 3484/4143/3471 3487/4146/3474 3478/4137/3465
f 3487/4146/3474 3488/4147/3475 3478/4137/3465
f 3478/4137/3465 3488/4147/3475 3477/4136/3464
f 3488/4147/3475 3489/4148/3476 3477/4136/3464
f 3477/4136/3464 3489/4148/3476 3476/4135/3463
f 3489/4148/3476 3490/4149/3477 3476/4135/3463
f 3476/4135/3463 3490/4149/3477 3475/4134/3462
f 3490/4149/3477 3491/4150/3478 3475/4134/3462
f 3475/4134/3462 3491/4150/3478 3474/4133/3461
f 3491/4150/3478 3492/4151/3479 3474/4133/3461
f 3474/4133/3461 3492/4151/3479 3473/4132/3460
f 3492/4151/3479 3493/4152/3480 3473/4132/3460
f 3473/4132/3460 3493/4152/3480 3472/4131/3459
f 3493/4152/3480 3494/4153/3481 3472/4131/3459
f 3472/4131/3459 3494/4153/3481 3471/4130/3458
f 3471/4130/3458 3494/4153/3481 3495/4154/3482
f 3495/4154/3482 3494/4153/3481 3496/4155/3483
f 3494/4153/3481 3497/4156/3484 3496/4155/3483
f 3496/4155/3483 3497/4156/3484 3498/4157/3485
f 3498/4157/3485 3497/4156/3484 3499/4158/3486
f 3497/4156/3484 3493/4152/3480 3499/4158/3486
f 3499/4158/3486 3493/4152/3480 3500/4159/3487
f 3493/4152/3480 3492/4151/3479 3500/4159/3487
f 3500/4159/3487 3492/4151/3479 3501/4160/3488
f 3492/4151/3479 3491/4150/3478 3501/4160/3488
f 3501/4160/3488 3491/4150/3478 3502/4161/3489
f 3491/4150/3478 3490/4149/3477 3502/4161/3489
f 3502/4161/3489 3490/4149/3477 3503/4162/3490
f 3490/4149/3477 3489/4148/3476 3503/4162/3490
f 3503/4162/3490 3489/4148/3476 3504/4163/3491
f 3489/4148/3476 3488/4147/3475 3504/4163/3491
f 3504/4163/3491 3488/4147/3475 3505/4164/3492
f 3488/4147/3475 3487/4146/3474 3505/4164/3492
f 3505/4164/3492 3487/4146/3474 3506/4165/3493
f 3506/4165/3493 3487/4146/3474 3507/4166/3494
f 3487/4146/3474 3484/4143/3471 3507/4166/3494
f 3507/4166/3494 3484/4143/3471 3508/4167/3495
f 3484/4143/3471 3485/4144/3472 3508/4167/3495
f 3508/4167/3495 3485/4144/3472 3509/4168/3496
f 3485/4144/3472 3486/4145/3473 3509/4168/3496
f 3494/4153/3481 3493/4152/3480 3497/4156/3484
f 3509/4168/3496 3510/4169/3497 3508/4167/3495
f 3508/4167/3495 3510/4169/3497 3507/4166/3494
f 3510/4169/3497 3511/4170/3498 3507/4166/3494
f 3507/4166/3494 3511/4170/3498 3512/4171/3499
f 3512/4171/3499 3511/4170/3498 3513/4172/3500
f 3513/4172/3500 3511/4170/3498 3514/4173/3501
f 3511/4170/3498 3510/4169/3497 3514/4173/3501
f 3510/4169/3497 3509/4168/3496 3514/4173/3501
f 3514/4173/3501 3509/4168/3496 3515/4174/3502
f 3515/4174/3502 3509/4168/3496 3516/4175/3503
f 3509/4168/3496 3486/4145/3473 3516/4175/3503
f 3516/4175/3503 3486/4145/3473 3517/4176/3504
f 3486/4145/3473 3481/4140/3468 3517/4176/3504
f 3517/4176/3504 3481/4140/3468 3518/4177/3505
f 3481/4140/3468 3463/4122/3450 3518/4177/3505
f 3518/4177/3505 3463/4122/3450 3519/4178/3506
f 3463/4122/3450 3458/4117/3445 3519/4178/3506
f 3519/4178/3506 3458/4117/3445 3520/4179/3507
f 3458/4117/3445 3452/4111/3439 3520/4179/3507
f 3520/4179/3507 3452/4111/3439 3521/4180/3508
f 3452/4111/3439 3447/4106/3434 3521/4180/3508
f 3521/4180/3508 3447/4106/3434 3522/4181/3509
f 3447/4106/3434 3416/4075/3403 3522/4181/3509
f 3416/4075/3403 3415/4074/3402 3522/4181/3509
f 3522/4181/3509 3415/4074/3402 3523/4182/3510
f 3415/4074/3402 3414/4073/3401 3523/4182/3510
f 3523/4182/3510 3414/4073/3401 3524/4183/3511
f 3414/4073/3401 3413/4072/3400 3524/4183/3511
f 3413/4072/3400 3412/4071/3399 3524/4183/3511
f 3524/4183/3511 3412/4071/3399 3525/4184/3512
f 3525/4184/3512 3412/4071/3399 3526/4185/3513
f 3412/4071/3399 3411/4070/3398 3526/4185/3513
f 3526/4185/3513 3411/4070/3398 3527/4186/3514
f 3527/4186/3514 3411/4070/3398 3528/4187/3515
f 3411/4070/3398 3410/4069/3397 3528/4187/3515
f 3528/4187/3515 3410/4069/3397 3529/4188/3516
f 3410/4069/3397 3409/4068/3396 3529/4188/3516
f 3529/4188/3516 3409/4068/3396 3530/4189/3517
f 3409/4068/3396 3408/4067/3395 3530/4189/3517
f 3530/4189/3517 3408/4067/3395 3531/4190/3518
f 3408/4067/3395 3407/4066/3394 3531/4190/3518
f 3531/4190/3518 3407/4066/3394 3532/4191/3519
f 3407/4066/3394 3401/4060/3388 3532/4191/3519
f 3532/4191/3519 3401/4060/3388 3533/4192/3520
f 3401/4060/3388 3534/4193/3521 3533/4192/3520
f 3533/4192/3520 3534/4193/3521 3535/4194/3522
f 3534/4193/3521 3536/4195/3523 3535/4194/3522
f 3535/4194/3522 3536/4195/3523 3537/4196/3524
f 3507/4166/3494 3512/4171/3499 3506/4165/3493
f 3401/4060/3388 3402/4061/3389 3534/4193/3521
f 3402/4061/3389 3536/4195/3523 3534/4193/3521
f 3535/4194/3522 3538/4197/3525 3533/4192/3520
f 3533/4192/3520 3538/4197/3525 3532/4191/3519
f 3538/4197/3525 3539/4198/3526 3532/4191/3519
f 3532/4191/3519 3539/4198/3526 3531/4190/3518
f 3539/4198/3526 3540/4199/3527 3531/4190/3518
f 3540/4199/3527 3541/4200/3528 3531/4190/3518
f 3531/4190/3518 3541/4200/3528 3530/4189/3517
f 3541/4200/3528 3542/4201/3529 3530/4189/3517
f 3542/4201/3529 3543/4202/3530 3530/4189/3517
f 3530/4189/3517 3543/4202/3530 3529/4188/3516
f 3543/4202/3530 3544/4203/3531 3529/4188/3516
f 3529/4188/3516 3544/4203/3531 3545/4204/3532
f 3544/4203/3531 3546/4205/3533 3545/4204/3532
f 3546/4205/3533 3547/4206/3534 3545/4204/3532
f 3545/4204/3532 3547/4206/3534 3528/4187/3515
f 3547/4206/3534 3527/4186/3514 3528/4187/3515
f 3528/4187/3515 3529/4188/3516 3545/4204/3532
f 3546/4205/3533 3544/4203/3531 3548/4207/3535
f 3544/4203/3531 3543/4202/3530 3548/4207/3535
f 3543/4202/3530 3542/4201/3529 3548/4207/3535
f 3548/4207/3535 3542/4201/3529 3549/4208/3536
f 3542/4201/3529 3541/4200/3528 3549/4208/3536
f 3541/4200/3528 3540/4199/3527 3549/4208/3536
f 3549/4208/3536 3540/4199/3527 3550/4209/3537
f 3540/4199/3527 3539/4198/3526 3550/4209/3537
f 3539/4198/3526 3538/4197/3525 3550/4209/3537
f 3550/4209/3537 3538/4197/3525 3551/4210/3538
f 3538/4197/3525 3535/4194/3522 3551/4210/3538
f 3535/4194/3522 3537/4196/3524 3551/4210/3538
f 3551/4210/3538 3537/4196/3524 3552/4211/3539
f 3537/4196/3524 3553/4212/3540 3552/4211/3539
f 3552/4211/3539 3553/4212/3540 3554/4213/3541
f 3553/4212/3540 3555/4214/3542 3554/4213/3541
f 3554/4213/3541 3556/4215/3543 3552/4211/3539
f 3552/4211/3539 3556/4215/3543 3551/4210/3538
f 3556/4215/3543 3557/4216/3544 3551/4210/3538
f 3551/4210/3538 3557/4216/3544 3550/4209/3537
f 3557/4216/3544 3556/4215/3543 3558/4217/3545
f 3556/4215/3543 3554/4213/3541 3558/4217/3545
f 3558/4217/3545 3554/4213/3541 3559/4218/3546
f 3554/4213/3541 3555/4214/3542 3559/4218/3546
f 3559/4218/3546 3555/4214/3542 3560/4219/3547
f 3555/4214/3542 3561/4220/3548 3560/4219/3547
f 3560/4219/3547 3561/4220/3548 3562/4221/3549
f 3561/4220/3548 3563/4222/3550 3562/4221/3549
f 3563/4222/3550 3564/4223/3551 3562/4221/3549
f 3562/4221/3549 3564/4223/3551 3565/4224/3552
f 3565/4224/3552 3564/4223/3551 3566/4225/3553
f 3564/4223/3551 3567/4226/3554 3566/4225/3553
f 3566/4225/3553 3567/4226/3554 3568/4227/3555
f 3567/4226/3554 3569/4228/3556 3568/4227/3555
f 3569/4228/3556 3570/4229/3557 3568/4227/3555
f 3568/4227/3555 3570/4229/3557 3571/4230/3558
f 3571/4230/3558 3570/4229/3557 3572/4231/3559
f 3570/4229/3557 3573/4232/3560 3572/4231/3559
f 3572/4231/3559 3573/4232/3560 3574/4233/3561
f 3573/4232/3560 3575/4234/3562 3574/4233/3561
f 3560/4219/3547 3576/4235/3563 3559/4218/3546
f 3576/4235/3563 3558/4217/3545 3559/4218/3546
f 3576/4235/3563 3560/4219/3547 3577/4236/3564
f 3560/4219/3547 3562/4221/3549 3577/4236/3564
f 3574/4233/3561 3578/4237/3565 3572/4231/3559
f 3572/4231/3559 3578/4237/3565 3571/4230/3558
f 3578/4237/3565 3579/4238/3566 3571/4230/3558
f 3571/4230/3558 3579/4238/3566 3580/4239/3567
f 3580/4239/3567 3579/4238/3566 3581/4240/3568
f 3579/4238/3566 3582/4241/3569 3581/4240/3568
f 3581/4240/3568 3582/4241/3569 3583/4242/3570
f 3583/4242/3570 3582/4241/3569 3575/4234/3562
f 3575/4234/3562 3582/4241/3569 3574/4233/3561
f 3574/4233/3561 3582/4241/3569 3578/4237/3565
f 3582/4241/3569 3579/4238/3566 3578/4237/3565
f 3571/4230/3558 3580/4239/3567 3568/4227/3555
f 3580/4239/3567 3584/4243/3571 3568/4227/3555
f 3568/4227/3555 3584/4243/3571 3566/4225/3553
f 3584/4243/3571 3585/4244/3572 3566/4225/3553
f 3566/4225/3553 3585/4244/3572 3565/4224/3552
f 3585/4244/3572 3584/4243/3571 3586/4245/3573
f 3584/4243/3571 3580/4239/3567 3586/4245/3573
f 3586/4245/3573 3580/4239/3567 3587/4246/3574
f 3580/4239/3567 3588/4247/3575 3587/4246/3574
f 3588/4247/3575 3589/4248/3576 3587/4246/3574
f 3587/4246/3574 3589/4248/3576 3586/4245/3573
f 3586/4245/3573 3589/4248/3576 3590/4249/3577
f 3590/4249/3577 3589/4248/3576 3591/4250/3578
f 3591/4250/3578 3589/4248/3576 3592/4251/3579
f 3592/4251/3579 3589/4248/3576 3593/4252/3580
f 3593/4252/3580 3589/4248/3576 3594/4253/3581
f 3589/4248/3576 3588/4247/3575 3594/4253/3581
f 3594/4253/3581 3588/4247/3575 3595/4254/3582
f 3595/4254/3582 3588/4247/3575 3596/4255/3583
f 3588/4247/3575 3581/4240/3568 3596/4255/3583
f 3596/4255/3583 3581/4240/3568 3597/4256/3584
f 3581/4240/3568 3583/4242/3570 3597/4256/3584
f 3583/4242/3570 3598/4257/3585 3597/4256/3584
f 3598/4257/3585 3599/4258/3586 3597/4256/3584
f 3597/4256/3584 3599/4258/3586 3600/4259/3587
f 3599/4258/3586 3601/4260/3588 3600/4259/3587
f 3600/4259/3587 3601/4260/3588 3602/4261/3589
f 3601/4260/3588 3603/4262/3590 3602/4261/3589
f 3580/4239/3567 3581/4240/3568 3588/4247/3575
f 3602/4261/3589 3604/4263/3591 3600/4259/3587
f 3600/4259/3587 3604/4263/3591 3597/4256/3584
f 3597/4256/3584 3604/4263/3591 3596/4255/3583
f 3604/4263/3591 3605/4264/3592 3596/4255/3583
f 3596/4255/3583 3605/4264/3592 3595/4254/3582
f 3605/4264/3592 3606/4265/3593 3595/4254/3582
f 3595/4254/3582 3606/4265/3593 3607/4266/3594
f 3607/4266/3594 3606/4265/3593 3608/4267/3595
f 3608/4267/3595 3606/4265/3593 3609/4268/3596
f 3606/4265/3593 3605/4264/3592 3609/4268/3596
f 3607/4266/3594 3610/4269/3597 3595/4254/3582
f 3595/4254/3582 3610/4269/3597 3594/4253/3581
f 3610/4269/3597 3611/4270/3598 3594/4253/3581
f 3594/4253/3581 3611/4270/3598 3593/4252/3580
f 3611/4270/3598 3610/4269/3597 3612/4271/3599
f 3610/4269/3597 3607/4266/3594 3612/4271/3599
f 3612/4271/3599 3607/4266/3594 3613/4272/3600
f 3607/4266/3594 3608/4267/3595 3613/4272/3600
f 3613/4272/3600 3608/4267/3595 3614/4273/3601
f 3608/4267/3595 3609/4268/3596 3614/4273/3601
f 3614/4273/3601 3609/4268/3596 3615/4274/3602
f 3609/4268/3596 3605/4264/3592 3615/4274/3602
f 3615/4274/3602 3605/4264/3592 3616/4275/3603
f 3605/4264/3592 3604/4263/3591 3616/4275/3603
f 3616/4275/3603 3604/4263/3591 3617/4276/3604
f 3604/4263/3591 3602/4261/3589 3617/4276/3604
f 3617/4276/3604 3602/4261/3589 3618/4277/3605
f 3602/4261/3589 3603/4262/3590 3618/4277/3605
f 3618/4277/3605 3603/4262/3590 3619/4278/3606
f 3603/4262/3590 3620/4279/3607 3619/4278/3606
f 3619/4278/3606 3620/4279/3607 3621/4280/3608
f 3620/4279/3607 3622/4281/3609 3621/4280/3608
f 3621/4280/3608 3622/4281/3609 3623/4282/3610
f 3623/4282/3610 3622/4281/3609 3624/4283/3611
f 3622/4281/3609 3625/4284/3612 3624/4283/3611
f 3624/4283/3611 3625/4284/3612 3626/4285/3613
f 3625/4284/3612 3627/4286/3614 3626/4285/3613
f 3626/4285/3613 3627/4286/3614 3628/4287/3615
f 3627/4286/3614 3629/4288/3616 3628/4287/3615
f 3628/4287/3615 3629/4288/3616 3630/4289/3617
f 3630/4289/3617 3629/4288/3616 3631/4290/3618
f 3629/4288/3616 3632/4291/3619 3631/4290/3618
f 3631/4290/3618 3632/4291/3619 3633/4292/3620
f 3632/4291/3619 3634/4293/3621 3633/4292/3620
f 3633/4292/3620 3634/4293/3621 3635/4294/3622
f 3634/4293/3621 3636/4295/3623 3635/4294/3622
f 3636/4295/3623 3637/4296/3624 3635/4294/3622
f 3635/4294/3622 3637/4296/3624 3633/4292/3620
f 3637/4296/3624 3638/4297/3625 3633/4292/3620
f 3633/4292/3620 3638/4297/3625 3631/4290/3618
f 3638/4297/3625 3639/4298/3626 3631/4290/3618
f 3631/4290/3618 3639/4298/3626 3630/4289/3617
f 3639/4298/3626 3640/4299/3627 3630/4289/3617
f 3630/4289/3617 3640/4299/3627 3626/4285/3613
f 3640/4299/3627 3641/4300/3628 3626/4285/3613
f 3626/4285/3613 3641/4300/3628 3624/4283/3611
f 3624/4283/3611 3641/4300/3628 3623/4282/3610
f 3641/4300/3628 3642/4301/3629 3623/4282/3610
f 3623/4282/3610 3642/4301/3629 3643/4302/3630
f 3642/4301/3629 3644/4303/3631 3643/4302/3630
f 3643/4302/3630 3644/4303/3631 3619/4278/3606
f 3619/4278/3606 3644/4303/3631 3618/4277/3605
f 3644/4303/3631 3645/4304/3632 3618/4277/3605
f 3618/4277/3605 3645/4304/3632 3617/4276/3604
f 3617/4276/3604 3645/4304/3632 3616/4275/3603
f 3645/4304/3632 3646/4305/3633 3616/4275/3603
f 3646/4305/3633 3647/4306/3634 3616/4275/3603
f 3616/4275/3603 3647/4306/3634 3615/4274/3602
f 3647/4306/3634 3648/4307/3635 3615/4274/3602
f 3615/4274/3602 3648/4307/3635 3649/4308/3636
f 3648/4307/3635 3650/4309/3637 3649/4308/3636
f 3650/4309/3637 3651/4310/3638 3649/4308/3636
f 3649/4308/3636 3651/4310/3638 3614/4273/3601
f 3651/4310/3638 3652/4311/3639 3614/4273/3601
f 3614/4273/3601 3652/4311/3639 3653/4312/3640
f 3653/4312/3640 3652/4311/3639 3654/4313/3641
f 3652/4311/3639 3651/4310/3638 3654/4313/3641
f 3651/4310/3638 3655/4314/3642 3654/4313/3641
f 3655/4314/3642 3656/4315/3643 3654/4313/3641
f 3654/4313/3641 3656/4315/3643 3653/4312/3640
f 3656/4315/3643 3657/4316/3644 3653/4312/3640
f 3657/4316/3644 3658/4317/3645 3653/4312/3640
f 3653/4312/3640 3658/4317/3645 3613/4272/3600
f 3613/4272/3600 3658/4317/3645 3612/4271/3599
f 3658/4317/3645 3659/4318/3646 3612/4271/3599
f 3612/4271/3599 3659/4318/3646 3611/4270/3598
f 3659/4318/3646 3660/4319/3647 3611/4270/3598
f 3611/4270/3598 3660/4319/3647 3593/4252/3580
f 3593/4252/3580 3660/4319/3647 3592/4251/3579
f 3660/4319/3647 3661/4320/3648 3592/4251/3579
f 3661/4320/3648 3662/4321/3649 3592/4251/3579
f 3592/4251/3579 3662/4321/3649 3591/4250/3578
f 3662/4321/3649 3663/4322/3650 3591/4250/3578
f 3663/4322/3650 3664/4323/3651 3591/4250/3578
f 3591/4250/3578 3664/4323/3651 3590/4249/3577
f 3619/4278/3606 3621/4280/3608 3643/4302/3630
f 3643/4302/3630 3621/4280/3608 3623/4282/3610
f 3626/4285/3613 3628/4287/3615 3630/4289/3617
f 3636/4295/3623 3634/4293/3621 3665/4324/3652
f 3615/4274/3602 3649/4308/3636 3614/4273/3601
f 3614/4273/3601 3653/4312/3640 3613/4272/3600
f 3664/4323/3651 3663/4322/3650 3666/4325/3653
f 3663/4322/3650 3662/4321/3649 3666/4325/3653
f 3666/4325/3653 3662/4321/3649 3667/4326/3654
f 3667/4326/3654 3662/4321/3649 3668/4327/3655
f 3662/4321/3649 3661/4320/3648 3668/4327/3655
f 3668/4327/3655 3661/4320/3648 3669/4328/3656
f 3669/4328/3656 3661/4320/3648 3670/4329/3657
f 3661/4320/3648 3660/4319/3647 3670/4329/3657
f 3660/4319/3647 3659/4318/3646 3670/4329/3657
f 3670/4329/3657 3659/4318/3646 3671/4330/3658
f 3659/4318/3646 3658/4317/3645 3671/4330/3658
f 3658/4317/3645 3657/4316/3644 3671/4330/3658
f 3657/4316/3644 3672/4331/3659 3671/4330/3658
f 3671/4330/3658 3672/4331/3659 3673/4332/3660
f 3672/4331/3659 3674/4333/3661 3673/4332/3660
f 3674/4333/3661 3675/4334/3662 3673/4332/3660
f 3673/4332/3660 3675/4334/3662 3670/4329/3657
f 3675/4334/3662 3669/4328/3656 3670/4329/3657
f 3670/4329/3657 3671/4330/3658 3673/4332/3660
f 3657/4316/3644 3676/4335/3663 3672/4331/3659
f 3672/4331/3659 3676/4335/3663 3677/4336/3664
f 3677/4336/3664 3676/4335/3663 3678/4337/3665
f 3676/4335/3663 3679/4338/3666 3678/4337/3665
f 3679/4338/3666 3680/4339/3667 3678/4337/3665
f 3680/4339/3667 3681/4340/3668 3678/4337/3665
f 3681/4340/3668 3682/4341/3669 3678/4337/3665
f 3678/4337/3665 3682/4341/3669 3677/4336/3664
f 3682/4341/3669 3683/4342/3670 3677/4336/3664
f 3677/4336/3664 3683/4342/3670 3674/4333/3661
f 3674/4333/3661 3683/4342/3670 3675/4334/3662
f 3683/4342/3670 3684/4343/3671 3675/4334/3662
f 3684/4343/3671 3685/4344/3672 3675/4334/3662
f 3675/4334/3662 3685/4344/3672 3669/4328/3656
f 3669/4328/3656 3685/4344/3672 3668/4327/3655
f 3685/4344/3672 3686/4345/3673 3668/4327/3655
f 3668/4327/3655 3686/4345/3673 3667/4326/3654
f 3674/4333/3661 3672/4331/3659 3677/4336/3664
f 3657/4316/3644 3656/4315/3643 3676/4335/3663
f 3676/4335/3663 3656/4315/3643 3679/4338/3666
f 3656/4315/3643 3655/4314/3642 3679/4338/3666
f 3686/4345/3673 3685/4344/3672 3687/4346/3674
f 3685/4344/3672 3684/4343/3671 3687/4346/3674
f 3687/4346/3674 3684/4343/3671 3688/4347/3675
f 3684/4343/3671 3683/4342/3670 3688/4347/3675
f 3688/4347/3675 3689/4348/3676 3687/4346/3674
f 3689/4348/3676 3690/4349/3677 3687/4346/3674
f 3687/4346/3674 3690/4349/3677 3686/4345/3673
f 3690/4349/3677 3689/4348/3676 3691/4350/3678
f 3689/4348/3676 3688/4347/3675 3691/4350/3678
f 3691/4350/3678 3688/4347/3675 3692/4351/3679
f 3692/4351/3679 3688/4347/3675 3693/4352/3680
f 3688/4347/3675 3683/4342/3670 3693/4352/3680
f 3693/4352/3680 3683/4342/3670 3694/4353/3681
f 3683/4342/3670 3682/4341/3669 3694/4353/3681
f 3682/4341/3669 3695/4354/3682 3694/4353/3681
f 3694/4353/3681 3695/4354/3682 3693/4352/3680
f 3695/4354/3682 3696/4355/3683 3693/4352/3680
f 3696/4355/3683 3697/4356/3684 3693/4352/3680
f 3693/4352/3680 3697/4356/3684 3692/4351/3679
f 3697/4356/3684 3698/4357/3685 3692/4351/3679
f 3692/4351/3679 3698/4357/3685 3691/4350/3678
f 3691/4350/3678 3698/4357/3685 3699/4358/3686
f 3699/4358/3686 3698/4357/3685 3700/4359/3687
f 3700/4359/3687 3698/4357/3685 3701/4360/3688
f 3698/4357/3685 3697/4356/3684 3701/4360/3688
f 3701/4360/3688 3697/4356/3684 3702/4361/3689
f 3697/4356/3684 3703/4362/3690 3702/4361/3689
f 3702/4361/3689 3703/4362/3690 3704/4363/3691
f 3703/4362/3690 3705/4364/3692 3704/4363/3691
f 3704/4363/3691 3705/4364/3692 3706/4365/3693
f 3706/4365/3693 3705/4364/3692 3707/4366/3694
f 3707/4366/3694 3705/4364/3692 3708/4367/3695
f 3705/4364/3692 3709/4368/3696 3708/4367/3695
f 3708/4367/3695 3709/4368/3696 3710/4369/3697
f 3709/4368/3696 3695/4354/3682 3710/4369/3697
f 3710/4369/3697 3695/4354/3682 3711/4370/3698
f 3695/4354/3682 3682/4341/3669 3711/4370/3698
f 3711/4370/3698 3682/4341/3669 3712/4371/3699
f 3682/4341/3669 3681/4340/3668 3712/4371/3699
f 3712/4371/3699 3681/4340/3668 3713/4372/3700
f 3713/4372/3700 3681/4340/3668 3714/4373/3701
f 3681/4340/3668 3680/4339/3667 3714/4373/3701
f 3680/4339/3667 3715/4374/3702 3714/4373/3701
f 3715/4374/3702 3716/4375/3703 3714/4373/3701
f 3714/4373/3701 3716/4375/3703 3713/4372/3700
f 3716/4375/3703 3717/4376/3704 3713/4372/3700
f 3713/4372/3700 3717/4376/3704 3712/4371/3699
f 3712/4371/3699 3717/4376/3704 3711/4370/3698
f 3717/4376/3704 3718/4377/3705 3711/4370/3698
f 3711/4370/3698 3718/4377/3705 3710/4369/3697
f 3697/4356/3684 3696/4355/3683 3703/4362/3690
f 3703/4362/3690 3696/4355/3683 3709/4368/3696
f 3696/4355/3683 3695/4354/3682 3709/4368/3696
f 3703/4362/3690 3709/4368/3696 3705/4364/3692
f 3702/4361/3689 3704/4363/3691 3719/4378/3706
f 3719/4378/3706 3704/4363/3691 3706/4365/3693
f 3718/4377/3705 3717/4376/3704 3720/4379/3707
f 3717/4376/3704 3716/4375/3703 3720/4379/3707
f 3720/4379/3707 3716/4375/3703 3721/4380/3708
f 3716/4375/3703 3715/4374/3702 3721/4380/3708
f 3721/4380/3708 3715/4374/3702 3722/4381/3709
f 3715/4374/3702 3680/4339/3667 3722/4381/3709
f 3680/4339/3667 3679/4338/3666 3722/4381/3709
f 3722/4381/3709 3679/4338/3666 3723/4382/3710
f 3679/4338/3666 3655/4314/3642 3723/4382/3710
f 3655/4314/3642 3651/4310/3638 3723/4382/3710
f 3651/4310/3638 3650/4309/3637 3723/4382/3710
f 3723/4382/3710 3650/4309/3637 3724/4383/3711
f 3650/4309/3637 3648/4307/3635 3724/4383/3711
f 3724/4383/3711 3725/4384/3712 3723/4382/3710
f 3723/4382/3710 3725/4384/3712 3722/4381/3709
f 3725/4384/3712 3726/4385/3713 3722/4381/3709
f 3722/4381/3709 3726/4385/3713 3721/4380/3708
f 3726/4385/3713 3725/4384/3712 3727/4386/3714
f 3725/4384/3712 3724/4383/3711 3727/4386/3714
f 3727/4386/3714 3724/4383/3711 3728/4387/3715
f 3724/4383/3711 3648/4307/3635 3728/4387/3715
f 3728/4387/3715 3648/4307/3635 3729/4388/3716
f 3648/4307/3635 3647/4306/3634 3729/4388/3716
f 3647/4306/3634 3646/4305/3633 3729/4388/3716
f 3729/4388/3716 3646/4305/3633 3730/4389/3717
f 3646/4305/3633 3731/4390/3718 3730/4389/3717
f 3730/4389/3717 3731/4390/3718 3732/4391/3719
f 3731/4390/3718 3733/4392/3720 3732/4391/3719
f 3732/4391/3719 3733/4392/3720 3642/4301/3629
f 3642/4301/3629 3733/4392/3720 3644/4303/3631
f 3644/4303/3631 3733/4392/3720 3645/4304/3632
f 3733/4392/3720 3731/4390/3718 3645/4304/3632
f 3645/4304/3632 3731/4390/3718 3646/4305/3633
f 3732/4391/3719 3734/4393/3721 3730/4389/3717
f 3730/4389/3717 3734/4393/3721 3735/4394/3722
f 3734/4393/3721 3736/4395/3723 3735/4394/3722
f 3736/4395/3723 3737/4396/3724 3735/4394/3722
f 3735/4394/3722 3737/4396/3724 3729/4388/3716
f 3737/4396/3724 3728/4387/3715 3729/4388/3716
f 3730/4389/3717 3735/4394/3722 3729/4388/3716
f 3736/4395/3723 3734/4393/3721 3738/4397/3725
f 3734/4393/3721 3732/4391/3719 3738/4397/3725
f 3732/4391/3719 3642/4301/3629 3738/4397/3725
f 3642/4301/3629 3641/4300/3628 3738/4397/3725
f 3641/4300/3628 3640/4299/3627 3738/4397/3725
f 3738/4397/3725 3640/4299/3627 3739/4398/3726
f 3739/4398/3726 3640/4299/3627 3740/4399/3727
f 3640/4299/3627 3639/4298/3626 3740/4399/3727
f 3740/4399/3727 3639/4298/3626 3741/4400/3728
f 3639/4298/3626 3638/4297/3625 3741/4400/3728
f 3741/4400/3728 3638/4297/3625 3742/4401/3729
f 3638/4297/3625 3743/4402/3730 3742/4401/3729
f 3742/4401/3729 3743/4402/3730 3744/4403/3731
f 3743/4402/3730 3637/4296/3624 3744/4403/3731
f 3637/4296/3624 3636/4295/3623 3744/4403/3731
f 3744/4403/3731 3636/4295/3623 3745/4404/3732
f 3636/4295/3623 3665/4324/3652 3745/4404/3732
f 3745/4404/3732 3665/4324/3652 3746/4405/3733
f 3665/4324/3652 3747/4406/3734 3746/4405/3733
f 3746/4405/3733 3747/4406/3734 3748/4407/3735
f 3747/4406/3734 3749/4408/3736 3748/4407/3735
f 3748/4407/3735 3749/4408/3736 3750/4409/3737
f 3750/4409/3737 3749/4408/3736 3751/4410/3738
f 3749/4408/3736 3752/4411/3739 3751/4410/3738
f 3751/4410/3738 3752/4411/3739 3753/4412/3740
f 3753/4412/3740 3752/4411/3739 3754/4413/3741
f 3752/4411/3739 3755/4414/3742 3754/4413/3741
f 3754/4413/3741 3755/4414/3742 3756/4415/3743
f 3755/4414/3742 3757/4416/3744 3756/4415/3743
f 3743/4402/3730 3638/4297/3625 3637/4296/3624
f 3748/4407/3735 3758/4417/3745 3746/4405/3733
f 3746/4405/3733 3758/4417/3745 3745/4404/3732
f 3750/4409/3737 3758/4417/3745 3748/4407/3735
f 3756/4415/3743 3759/4418/3746 3754/4413/3741
f 3754/4413/3741 3759/4418/3746 3753/4412/3740
f 3753/4412/3740 3759/4418/3746 3760/4419/3747
f 3759/4418/3746 3761/4420/3748 3760/4419/3747
f 3760/4419/3747 3761/4420/3748 3762/4421/3749
f 3759/4418/3746 3756/4415/3743 3761/4420/3748
f 3761/4420/3748 3756/4415/3743 3763/4422/3750
f 3756/4415/3743 3764/4423/3751 3763/4422/3750
f 3763/4422/3750 3764/4423/3751 3765/4424/3752
f 3764/4423/3751 3766/4425/3753 3765/4424/3752
f 3765/4424/3752 3766/4425/3753 3767/4426/3754
f 3766/4425/3753 3768/4427/3755 3767/4426/3754
f 3767/4426/3754 3768/4427/3755 3769/4428/3756
f 3768/4427/3755 3770/4429/3757 3769/4428/3756
f 3770/4429/3757 3771/4430/3758 3769/4428/3756
f 3769/4428/3756 3771/4430/3758 3772/4431/3759
f 3772/4431/3759 3771/4430/3758 3773/4432/3760
f 3771/4430/3758 3774/4433/3761 3773/4432/3760
f 3773/4432/3760 3774/4433/3761 3775/4434/3762
f 3774/4433/3761 3776/4435/3763 3775/4434/3762
f 3756/4415/3743 3757/4416/3744 3764/4423/3751
f 3757/4416/3744 3777/4436/3764 3764/4423/3751
f 3764/4423/3751 3777/4436/3764 3766/4425/3753
f 3777/4436/3764 3768/4427/3755 3766/4425/3753
f 3775/4434/3762 3778/4437/3765 3773/4432/3760
f 3773/4432/3760 3778/4437/3765 3772/4431/3759
f 3772/4431/3759 3778/4437/3765 3779/4438/3766
f 3779/4438/3766 3778/4437/3765 3780/4439/3767
f 3778/4437/3765 3775/4434/3762 3780/4439/3767
f 3780/4439/3767 3775/4434/3762 3781/4440/3768
f 3775/4434/3762 3776/4435/3763 3781/4440/3768
f 3781/4440/3768 3776/4435/3763 3782/4441/3769
f 3776/4435/3763 3783/4442/3770 3782/4441/3769
f 3782/4441/3769 3783/4442/3770 3784/4443/3771
f 3783/4442/3770 3785/4444/3772 3784/4443/3771
f 3784/4443/3771 3786/4445/3773 3782/4441/3769
f 3782/4441/3769 3786/4445/3773 3781/4440/3768
f 3786/4445/3773 3787/4446/3774 3781/4440/3768
f 3781/4440/3768 3787/4446/3774 3780/4439/3767
f 3787/4446/3774 3788/4447/3775 3780/4439/3767
f 3788/4447/3775 3789/4448/3776 3780/4439/3767
f 3780/4439/3767 3789/4448/3776 3779/4438/3766
f 3789/4448/3776 3790/4449/3777 3779/4438/3766
f 3790/4449/3777 3791/4450/3778 3779/4438/3766
f 3779/4438/3766 3791/4450/3778 3772/4431/3759
f 3791/4450/3778 3792/4451/3779 3772/4431/3759
f 3772/4431/3759 3792/4451/3779 3793/4452/3780
f 3792/4451/3779 3767/4426/3754 3793/4452/3780
f 3767/4426/3754 3769/4428/3756 3793/4452/3780
f 3793/4452/3780 3769/4428/3756 3772/4431/3759
f 3792/4451/3779 3794/4453/3781 3767/4426/3754
f 3767/4426/3754 3794/4453/3781 3765/4424/3752
f 3794/4453/3781 3792/4451/3779 3795/4454/3782
f 3792/4451/3779 3791/4450/3778 3795/4454/3782
f 3795/4454/3782 3791/4450/3778 3796/4455/3783
f 3796/4455/3783 3791/4450/3778 3797/4456/3784
f 3791/4450/3778 3790/4449/3777 3797/4456/3784
f 3797/4456/3784 3790/4449/3777 3798/4457/3785
f 3798/4457/3785 3790/4449/3777 3799/4458/3786
f 3790/4449/3777 3789/4448/3776 3799/4458/3786
f 3789/4448/3776 3788/4447/3775 3799/4458/3786
f 3799/4458/3786 3788/4447/3775 3800/4459/3787
f 3800/4459/3787 3788/4447/3775 3801/4460/3788
f 3788/4447/3775 3787/4446/3774 3801/4460/3788
f 3787/4446/3774 3786/4445/3773 3801/4460/3788
f 3801/4460/3788 3786/4445/3773 3802/4461/3789
f 3786/4445/3773 3784/4443/3771 3802/4461/3789
f 3784/4443/3771 3785/4444/3772 3802/4461/3789
f 3785/4444/3772 3803/4462/3790 3802/4461/3789
f 3802/4461/3789 3803/4462/3790 3804/4463/3791
f 3803/4462/3790 3805/4464/3792 3804/4463/3791
f 3795/4454/3782 3796/4455/3783 3794/4453/3781
f 3804/4463/3791 3806/4465/3793 3802/4461/3789
f 3802/4461/3789 3806/4465/3793 3801/4460/3788
f 3806/4465/3793 3807/4466/3794 3801/4460/3788
f 3807/4466/3794 3808/4467/3795 3801/4460/3788
f 3801/4460/3788 3808/4467/3795 3800/4459/3787
f 3808/4467/3795 3809/4468/3796 3800/4459/3787
f 3800/4459/3787 3809/4468/3796 3799/4458/3786
f 3809/4468/3796 3810/4469/3797 3799/4458/3786
f 3799/4458/3786 3810/4469/3797 3798/4457/3785
f 3810/4469/3797 3809/4468/3796 3811/4470/3798
f 3809/4468/3796 3808/4467/3795 3811/4470/3798
f 3811/4470/3798 3808/4467/3795 3812/4471/3799
f 3808/4467/3795 3813/4472/3800 3812/4471/3799
f 3812/4471/3799 3813/4472/3800 3814/4473/3801
f 3814/4473/3801 3813/4472/3800 3815/4474/3802
f 3813/4472/3800 3807/4466/3794 3815/4474/3802
f 3815/4474/3802 3807/4466/3794 3816/4475/3803
f 3807/4466/3794 3806/4465/3793 3816/4475/3803
f 3816/4475/3803 3806/4465/3793 3817/4476/3804
f 3806/4465/3793 3804/4463/3791 3817/4476/3804
f 3817/4476/3804 3804/4463/3791 3818/4477/3805
f 3804/4463/3791 3805/4464/3792 3818/4477/3805
f 3818/4477/3805 3805/4464/3792 3819/4478/3806
f 3805/4464/3792 3820/4479/3807 3819/4478/3806
f 3819/4478/3806 3820/4479/3807 3821/4480/3808
f 3820/4479/3807 3822/4481/3809 3821/4480/3808
f 3822/4481/3809 3823/4482/3810 3821/4480/3808
f 3821/4480/3808 3823/4482/3810 3818/4477/3805
f 3818/4477/3805 3823/4482/3810 3817/4476/3804
f 3823/4482/3810 3824/4483/3811 3817/4476/3804
f 3824/4483/3811 3825/4484/3812 3817/4476/3804
f 3817/4476/3804 3825/4484/3812 3816/4475/3803
f 3825/4484/3812 3826/4485/3813 3816/4475/3803
f 3816/4475/3803 3826/4485/3813 3815/4474/3802
f 3807/4466/3794 3813/4472/3800 3808/4467/3795
f 3819/4478/3806 3821/4480/3808 3818/4477/3805
f 3827/4486/3814 3822/4481/3809 3820/4479/3807
f 3810/4469/3797 3811/4470/3798 3828/4487/3815
f 3811/4470/3798 3812/4471/3799 3828/4487/3815
f 3826/4485/3813 3825/4484/3812 3829/4488/3816
f 3825/4484/3812 3824/4483/3811 3829/4488/3816
f 3829/4488/3816 3824/4483/3811 3830/4489/3817
f 3824/4483/3811 3831/4490/3818 3830/4489/3817
f 3831/4490/3818 3832/4491/3819 3830/4489/3817
f 3832/4491/3819 3833/4492/3820 3830/4489/3817
f 3830/4489/3817 3833/4492/3820 3829/4488/3816
f 3833/4492/3820 3826/4485/3813 3829/4488/3816
f 3823/4482/3810 3834/4493/3821 3824/4483/3811
f 3834/4493/3821 3835/4494/3822 3824/4483/3811
f 3824/4483/3811 3835/4494/3822 3831/4490/3818
f 3823/4482/3810 3822/4481/3809 3834/4493/3821
f 3822/4481/3809 3827/4486/3814 3834/4493/3821
f 3827/4486/3814 3836/4495/3823 3834/4493/3821
f 3836/4495/3823 3837/4496/3824 3834/4493/3821
f 3834/4493/3821 3837/4496/3824 3838/4497/3825
f 3837/4496/3824 3839/4498/3826 3838/4497/3825
f 3839/4498/3826 3840/4499/3827 3838/4497/3825
f 3838/4497/3825 3840/4499/3827 3835/4494/3822
f 3840/4499/3827 3831/4490/3818 3835/4494/3822
f 3834/4493/3821 3838/4497/3825 3835/4494/3822
f 3836/4495/3823 3841/4500/3828 3837/4496/3824
f 3837/4496/3824 3841/4500/3828 3842/4501/3829
f 3842/4501/3829 3841/4500/3828 3843/4502/3830
f 3841/4500/3828 3844/4503/3831 3843/4502/3830
f 3843/4502/3830 3844/4503/3831 3845/4504/3832
f 3844/4503/3831 3846/4505/3833 3845/4504/3832
f 3845/4504/3832 3846/4505/3833 3847/4506/3834
f 3846/4505/3833 3848/4507/3835 3847/4506/3834
f 3847/4506/3834 3848/4507/3835 3849/4508/3836
f 3848/4507/3835 3850/4509/3837 3849/4508/3836
f 3849/4508/3836 3850/4509/3837 3851/4510/3838
f 3850/4509/3837 3852/4511/3839 3851/4510/3838
f 3851/4510/3838 3852/4511/3839 3853/4512/3840
f 3852/4511/3839 3854/4513/3841 3853/4512/3840
f 3853/4512/3840 3854/4513/3841 3855/4514/3842
f 3854/4513/3841 3856/4515/3843 3855/4514/3842
f 3855/4514/3842 3856/4515/3843 3857/4516/3844
f 3856/4515/3843 3858/4517/3845 3857/4516/3844
f 3857/4516/3844 3858/4517/3845 3859/4518/3846
f 3858/4517/3845 3860/4519/3847 3859/4518/3846
f 3859/4518/3846 3860/4519/3847 3861/4520/3848
f 3860/4519/3847 3862/4521/3849 3861/4520/3848
f 3861/4520/3848 3862/4521/3849 3863/4522/3850
f 3862/4521/3849 3864/4523/3851 3863/4522/3850
f 3863/4522/3850 3864/4523/3851 3865/4524/3852
f 3864/4523/3851 3866/4525/3853 3865/4524/3852
f 3865/4524/3852 3866/4525/3853 3867/4526/3854
f 3866/4525/3853 3868/4527/3855 3867/4526/3854
f 3867/4526/3854 3868/4527/3855 3869/4528/3856
f 3868/4527/3855 3870/4529/3857 3869/4528/3856
f 3869/4528/3856 3870/4529/3857 3871/4530/3858
f 3870/4529/3857 3872/4531/3859 3871/4530/3858
f 3872/4531/3859 3873/4532/3860 3871/4530/3858
f 3871/4530/3858 3873/4532/3860 3869/4528/3856
f 3873/4532/3860 3874/4533/3861 3869/4528/3856
f 3869/4528/3856 3874/4533/3861 3867/4526/3854
f 3874/4533/3861 3875/4534/3862 3867/4526/3854
f 3867/4526/3854 3875/4534/3862 3865/4524/3852
f 3875/4534/3862 3876/4535/3863 3865/4524/3852
f 3865/4524/3852 3876/4535/3863 3863/4522/3850
f 3876/4535/3863 3877/4536/3864 3863/4522/3850
f 3863/4522/3850 3877/4536/3864 3861/4520/3848
f 3877/4536/3864 3878/4537/3865 3861/4520/3848
f 3861/4520/3848 3878/4537/3865 3859/4518/3846
f 3878/4537/3865 3879/4538/3866 3859/4518/3846
f 3859/4518/3846 3879/4538/3866 3857/4516/3844
f 3879/4538/3866 3880/4539/3867 3857/4516/3844
f 3857/4516/3844 3880/4539/3867 3855/4514/3842
f 3880/4539/3867 3881/4540/3868 3855/4514/3842
f 3855/4514/3842 3881/4540/3868 3853/4512/3840
f 3881/4540/3868 3882/4541/3869 3853/4512/3840
f 3853/4512/3840 3882/4541/3869 3851/4510/3838
f 3837/4496/3824 3842/4501/3829 3839/4498/3826
f 3836/4495/3823 3883/4542/3870 3841/4500/3828
f 3883/4542/3870 3844/4503/3831 3841/4500/3828
f 3866/4525/3853 3870/4529/3857 3868/4527/3855
f 3872/4531/3859 3870/4529/3857 3884/4543/3871
f 3882/4541/3869 3881/4540/3868 3885/4544/3872
f 3881/4540/3868 3880/4539/3867 3885/4544/3872
f 3885/4544/3872 3880/4539/3867 3886/4545/3873
f 3880/4539/3867 3879/4538/3866 3886/4545/3873
f 3886/4545/3873 3879/4538/3866 3887/4546/3874
f 3879/4538/3866 3878/4537/3865 3887/4546/3874
f 3887/4546/3874 3878/4537/3865 3888/4547/3875
f 3878/4537/3865 3877/4536/3864 3888/4547/3875
f 3888/4547/3875 3889/4548/3876 3887/4546/3874
f 3889/4548/3876 3890/4549/3877 3887/4546/3874
f 3887/4546/3874 3890/4549/3877 3891/4550/3878
f 3890/4549/3877 3892/4551/3879 3891/4550/3878
f 3892/4551/3879 3893/4552/3880 3891/4550/3878
f 3893/4552/3880 3886/4545/3873 3891/4550/3878
f 3891/4550/3878 3886/4545/3873 3887/4546/3874
f 3892/4551/3879 3890/4549/3877 3894/4553/3881
f 3894/4553/3881 3890/4549/3877 3895/4554/3882
f 3890/4549/3877 3889/4548/3876 3895/4554/3882
f 3895/4554/3882 3889/4548/3876 3896/4555/3883
f 3889/4548/3876 3888/4547/3875 3896/4555/3883
f 3896/4555/3883 3888/4547/3875 3897/4556/3884
f 3897/4556/3884 3888/4547/3875 3898/4557/3885
f 3888/4547/3875 3877/4536/3864 3898/4557/3885
f 3898/4557/3885 3877/4536/3864 3899/4558/3886
f 3877/4536/3864 3876/4535/3863 3899/4558/3886
f 3899/4558/3886 3876/4535/3863 3900/4559/3887
f 3876/4535/3863 3875/4534/3862 3900/4559/3887
f 3875/4534/3862 3874/4533/3861 3900/4559/3887
f 3900/4559/3887 3874/4533/3861 3901/4560/3888
f 3874/4533/3861 3873/4532/3860 3901/4560/3888
f 3901/4560/3888 3873/4532/3860 3902/4561/3889
f 3873/4532/3860 3872/4531/3859 3902/4561/3889
f 3902/4561/3889 3872/4531/3859 3903/4562/3890
f 3872/4531/3859 3884/4543/3871 3903/4562/3890
f 3903/4562/3890 3884/4543/3871 3904/4563/3891
f 3884/4543/3871 3905/4564/3892 3904/4563/3891
f 3904/4563/3891 3905/4564/3892 3906/4565/3893
f 3905/4564/3892 3907/4566/3894 3906/4565/3893
f 3906/4565/3893 3907/4566/3894 3908/4567/3895
f 3907/4566/3894 3909/4568/3896 3908/4567/3895
f 3908/4567/3895 3909/4568/3896 3910/4569/3897
f 3909/4568/3896 3911/4570/3898 3910/4569/3897
f 3911/4570/3898 3912/4571/3899 3910/4569/3897
f 3912/4571/3899 3913/4572/3900 3910/4569/3897
f 3913/4572/3900 3914/4573/3901 3910/4569/3897
f 3910/4569/3897 3914/4573/3901 3908/4567/3895
f 3914/4573/3901 3915/4574/3902 3908/4567/3895
f 3908/4567/3895 3915/4574/3902 3906/4565/3893
f 3915/4574/3902 3916/4575/3903 3906/4565/3893
f 3906/4565/3893 3916/4575/3903 3904/4563/3891
f 3916/4575/3903 3917/4576/3904 3904/4563/3891
f 3904/4563/3891 3917/4576/3904 3903/4562/3890
f 3917/4576/3904 3916/4575/3903 3918/4577/3905
f 3916/4575/3903 3915/4574/3902 3918/4577/3905
f 3918/4577/3905 3915/4574/3902 3919/4578/3906
f 3919/4578/3906 3915/4574/3902 3920/4579/3907
f 3915/4574/3902 3914/4573/3901 3920/4579/3907
f 3920/4579/3907 3914/4573/3901 3921/4580/3908
f 3921/4580/3908 3914/4573/3901 3922/4581/3909
f 3914/4573/3901 3913/4572/3900 3922/4581/3909
f 3922/4581/3909 3913/4572/3900 3923/4582/3910
f 3913/4572/3900 3912/4571/3899 3923/4582/3910
f 3912/4571/3899 3924/4583/3911 3923/4582/3910
f 3924/4583/3911 3925/4584/3912 3923/4582/3910
f 3923/4582/3910 3925/4584/3912 3926/4585/3913
f 3925/4584/3912 3927/4586/3914 3926/4585/3913
f 3926/4585/3913 3928/4587/3915 3923/4582/3910
f 3923/4582/3910 3928/4587/3915 3922/4581/3909
f 3922/4581/3909 3928/4587/3915 3921/4580/3908
f 3921/4580/3908 3928/4587/3915 3929/4588/3916
f 3929/4588/3916 3928/4587/3915 3930/4589/3917
f 3928/4587/3915 3926/4585/3913 3930/4589/3917
f 3930/4589/3917 3926/4585/3913 3931/4590/3918
f 3926/4585/3913 3927/4586/3914 3931/4590/3918
f 3927/4586/3914 3932/4591/3919 3931/4590/3918
f 3931/4590/3918 3932/4591/3919 3933/4592/3920
f 3932/4591/3919 3934/4593/3921 3933/4592/3920
f 3933/4592/3920 3934/4593/3921 3935/4594/3922
f 3935/4594/3922 3934/4593/3921 3936/4595/3923
f 3934/4593/3921 3937/4596/3924 3936/4595/3923
f 3936/4595/3923 3937/4596/3924 3938/4597/3925
f 3937/4596/3924 3939/4598/3926 3938/4597/3925
f 3939/4598/3926 3940/4599/3927 3938/4597/3925
f 3938/4597/3925 3940/4599/3927 3941/4600/3928
f 3941/4600/3928 3940/4599/3927 3942/4601/3929
f 3940/4599/3927 3943/4602/3930 3942/4601/3929
f 3942/4601/3929 3943/4602/3930 3944/4603/3931
f 3944/4603/3931 3943/4602/3930 3945/4604/3932
f 3943/4602/3930 3946/4605/3933 3945/4604/3932
f 3945/4604/3932 3946/4605/3933 3947/4606/3934
f 3947/4606/3934 3946/4605/3933 3948/4607/3935
f 3946/4605/3933 3949/4608/3936 3948/4607/3935
f 3948/4607/3935 3949/4608/3936 3950/4609/3937
f 3949/4608/3936 3951/4610/3938 3950/4609/3937
f 3950/4609/3937 3951/4610/3938 3952/4611/3939
f 3951/4610/3938 3953/4612/3940 3952/4611/3939
f 3952/4611/3939 3953/4612/3940 3954/4613/3941
f 3953/4612/3940 3955/4614/3942 3954/4613/3941
f 3954/4613/3941 3955/4614/3942 3956/4615/3943
f 3955/4614/3942 3957/4616/3944 3956/4615/3943
f 3956/4615/3943 3957/4616/3944 3958/4617/3945
f 3957/4616/3944 3959/4618/3946 3958/4617/3945
f 3958/4617/3945 3960/4619/3947 3956/4615/3943
f 3956/4615/3943 3960/4619/3947 3954/4613/3941
f 3954/4613/3941 3960/4619/3947 3952/4611/3939
f 3960/4619/3947 3961/4620/3948 3952/4611/3939
f 3952/4611/3939 3961/4620/3948 3950/4609/3937
f 3958/4617/3945 3962/4621/3949 3960/4619/3947
f 3962/4621/3949 3963/4622/3950 3960/4619/3947
f 3960/4619/3947 3963/4622/3950 3961/4620/3948
f 3958/4617/3945 3959/4618/3946 3962/4621/3949
f 3959/4618/3946 3964/4623/3951 3962/4621/3949
f 3962/4621/3949 3964/4623/3951 3965/4624/3952
f 3964/4623/3951 3966/4625/3953 3965/4624/3952
f 3965/4624/3952 3966/4625/3953 3967/4626/3954
f 3966/4625/3953 3968/4627/3955 3967/4626/3954
f 3967/4626/3954 3968/4627/3955 3969/4628/3956
f 3968/4627/3955 3970/4629/3957 3969/4628/3956
f 3970/4629/3957 3971/4630/3958 3969/4628/3956
f 3971/4630/3958 3972/4631/3959 3969/4628/3956
f 3969/4628/3956 3972/4631/3959 3973/4632/3960
f 3973/4632/3960 3972/4631/3959 3974/4633/3961
f 3972/4631/3959 3975/4634/3962 3974/4633/3961
f 3974/4633/3961 3975/4634/3962 3976/4635/3963
f 3975/4634/3962 3977/4636/3964 3976/4635/3963
f 3976/4635/3963 3977/4636/3964 3978/4637/3965
f 3978/4637/3965 3977/4636/3964 3979/4638/3966
f 3977/4636/3964 3980/4639/3967 3979/4638/3966
f 3979/4638/3966 3980/4639/3967 3981/4640/3968
f 3977/4636/3964 3975/4634/3962 3980/4639/3967
f 3974/4633/3961 3976/4635/3963 3982/4641/3969
f 3982/4641/3969 3976/4635/3963 3983/4642/3970
f 3976/4635/3963 3978/4637/3965 3983/4642/3970
f 3974/4633/3961 3982/4641/3969 3973/4632/3960
f 3982/4641/3969 3984/4643/3971 3973/4632/3960
f 3973/4632/3960 3984/4643/3971 3985/4644/3972
f 3984/4643/3971 3986/4645/3973 3985/4644/3972
f 3985/4644/3972 3986/4645/3973 3967/4626/3954
f 3967/4626/3954 3986/4645/3973 3965/4624/3952
f 3986/4645/3973 3987/4646/3974 3965/4624/3952
f 3965/4624/3952 3987/4646/3974 3962/4621/3949
f 3962/4621/3949 3987/4646/3974 3963/4622/3950
f 3987/4646/3974 3988/4647/3975 3963/4622/3950
f 3963/4622/3950 3988/4647/3975 3961/4620/3948
f 3973/4632/3960 3985/4644/3972 3969/4628/3956
f 3969/4628/3956 3985/4644/3972 3967/4626/3954
f 3988/4647/3975 3987/4646/3974 3989/4648/3976
f 3987/4646/3974 3986/4645/3973 3989/4648/3976
f 3989/4648/3976 3986/4645/3973 3990/4649/3977
f 3986/4645/3973 3984/4643/3971 3990/4649/3977
f 3990/4649/3977 3984/4643/3971 3991/4650/3978
f 3991/4650/3978 3984/4643/3971 3992/4651/3979
f 3984/4643/3971 3982/4641/3969 3992/4651/3979
f 3982/4641/3969 3983/4642/3970 3992/4651/3979
f 3992/4651/3979 3983/4642/3970 3993/4652/3980
f 3993/4652/3980 3983/4642/3970 3994/4653/3981
f 3983/4642/3970 3978/4637/3965 3994/4653/3981
f 3978/4637/3965 3979/4638/3966 3994/4653/3981
f 3994/4653/3981 3979/4638/3966 3995/4654/3982
f 3995/4654/3982 3979/4638/3966 3996/4655/3983
f 3979/4638/3966 3981/4640/3968 3996/4655/3983
f 3981/4640/3968 3997/4656/3984 3996/4655/3983
f 3996/4655/3983 3997/4656/3984 3998/4657/3985
f 3997/4656/3984 3999/4658/3986 3998/4657/3985
f 3998/4657/3985 3999/4658/3986 4000/4659/3987
f 3999/4658/3986 4001/4660/3988 4000/4659/3987
f 4000/4659/3987 4001/4660/3988 4002/4661/3989
f 4001/4660/3988 4003/4662/3990 4002/4661/3989
f 4002/4661/3989 4003/4662/3990 4004/4663/3991
f 4003/4662/3990 3075/3734/3062 4004/4663/3991
f 3075/3734/3062 3064/3723/3051 4004/4663/3991
f 4004/4663/3991 3064/3723/3051 4005/4664/3992
f 3064/3723/3051 3063/3722/3050 4005/4664/3992
f 4005/4664/3992 4006/4665/3993 4004/4663/3991
f 4004/4663/3991 4006/4665/3993 4002/4661/3989
f 4002/4661/3989 4006/4665/3993 4000/4659/3987
f 4006/4665/3993 4007/4666/3994 4000/4659/3987
f 4007/4666/3994 4008/4667/3995 4000/4659/3987
f 4000/4659/3987 4008/4667/3995 3998/4657/3985
f 4008/4667/3995 4009/4668/3996 3998/4657/3985
f 3998/4657/3985 4009/4668/3996 3996/4655/3983
f 3996/4655/3983 4009/4668/3996 3995/4654/3982
f 4009/4668/3996 4010/4669/3997 3995/4654/3982
f 3995/4654/3982 4010/4669/3997 3994/4653/3981
f 4010/4669/3997 4009/4668/3996 4011/4670/3998
f 4009/4668/3996 4008/4667/3995 4011/4670/3998
f 4011/4670/3998 4008/4667/3995 4012/4671/3999
f 4012/4671/3999 4008/4667/3995 4013/4672/4000
f 4008/4667/3995 4007/4666/3994 4013/4672/4000
f 4013/4672/4000 4007/4666/3994 4014/4673/4001
f 4007/4666/3994 4006/4665/3993 4014/4673/4001
f 4014/4673/4001 4006/4665/3993 4015/4674/4002
f 4006/4665/3993 4005/4664/3992 4015/4674/4002
f 4005/4664/3992 3063/3722/3050 4015/4674/4002
f 3063/3722/3050 3062/3721/3049 4015/4674/4002
f 3062/3721/3049 3432/4091/3419 4015/4674/4002
f 3432/4091/3419 4016/4675/4003 4015/4674/4002
f 4015/4674/4002 4016/4675/4003 4014/4673/4001
f 4014/4673/4001 4016/4675/4003 4013/4672/4000
f 4016/4675/4003 4017/4676/4004 4013/4672/4000
f 4013/4672/4000 4017/4676/4004 4012/4671/3999
f 4017/4676/4004 4018/4677/4005 4012/4671/3999
f 4012/4671/3999 4018/4677/4005 4011/4670/3998
f 4018/4677/4005 4019/4678/4006 4011/4670/3998
f 4011/4670/3998 4019/4678/4006 4010/4669/3997
f 4017/4676/4004 4020/4679/4007 4018/4677/4005
f 4020/4679/4007 4021/4680/4008 4018/4677/4005
f 4018/4677/4005 4021/4680/4008 4019/4678/4006
f 4017/4676/4004 4016/4675/4003 4020/4679/4007
f 4020/4679/4007 4016/4675/4003 4022/4681/4009
f 4016/4675/4003 3432/4091/3419 4022/4681/4009
f 3432/4091/3419 3431/4090/3418 4022/4681/4009
f 4022/4681/4009 3431/4090/3418 4023/4682/4010
f 3431/4090/3418 3433/4092/3420 4023/4682/4010
f 4023/4682/4010 4024/4683/4011 4022/4681/4009
f 4022/4681/4009 4024/4683/4011 4020/4679/4007
f 4024/4683/4011 4025/4684/4012 4020/4679/4007
f 4020/4679/4007 4025/4684/4012 4021/4680/4008
f 4025/4684/4012 4024/4683/4011 4026/4685/4013
f 4026/4685/4013 4024/4683/4011 4027/4686/4014
f 4024/4683/4011 4023/4682/4010 4027/4686/4014
f 4027/4686/4014 4023/4682/4010 4028/4687/4015
f 4023/4682/4010 3433/4092/3420 4028/4687/4015
f 4028/4687/4015 3433/4092/3420 4029/4688/4016
f 3433/4092/3420 3434/4093/3421 4029/4688/4016
f 4029/4688/4016 3434/4093/3421 4030/4689/4017
f 3434/4093/3421 3435/4094/3422 4030/4689/4017
f 4030/4689/4017 3435/4094/3422 4031/4690/4018
f 3435/4094/3422 3436/4095/3423 4031/4690/4018
f 4031/4690/4018 3436/4095/3423 4032/4691/4019
f 3436/4095/3423 3437/4096/3424 4032/4691/4019
f 3437/4096/3424 3471/4130/3458 4032/4691/4019
f 4032/4691/4019 3471/4130/3458 4033/4692/4020
f 3471/4130/3458 3495/4154/3482 4033/4692/4020
f 4031/4690/4018 4032/4691/4019 4030/4689/4017
f 4032/4691/4019 4034/4693/4021 4030/4689/4017
f 4030/4689/4017 4034/4693/4021 4029/4688/4016
f 4034/4693/4021 4035/4694/4022 4029/4688/4016
f 4035/4694/4022 4036/4695/4023 4029/4688/4016
f 4029/4688/4016 4036/4695/4023 4028/4687/4015
f 4036/4695/4023 4037/4696/4024 4028/4687/4015
f 4028/4687/4015 4037/4696/4024 4027/4686/4014
f 4037/4696/4024 4038/4697/4025 4027/4686/4014
f 4027/4686/4014 4038/4697/4025 4026/4685/4013
f 4038/4697/4025 4039/4698/4026 4026/4685/4013
f 4039/4698/4026 4040/4699/4027 4026/4685/4013
f 4026/4685/4013 4040/4699/4027 4025/4684/4012
f 4040/4699/4027 4041/4700/4028 4025/4684/4012
f 4025/4684/4012 4041/4700/4028 4021/4680/4008
f 4041/4700/4028 4042/4701/4029 4021/4680/4008
f 4021/4680/4008 4042/4701/4029 4019/4678/4006
f 4042/4701/4029 4043/4702/4030 4019/4678/4006
f 4019/4678/4006 4043/4702/4030 4010/4669/3997
f 4033/4692/4020 4044/4703/4031 4032/4691/4019
f 4032/4691/4019 4044/4703/4031 4034/4693/4021
f 4043/4702/4030 4042/4701/4029 4045/4704/4032
f 4042/4701/4029 4041/4700/4028 4045/4704/4032
f 4045/4704/4032 4041/4700/4028 4046/4705/4033
f 4046/4705/4033 4041/4700/4028 4047/4706/4034
f 4041/4700/4028 4040/4699/4027 4047/4706/4034
f 4047/4706/4034 4040/4699/4027 4048/4707/4035
f 4040/4699/4027 4039/4698/4026 4048/4707/4035
f 4048/4707/4035 4039/4698/4026 4049/4708/4036
f 4049/4708/4036 4039/4698/4026 4050/4709/4037
f 4039/4698/4026 4038/4697/4025 4050/4709/4037
f 4050/4709/4037 4038/4697/4025 4051/4710/4038
f 4038/4697/4025 4037/4696/4024 4051/4710/4038
f 4051/4710/4038 4037/4696/4024 4052/4711/4039
f 4037/4696/4024 4036/4695/4023 4052/4711/4039
f 4052/4711/4039 4036/4695/4023 4053/4712/4040
f 4036/4695/4023 4035/4694/4022 4053/4712/4040
f 4053/4712/4040 4035/4694/4022 4054/4713/4041
f 4035/4694/4022 4034/4693/4021 4054/4713/4041
f 4034/4693/4021 4044/4703/4031 4054/4713/4041
f 4054/4713/4041 4044/4703/4031 4055/4714/4042
f 4044/4703/4031 4056/4715/4043 4055/4714/4042
f 4055/4714/4042 4056/4715/4043 4057/4716/4044
f 4056/4715/4043 4058/4717/4045 4057/4716/4044
f 4057/4716/4044 4058/4717/4045 4059/4718/4046
f 4059/4718/4046 4058/4717/4045 4060/4719/4047
f 4058/4717/4045 3496/4155/3483 4060/4719/4047
f 3496/4155/3483 3498/4157/3485 4060/4719/4047
f 4060/4719/4047 3498/4157/3485 4061/4720/4048
f 3498/4157/3485 3499/4158/3486 4061/4720/4048
f 4061/4720/4048 3499/4158/3486 4062/4721/4049
f 3499/4158/3486 3500/4159/3487 4062/4721/4049
f 3500/4159/3487 3501/4160/3488 4062/4721/4049
f 4062/4721/4049 3501/4160/3488 4063/4722/4050
f 3501/4160/3488 3502/4161/3489 4063/4722/4050
f 4063/4722/4050 3502/4161/3489 4064/4723/4051
f 3502/4161/3489 3503/4162/3490 4064/4723/4051
f 4064/4723/4051 3503/4162/3490 4065/4724/4052
f 3503/4162/3490 3504/4163/3491 4065/4724/4052
f 4065/4724/4052 3504/4163/3491 4066/4725/4053
f 3504/4163/3491 3505/4164/3492 4066/4725/4053
f 4066/4725/4053 3505/4164/3492 4067/4726/4054
f 3505/4164/3492 3506/4165/3493 4067/4726/4054
f 4067/4726/4054 3506/4165/3493 4068/4727/4055
f 3506/4165/3493 3512/4171/3499 4068/4727/4055
f 4044/4703/4031 4033/4692/4020 4056/4715/4043
f 4033/4692/4020 3495/4154/3482 4056/4715/4043
f 4056/4715/4043 3495/4154/3482 4058/4717/4045
f 3495/4154/3482 3496/4155/3483 4058/4717/4045
f 4068/4727/4055 4069/4728/4056 4067/4726/4054
f 4069/4728/4056 4070/4729/4057 4067/4726/4054
f 4067/4726/4054 4070/4729/4057 4066/4725/4053
f 4070/4729/4057 4071/4730/4058 4066/4725/4053
f 4066/4725/4053 4071/4730/4058 4065/4724/4052
f 4071/4730/4058 4072/4731/4059 4065/4724/4052
f 4065/4724/4052 4072/4731/4059 4064/4723/4051
f 4072/4731/4059 4073/4732/4060 4064/4723/4051
f 4064/4723/4051 4073/4732/4060 4063/4722/4050
f 4063/4722/4050 4073/4732/4060 4062/4721/4049
f 4062/4721/4049 4073/4732/4060 4061/4720/4048
f 4073/4732/4060 4074/4733/4061 4061/4720/4048
f 4061/4720/4048 4074/4733/4061 4060/4719/4047
f 4060/4719/4047 4074/4733/4061 4059/4718/4046
f 4074/4733/4061 4075/4734/4062 4059/4718/4046
f 4075/4734/4062 4076/4735/4063 4059/4718/4046
f 4059/4718/4046 4076/4735/4063 4057/4716/4044
f 4076/4735/4063 4077/4736/4064 4057/4716/4044
f 4057/4716/4044 4077/4736/4064 4055/4714/4042
f 4077/4736/4064 4078/4737/4065 4055/4714/4042
f 4055/4714/4042 4078/4737/4065 4054/4713/4041
f 4054/4713/4041 4078/4737/4065 4053/4712/4040
f 4078/4737/4065 4079/4738/4066 4053/4712/4040
f 4053/4712/4040 4079/4738/4066 4052/4711/4039
f 4079/4738/4066 4078/4737/4065 4080/4739/4067
f 4078/4737/4065 4077/4736/4064 4080/4739/4067
f 4080/4739/4067 4077/4736/4064 4081/4740/4068
f 4077/4736/4064 4076/4735/4063 4081/4740/4068
f 4081/4740/4068 4076/4735/4063 4082/4741/4069
f 4076/4735/4063 4075/4734/4062 4082/4741/4069
f 4082/4741/4069 4075/4734/4062 4083/4742/4070
f 4075/4734/4062 4084/4743/4071 4083/4742/4070
f 4083/4742/4070 4084/4743/4071 4085/4744/4072
f 4084/4743/4071 4072/4731/4059 4085/4744/4072
f 4072/4731/4059 4071/4730/4058 4085/4744/4072
f 4085/4744/4072 4071/4730/4058 4086/4745/4073
f 4071/4730/4058 4070/4729/4057 4086/4745/4073
f 4086/4745/4073 4070/4729/4057 4087/4746/4074
f 4070/4729/4057 4069/4728/4056 4087/4746/4074
f 4087/4746/4074 4069/4728/4056 4088/4747/4075
f 4088/4747/4075 4069/4728/4056 4089/4748/4076
f 4069/4728/4056 4068/4727/4055 4089/4748/4076
f 4089/4748/4076 4068/4727/4055 4090/4749/4077
f 4068/4727/4055 3512/4171/3499 4090/4749/4077
f 4090/4749/4077 3512/4171/3499 4091/4750/4078
f 3512/4171/3499 3513/4172/3500 4091/4750/4078
f 4091/4750/4078 3513/4172/3500 4092/4751/4079
f 3513/4172/3500 3514/4173/3501 4092/4751/4079
f 4075/4734/4062 4074/4733/4061 4084/4743/4071
f 4074/4733/4061 4073/4732/4060 4084/4743/4071
f 4084/4743/4071 4073/4732/4060 4072/4731/4059
f 4092/4751/4079 4093/4752/4080 4091/4750/4078
f 4091/4750/4078 4093/4752/4080 4090/4749/4077
f 4093/4752/4080 4094/4753/4081 4090/4749/4077
f 4090/4749/4077 4094/4753/4081 4095/4754/4082
f 4095/4754/4082 4094/4753/4081 4096/4755/4083
f 4096/4755/4083 4094/4753/4081 4097/4756/4084
f 4097/4756/4084 4094/4753/4081 4098/4757/4085
f 4094/4753/4081 4093/4752/4080 4098/4757/4085
f 4098/4757/4085 4093/4752/4080 4092/4751/4079
f 4095/4754/4082 4099/4758/4086 4090/4749/4077
f 4090/4749/4077 4099/4758/4086 4089/4748/4076
f 4099/4758/4086 4100/4759/4087 4089/4748/4076
f 4089/4748/4076 4100/4759/4087 4088/4747/4075
f 4100/4759/4087 4099/4758/4086 4101/4760/4088
f 4099/4758/4086 4095/4754/4082 4101/4760/4088
f 4101/4760/4088 4095/4754/4082 4102/4761/4089
f 4095/4754/4082 4096/4755/4083 4102/4761/4089
f 4102/4761/4089 4103/4762/4090 4101/4760/4088
f 4103/4762/4090 4104/4763/4091 4101/4760/4088
f 4101/4760/4088 4104/4763/4091 4100/4759/4087
f 4104/4763/4091 4105/4764/4092 4100/4759/4087
f 4100/4759/4087 4105/4764/4092 4088/4747/4075
f 4105/4764/4092 4106/4765/4093 4088/4747/4075
f 4088/4747/4075 4106/4765/4093 4087/4746/4074
f 4106/4765/4093 4107/4766/4094 4087/4746/4074
f 4087/4746/4074 4107/4766/4094 4086/4745/4073
f 4107/4766/4094 4108/4767/4095 4086/4745/4073
f 4086/4745/4073 4108/4767/4095 4085/4744/4072
f 4085/4744/4072 4108/4767/4095 4083/4742/4070
f 4108/4767/4095 4109/4768/4096 4083/4742/4070
f 4083/4742/4070 4109/4768/4096 4082/4741/4069
f 4109/4768/4096 4110/4769/4097 4082/4741/4069
f 4082/4741/4069 4110/4769/4097 4081/4740/4068
f 4110/4769/4097 4111/4770/4098 4081/4740/4068
f 4081/4740/4068 4111/4770/4098 4080/4739/4067
f 4111/4770/4098 4112/4771/4099 4080/4739/4067
f 4080/4739/4067 4112/4771/4099 4079/4738/4066
f 4112/4771/4099 4113/4772/4100 4079/4738/4066
f 4079/4738/4066 4113/4772/4100 4052/4711/4039
f 4052/4711/4039 4113/4772/4100 4051/4710/4038
f 4113/4772/4100 4114/4773/4101 4051/4710/4038
f 4051/4710/4038 4114/4773/4101 4050/4709/4037
f 4050/4709/4037 4114/4773/4101 4049/4708/4036
f 4049/4708/4036 4114/4773/4101 4115/4774/4102
f 4115/4774/4102 4114/4773/4101 4116/4775/4103
f 4114/4773/4101 4113/4772/4100 4116/4775/4103
f 4113/4772/4100 4112/4771/4099 4116/4775/4103
f 4116/4775/4103 4112/4771/4099 4117/4776/4104
f 4112/4771/4099 4111/4770/4098 4117/4776/4104
f 4117/4776/4104 4111/4770/4098 4118/4777/4105
f 4111/4770/4098 4110/4769/4097 4118/4777/4105
f 4118/4777/4105 4110/4769/4097 4119/4778/4106
f 4110/4769/4097 4109/4768/4096 4119/4778/4106
f 4119/4778/4106 4109/4768/4096 4120/4779/4107
f 4109/4768/4096 4108/4767/4095 4120/4779/4107
f 4108/4767/4095 4107/4766/4094 4120/4779/4107
f 4120/4779/4107 4107/4766/4094 4121/4780/4108
f 4107/4766/4094 4106/4765/4093 4121/4780/4108
f 4121/4780/4108 4122/4781/4109 4120/4779/4107
f 4120/4779/4107 4122/4781/4109 4119/4778/4106
f 4122/4781/4109 4123/4782/4110 4119/4778/4106
f 4119/4778/4106 4123/4782/4110 4118/4777/4105
f 4123/4782/4110 4124/4783/4111 4118/4777/4105
f 4118/4777/4105 4124/4783/4111 4117/4776/4104
f 4106/4765/4093 4125/4784/4112 4121/4780/4108
f 4125/4784/4112 4126/4785/4113 4121/4780/4108
f 4121/4780/4108 4126/4785/4113 4122/4781/4109
f 4126/4785/4113 4127/4786/4114 4122/4781/4109
f 4122/4781/4109 4127/4786/4114 4123/4782/4110
f 4127/4786/4114 4128/4787/4115 4123/4782/4110
f 4123/4782/4110 4128/4787/4115 4124/4783/4111
f 4106/4765/4093 4105/4764/4092 4125/4784/4112
f 4125/4784/4112 4105/4764/4092 4129/4788/4116
f 4105/4764/4092 4104/4763/4091 4129/4788/4116
f 4129/4788/4116 4130/4789/4117 4125/4784/4112
f 4125/4784/4112 4130/4789/4117 4126/4785/4113
f 4130/4789/4117 4131/4790/4118 4126/4785/4113
f 4126/4785/4113 4131/4790/4118 4127/4786/4114
f 4131/4790/4118 4132/4791/4119 4127/4786/4114
f 4127/4786/4114 4132/4791/4119 4128/4787/4115
f 4104/4763/4091 4133/4792/4120 4129/4788/4116
f 4133/4792/4120 4134/4793/4121 4129/4788/4116
f 4129/4788/4116 4134/4793/4121 4130/4789/4117
f 4134/4793/4121 4135/4794/4122 4130/4789/4117
f 4130/4789/4117 4135/4794/4122 4131/4790/4118
f 4135/4794/4122 4136/4795/4123 4131/4790/4118
f 4131/4790/4118 4136/4795/4123 4132/4791/4119
f 4104/4763/4091 4103/4762/4090 4133/4792/4120
f 4103/4762/4090 4137/4796/4124 4133/4792/4120
f 4137/4796/4124 4138/4797/4125 4133/4792/4120
f 4133/4792/4120 4138/4797/4125 4134/4793/4121
f 4138/4797/4125 4139/4798/4126 4134/4793/4121
f 4134/4793/4121 4139/4798/4126 4135/4794/4122
f 4139/4798/4126 4140/4799/4127 4135/4794/4122
f 4135/4794/4122 4140/4799/4127 4136/4795/4123
f 4103/4762/4090 4141/4800/4128 4137/4796/4124
f 4141/4800/4128 4142/4801/4129 4137/4796/4124
f 4142/4801/4129 4143/4802/4130 4137/4796/4124
f 4137/4796/4124 4143/4802/4130 4138/4797/4125
f 4143/4802/4130 4144/4803/4131 4138/4797/4125
f 4138/4797/4125 4144/4803/4131 4139/4798/4126
f 4144/4803/4131 4145/4804/4132 4139/4798/4126
f 4139/4798/4126 4145/4804/4132 4140/4799/4127
f 4103/4762/4090 4102/4761/4089 4141/4800/4128
f 4141/4800/4128 4102/4761/4089 4146/4805/4133
f 4102/4761/4089 4096/4755/4083 4146/4805/4133
f 4146/4805/4133 4096/4755/4083 4147/4806/4134
f 4096/4755/4083 4097/4756/4084 4147/4806/4134
f 4147/4806/4134 4097/4756/4084 4148/4807/4135
f 4097/4756/4084 4098/4757/4085 4148/4807/4135
f 4148/4807/4135 4149/4808/4136 4147/4806/4134
f 4149/4808/4136 4150/4809/4137 4147/4806/4134
f 4147/4806/4134 4150/4809/4137 4146/4805/4133
f 4150/4809/4137 4151/4810/4138 4146/4805/4133
f 4146/4805/4133 4151/4810/4138 4141/4800/4128
f 4151/4810/4138 4152/4811/4139 4141/4800/4128
f 4141/4800/4128 4152/4811/4139 4142/4801/4129
f 4152/4811/4139 4153/4812/4140 4142/4801/4129
f 4142/4801/4129 4153/4812/4140 4143/4802/4130
f 4153/4812/4140 4152/4811/4139 4154/4813/4141
f 4154/4813/4141 4152/4811/4139 4155/4814/4142
f 4152/4811/4139 4151/4810/4138 4155/4814/4142
f 4155/4814/4142 4151/4810/4138 4156/4815/4143
f 4151/4810/4138 4150/4809/4137 4156/4815/4143
f 4156/4815/4143 4150/4809/4137 4157/4816/4144
f 4157/4816/4144 4150/4809/4137 4158/4817/4145
f 4150/4809/4137 4149/4808/4136 4158/4817/4145
f 4158/4817/4145 4149/4808/4136 4159/4818/4146
f 4149/4808/4136 4148/4807/4135 4159/4818/4146
f 4159/4818/4146 4148/4807/4135 4160/4819/4147
f 4148/4807/4135 4098/4757/4085 4160/4819/4147
f 4160/4819/4147 4098/4757/4085 4161/4820/4148
f 4098/4757/4085 4092/4751/4079 4161/4820/4148
f 4161/4820/4148 4092/4751/4079 4162/4821/4149
f 4092/4751/4079 3514/4173/3501 4162/4821/4149
f 3514/4173/3501 3515/4174/3502 4162/4821/4149
f 4162/4821/4149 3515/4174/3502 4163/4822/4150
f 4163/4822/4150 3515/4174/3502 4164/4823/4151
f 3515/4174/3502 3516/4175/3503 4164/4823/4151
f 4164/4823/4151 3516/4175/3503 4165/4824/4152
f 3516/4175/3503 3517/4176/3504 4165/4824/4152
f 4165/4824/4152 3517/4176/3504 4166/4825/4153
f 4166/4825/4153 3517/4176/3504 4167/4826/4154
f 3517/4176/3504 3518/4177/3505 4167/4826/4154
f 4167/4826/4154 3518/4177/3505 4168/4827/4155
f 3518/4177/3505 3519/4178/3506 4168/4827/4155
f 4168/4827/4155 3519/4178/3506 4169/4828/4156
f 3519/4178/3506 3520/4179/3507 4169/4828/4156
f 4169/4828/4156 3520/4179/3507 4170/4829/4157
f 3520/4179/3507 3521/4180/3508 4170/4829/4157
f 4170/4829/4157 3521/4180/3508 4171/4830/4158
f 3521/4180/3508 3522/4181/3509 4171/4830/4158
f 3522/4181/3509 3523/4182/3510 4171/4830/4158
f 4171/4830/4158 3523/4182/3510 4172/4831/4159
f 3523/4182/3510 3524/4183/3511 4172/4831/4159
f 4160/4819/4147 4173/4832/4160 4159/4818/4146
f 4159/4818/4146 4173/4832/4160 4158/4817/4145
f 4158/4817/4145 4173/4832/4160 4157/4816/4144
f 4157/4816/4144 4173/4832/4160 4174/4833/4161
f 4174/4833/4161 4173/4832/4160 4161/4820/4148
f 4173/4832/4160 4160/4819/4147 4161/4820/4148
f 4172/4831/4159 4175/4834/4162 4171/4830/4158
f 4171/4830/4158 4175/4834/4162 4170/4829/4157
f 4175/4834/4162 3719/4378/3706 4170/4829/4157
f 4170/4829/4157 3719/4378/3706 4169/4828/4156
f 3719/4378/3706 3706/4365/3693 4169/4828/4156
f 4169/4828/4156 3706/4365/3693 4168/4827/4155
f 3706/4365/3693 3707/4366/3694 4168/4827/4155
f 4168/4827/4155 3707/4366/3694 4176/4835/4163
f 4176/4835/4163 3707/4366/3694 4177/4836/4164
f 3707/4366/3694 3708/4367/3695 4177/4836/4164
f 4177/4836/4164 3708/4367/3695 4178/4837/4165
f 3708/4367/3695 3710/4369/3697 4178/4837/4165
f 3710/4369/3697 3718/4377/3705 4178/4837/4165
f 4178/4837/4165 3718/4377/3705 4179/4838/4166
f 3718/4377/3705 3720/4379/3707 4179/4838/4166
f 4179/4838/4166 3720/4379/3707 4180/4839/4167
f 3720/4379/3707 3721/4380/3708 4180/4839/4167
f 3721/4380/3708 3726/4385/3713 4180/4839/4167
f 4180/4839/4167 3726/4385/3713 4181/4840/4168
f 3726/4385/3713 3727/4386/3714 4181/4840/4168
f 4181/4840/4168 3727/4386/3714 4182/4841/4169
f 3727/4386/3714 3728/4387/3715 4182/4841/4169
f 4167/4826/4154 4168/4827/4155 4176/4835/4163
f 4182/4841/4169 4183/4842/4170 4181/4840/4168
f 4181/4840/4168 4183/4842/4170 4180/4839/4167
f 4180/4839/4167 4183/4842/4170 4179/4838/4166
f 4179/4838/4166 4183/4842/4170 4184/4843/4171
f 4184/4843/4171 4183/4842/4170 4185/4844/4172
f 4185/4844/4172 4183/4842/4170 4186/4845/4173
f 4183/4842/4170 4182/4841/4169 4186/4845/4173
f 4182/4841/4169 3728/4387/3715 4186/4845/4173
f 3728/4387/3715 3737/4396/3724 4186/4845/4173
f 4186/4845/4173 3737/4396/3724 4187/4846/4174
f 3737/4396/3724 4188/4847/4175 4187/4846/4174
f 4187/4846/4174 4188/4847/4175 4189/4848/4176
f 4189/4848/4176 4188/4847/4175 4190/4849/4177
f 4188/4847/4175 3739/4398/3726 4190/4849/4177
f 4190/4849/4177 3739/4398/3726 3740/4399/3727
f 3737/4396/3724 3736/4395/3723 4188/4847/4175
f 3736/4395/3723 3738/4397/3725 4188/4847/4175
f 4188/4847/4175 3738/4397/3725 3739/4398/3726
f 4189/4848/4176 4191/4850/4178 4187/4846/4174
f 4187/4846/4174 4191/4850/4178 4186/4845/4173
f 4186/4845/4173 4191/4850/4178 4185/4844/4172
f 4191/4850/4178 4192/4851/4179 4185/4844/4172
f 4185/4844/4172 4192/4851/4179 4184/4843/4171
f 4192/4851/4179 4193/4852/4180 4184/4843/4171
f 4193/4852/4180 4194/4853/4181 4184/4843/4171
f 4184/4843/4171 4194/4853/4181 4179/4838/4166
f 4194/4853/4181 4195/4854/4182 4179/4838/4166
f 4179/4838/4166 4195/4854/4182 4178/4837/4165
f 4195/4854/4182 4196/4855/4183 4178/4837/4165
f 4178/4837/4165 4196/4855/4183 4177/4836/4164
f 4196/4855/4183 4197/4856/4184 4177/4836/4164
f 4177/4836/4164 4197/4856/4184 4176/4835/4163
f 4176/4835/4163 4197/4856/4184 4167/4826/4154
f 4167/4826/4154 4197/4856/4184 4166/4825/4153
f 4166/4825/4153 4197/4856/4184 4198/4857/4185
f 4197/4856/4184 4196/4855/4183 4198/4857/4185
f 4198/4857/4185 4196/4855/4183 4199/4858/4186
f 4196/4855/4183 4195/4854/4182 4199/4858/4186
f 4195/4854/4182 4194/4853/4181 4199/4858/4186
f 4199/4858/4186 4194/4853/4181 4200/4859/4187
f 4194/4853/4181 4201/4860/4188 4200/4859/4187
f 4201/4860/4188 4202/4861/4189 4200/4859/4187
f 4202/4861/4189 4203/4862/4190 4200/4859/4187
f 4200/4859/4187 4203/4862/4190 4199/4858/4186
f 4199/4858/4186 4203/4862/4190 4198/4857/4185
f 4203/4862/4190 4204/4863/4191 4198/4857/4185
f 4198/4857/4185 4204/4863/4191 4166/4825/4153
f 4166/4825/4153 4204/4863/4191 4165/4824/4152
f 4204/4863/4191 4205/4864/4192 4165/4824/4152
f 4165/4824/4152 4205/4864/4192 4164/4823/4151
f 4201/4860/4188 4194/4853/4181 4193/4852/4180
f 4205/4864/4192 4204/4863/4191 4206/4865/4193
f 4204/4863/4191 4203/4862/4190 4206/4865/4193
f 4203/4862/4190 4202/4861/4189 4206/4865/4193
f 4206/4865/4193 4202/4861/4189 4207/4866/4194
f 4207/4866/4194 4202/4861/4189 4208/4867/4195
f 4202/4861/4189 4201/4860/4188 4208/4867/4195
f 4208/4867/4195 4201/4860/4188 4209/4868/4196
f 4201/4860/4188 4193/4852/4180 4209/4868/4196
f 4209/4868/4196 4193/4852/4180 4210/4869/4197
f 4210/4869/4197 4193/4852/4180 4211/4870/4198
f 4193/4852/4180 4192/4851/4179 4211/4870/4198
f 4192/4851/4179 4191/4850/4178 4211/4870/4198
f 4211/4870/4198 4191/4850/4178 4212/4871/4199
f 4191/4850/4178 4189/4848/4176 4212/4871/4199
f 4212/4871/4199 4189/4848/4176 4213/4872/4200
f 4213/4872/4200 4189/4848/4176 4214/4873/4201
f 4189/4848/4176 4190/4849/4177 4214/4873/4201
f 4190/4849/4177 3740/4399/3727 4214/4873/4201
f 3740/4399/3727 3741/4400/3728 4214/4873/4201
f 4214/4873/4201 3741/4400/3728 4215/4874/4202
f 3741/4400/3728 4216/4875/4203 4215/4874/4202
f 4215/4874/4202 4216/4875/4203 4217/4876/4204
f 4216/4875/4203 4218/4877/4205 4217/4876/4204
f 4218/4877/4205 4219/4878/4206 4217/4876/4204
f 4219/4878/4206 4220/4879/4207 4217/4876/4204
f 4217/4876/4204 4220/4879/4207 4215/4874/4202
f 4220/4879/4207 4221/4880/4208 4215/4874/4202
f 4215/4874/4202 4221/4880/4208 4214/4873/4201
f 4221/4880/4208 4222/4881/4209 4214/4873/4201
f 4214/4873/4201 4222/4881/4209 4213/4872/4200
f 4222/4881/4209 4223/4882/4210 4213/4872/4200
f 4213/4872/4200 4223/4882/4210 4212/4871/4199
f 3741/4400/3728 3742/4401/3729 4216/4875/4203
f 4216/4875/4203 3742/4401/3729 4218/4877/4205
f 3742/4401/3729 3744/4403/3731 4218/4877/4205
f 4221/4880/4208 4224/4883/4211 4222/4881/4209
f 4224/4883/4211 4225/4884/4212 4222/4881/4209
f 4222/4881/4209 4225/4884/4212 4223/4882/4210
f 4221/4880/4208 4220/4879/4207 4224/4883/4211
f 4224/4883/4211 4220/4879/4207 4226/4885/4213
f 4220/4879/4207 4219/4878/4206 4226/4885/4213
f 4226/4885/4213 4219/4878/4206 4227/4886/4214
f 4219/4878/4206 4218/4877/4205 4227/4886/4214
f 4218/4877/4205 3744/4403/3731 4227/4886/4214
f 4227/4886/4214 3744/4403/3731 4228/4887/4215
f 3744/4403/3731 3745/4404/3732 4228/4887/4215
f 3745/4404/3732 3758/4417/3745 4228/4887/4215
f 3758/4417/3745 3750/4409/3737 4228/4887/4215
f 4228/4887/4215 3750/4409/3737 4229/4888/4216
f 3750/4409/3737 3751/4410/3738 4229/4888/4216
f 3751/4410/3738 3753/4412/3740 4229/4888/4216
f 3753/4412/3740 3760/4419/3747 4229/4888/4216
f 4229/4888/4216 3760/4419/3747 4230/4889/4217
f 3760/4419/3747 3762/4421/3749 4230/4889/4217
f 4228/4887/4215 4229/4888/4216 4227/4886/4214
f 4229/4888/4216 4231/4890/4218 4227/4886/4214
f 4227/4886/4214 4231/4890/4218 4232/4891/4219
f 4231/4890/4218 4233/4892/4220 4232/4891/4219
f 4233/4892/4220 4234/4893/4221 4232/4891/4219
f 4234/4893/4221 4235/4894/4222 4232/4891/4219
f 4235/4894/4222 4236/4895/4223 4232/4891/4219
f 4232/4891/4219 4236/4895/4223 4226/4885/4213
f 4226/4885/4213 4236/4895/4223 4224/4883/4211
f 4236/4895/4223 4237/4896/4224 4224/4883/4211
f 4224/4883/4211 4237/4896/4224 4225/4884/4212
f 4237/4896/4224 4238/4897/4225 4225/4884/4212
f 4225/4884/4212 4238/4897/4225 4223/4882/4210
f 4238/4897/4225 4239/4898/4226 4223/4882/4210
f 4223/4882/4210 4239/4898/4226 4212/4871/4199
f 4239/4898/4226 4240/4899/4227 4212/4871/4199
f 4212/4871/4199 4240/4899/4227 4211/4870/4198
f 4229/4888/4216 4230/4889/4217 4231/4890/4218
f 4231/4890/4218 4230/4889/4217 4233/4892/4220
f 4232/4891/4219 4226/4885/4213 4227/4886/4214
f 4240/4899/4227 4239/4898/4226 4241/4900/4228
f 4239/4898/4226 4238/4897/4225 4241/4900/4228
f 4241/4900/4228 4238/4897/4225 4242/4901/4229
f 4238/4897/4225 4237/4896/4224 4242/4901/4229
f 4242/4901/4229 4237/4896/4224 4243/4902/4230
f 4237/4896/4224 4236/4895/4223 4243/4902/4230
f 4236/4895/4223 4235/4894/4222 4243/4902/4230
f 4243/4902/4230 4235/4894/4222 4244/4903/4231
f 4235/4894/4222 4234/4893/4221 4244/4903/4231
f 4244/4903/4231 4245/4904/4232 4243/4902/4230
f 4243/4902/4230 4245/4904/4232 4242/4901/4229
f 4245/4904/4232 4246/4905/4233 4242/4901/4229
f 4242/4901/4229 4246/4905/4233 4241/4900/4228
f 4246/4905/4233 4245/4904/4232 4247/4906/4234
f 4245/4904/4232 4244/4903/4231 4247/4906/4234
f 4247/4906/4234 4244/4903/4231 4248/4907/4235
f 4244/4903/4231 4249/4908/4236 4248/4907/4235
f 4248/4907/4235 4249/4908/4236 4250/4909/4237
f 4250/4909/4237 4249/4908/4236 4251/4910/4238
f 4249/4908/4236 4233/4892/4220 4251/4910/4238
f 4251/4910/4238 4233/4892/4220 4230/4889/4217
f 4244/4903/4231 4234/4893/4221 4249/4908/4236
f 4249/4908/4236 4234/4893/4221 4233/4892/4220
f 4250/4909/4237 4252/4911/4239 4248/4907/4235
f 4248/4907/4235 4252/4911/4239 4247/4906/4234
f 4247/4906/4234 4252/4911/4239 4246/4905/4233
f 4252/4911/4239 4253/4912/4240 4246/4905/4233
f 4253/4912/4240 4254/4913/4241 4246/4905/4233
f 4246/4905/4233 4254/4913/4241 4241/4900/4228
f 4254/4913/4241 4255/4914/4242 4241/4900/4228
f 4241/4900/4228 4255/4914/4242 4240/4899/4227
f 4240/4899/4227 4255/4914/4242 4211/4870/4198
f 4255/4914/4242 4256/4915/4243 4211/4870/4198
f 4211/4870/4198 4256/4915/4243 4210/4869/4197
f 4210/4869/4197 4256/4915/4243 4209/4868/4196
f 4256/4915/4243 4257/4916/4244 4209/4868/4196
f 4209/4868/4196 4257/4916/4244 4258/4917/4245
f 4257/4916/4244 4259/4918/4246 4258/4917/4245
f 4259/4918/4246 4260/4919/4247 4258/4917/4245
f 4260/4919/4247 4261/4920/4248 4258/4917/4245
f 4258/4917/4245 4261/4920/4248 4208/4867/4195
f 4261/4920/4248 4207/4866/4194 4208/4867/4195
f 4209/4868/4196 4258/4917/4245 4208/4867/4195
f 4255/4914/4242 4262/4921/4249 4256/4915/4243
f 4262/4921/4249 4263/4922/4250 4256/4915/4243
f 4256/4915/4243 4263/4922/4250 4257/4916/4244
f 4263/4922/4250 4264/4923/4251 4257/4916/4244
f 4257/4916/4244 4264/4923/4251 4259/4918/4246
f 4255/4914/4242 4254/4913/4241 4262/4921/4249
f 4254/4913/4241 4253/4912/4240 4262/4921/4249
f 4253/4912/4240 4265/4924/4252 4262/4921/4249
f 4265/4924/4252 4266/4925/4253 4262/4921/4249
f 4262/4921/4249 4266/4925/4253 4263/4922/4250
f 4266/4925/4253 4267/4926/4254 4263/4922/4250
f 4263/4922/4250 4267/4926/4254 4264/4923/4251
f 4267/4926/4254 4268/4927/4255 4264/4923/4251
f 4268/4927/4255 4269/4928/4256 4264/4923/4251
f 4264/4923/4251 4269/4928/4256 4259/4918/4246
f 4269/4928/4256 4270/4929/4257 4259/4918/4246
f 4259/4918/4246 4270/4929/4257 4260/4919/4247
f 4270/4929/4257 4271/4930/4258 4260/4919/4247
f 4271/4930/4258 4272/4931/4259 4260/4919/4247
f 4260/4919/4247 4272/4931/4259 4261/4920/4248
f 4272/4931/4259 4273/4932/4260 4261/4920/4248
f 4261/4920/4248 4273/4932/4260 4207/4866/4194
f 4273/4932/4260 4274/4933/4261 4207/4866/4194
f 4207/4866/4194 4274/4933/4261 4206/4865/4193
f 4206/4865/4193 4274/4933/4261 4205/4864/4192
f 4205/4864/4192 4274/4933/4261 4164/4823/4151
f 4274/4933/4261 4275/4934/4262 4164/4823/4151
f 4164/4823/4151 4275/4934/4262 4163/4822/4150
f 4275/4934/4262 4276/4935/4263 4163/4822/4150
f 4163/4822/4150 4276/4935/4263 4277/4936/4264
f 4277/4936/4264 4276/4935/4263 4278/4937/4265
f 4276/4935/4263 4272/4931/4259 4278/4937/4265
f 4278/4937/4265 4272/4931/4259 4271/4930/4258
f 4274/4933/4261 4273/4932/4260 4275/4934/4262
f 4275/4934/4262 4273/4932/4260 4276/4935/4263
f 4273/4932/4260 4272/4931/4259 4276/4935/4263
f 4163/4822/4150 4277/4936/4264 4162/4821/4149
f 4277/4936/4264 4279/4938/4266 4162/4821/4149
f 4162/4821/4149 4279/4938/4266 4161/4820/4148
f 4161/4820/4148 4279/4938/4266 4174/4833/4161
f 4174/4833/4161 4279/4938/4266 4280/4939/4267
f 4279/4938/4266 4277/4936/4264 4280/4939/4267
f 4277/4936/4264 4278/4937/4265 4280/4939/4267
f 4280/4939/4267 4278/4937/4265 4281/4940/4268
f 4278/4937/4265 4271/4930/4258 4281/4940/4268
f 4281/4940/4268 4271/4930/4258 4282/4941/4269
f 4271/4930/4258 4270/4929/4257 4282/4941/4269
f 4282/4941/4269 4270/4929/4257 4283/4942/4270
f 4270/4929/4257 4269/4928/4256 4283/4942/4270
f 4283/4942/4270 4269/4928/4256 4284/4943/4271
f 4269/4928/4256 4268/4927/4255 4284/4943/4271
f 4284/4943/4271 4268/4927/4255 4285/4944/4272
f 4285/4944/4272 4268/4927/4255 4286/4945/4273
f 4268/4927/4255 4267/4926/4254 4286/4945/4273
f 4286/4945/4273 4267/4926/4254 4287/4946/4274
f 4267/4926/4254 4266/4925/4253 4287/4946/4274
f 4287/4946/4274 4266/4925/4253 4288/4947/4275
f 4288/4947/4275 4266/4925/4253 4289/4948/4276
f 4266/4925/4253 4265/4924/4252 4289/4948/4276
f 4289/4948/4276 4265/4924/4252 4290/4949/4277
f 4290/4949/4277 4265/4924/4252 4291/4950/4278
f 4265/4924/4252 4253/4912/4240 4291/4950/4278
f 4291/4950/4278 4253/4912/4240 4292/4951/4279
f 4253/4912/4240 4252/4911/4239 4292/4951/4279
f 4292/4951/4279 4252/4911/4239 4293/4952/4280
f 4252/4911/4239 4250/4909/4237 4293/4952/4280
f 4293/4952/4280 4250/4909/4237 4294/4953/4281
f 4250/4909/4237 4251/4910/4238 4294/4953/4281
f 4294/4953/4281 4251/4910/4238 4295/4954/4282
f 4295/4954/4282 4251/4910/4238 4296/4955/4283
f 4251/4910/4238 4230/4889/4217 4296/4955/4283
f 4296/4955/4283 4230/4889/4217 4297/4956/4284
f 4230/4889/4217 3762/4421/3749 4297/4956/4284
f 4297/4956/4284 3762/4421/3749 4298/4957/4285
f 3762/4421/3749 3761/4420/3748 4298/4957/4285
f 3761/4420/3748 3763/4422/3750 4298/4957/4285
f 4298/4957/4285 3763/4422/3750 4299/4958/4286
f 3763/4422/3750 3765/4424/3752 4299/4958/4286
f 4299/4958/4286 3765/4424/3752 4300/4959/4287
f 3765/4424/3752 3794/4453/3781 4300/4959/4287
f 4300/4959/4287 3794/4453/3781 4301/4960/4288
f 3794/4453/3781 3796/4455/3783 4301/4960/4288
f 4301/4960/4288 3796/4455/3783 4302/4961/4289
f 3796/4455/3783 3797/4456/3784 4302/4961/4289
f 4302/4961/4289 3797/4456/3784 4303/4962/4290
f 4303/4962/4290 3797/4456/3784 4304/4963/4291
f 3797/4456/3784 3798/4457/3785 4304/4963/4291
f 3798/4457/3785 3810/4469/3797 4304/4963/4291
f 4304/4963/4291 3810/4469/3797 4305/4964/4292
f 3810/4469/3797 3828/4487/3815 4305/4964/4292
f 4305/4964/4292 3828/4487/3815 4306/4965/4293
f 3828/4487/3815 3812/4471/3799 4306/4965/4293
f 4306/4965/4293 4307/4966/4294 4305/4964/4292
f 4307/4966/4294 4308/4967/4295 4305/4964/4292
f 4305/4964/4292 4308/4967/4295 4304/4963/4291
f 4308/4967/4295 4309/4968/4296 4304/4963/4291
f 4304/4963/4291 4309/4968/4296 4303/4962/4290
f 4309/4968/4296 4310/4969/4297 4303/4962/4290
f 4303/4962/4290 4310/4969/4297 4302/4961/4289
f 4310/4969/4297 4311/4970/4298 4302/4961/4289
f 4302/4961/4289 4311/4970/4298 4301/4960/4288
f 4311/4970/4298 4312/4971/4299 4301/4960/4288
f 4301/4960/4288 4312/4971/4299 4300/4959/4287
f 4300/4959/4287 4312/4971/4299 4299/4958/4286
f 4312/4971/4299 4313/4972/4300 4299/4958/4286
f 4299/4958/4286 4313/4972/4300 4314/4973/4301
f 4313/4972/4300 4315/4974/4302 4314/4973/4301
f 4314/4973/4301 4315/4974/4302 4295/4954/4282
f 4295/4954/4282 4315/4974/4302 4294/4953/4281
f 4294/4953/4281 4315/4974/4302 4293/4952/4280
f 4315/4974/4302 4316/4975/4303 4293/4952/4280
f 4293/4952/4280 4316/4975/4303 4292/4951/4279
f 4316/4975/4303 4317/4976/4304 4292/4951/4279
f 4292/4951/4279 4317/4976/4304 4291/4950/4278
f 4299/4958/4286 4314/4973/4301 4298/4957/4285
f 4298/4957/4285 4314/4973/4301 4297/4956/4284
f 4297/4956/4284 4314/4973/4301 4296/4955/4283
f 4314/4973/4301 4295/4954/4282 4296/4955/4283
f 4315/4974/4302 4313/4972/4300 4316/4975/4303
f 4313/4972/4300 4318/4977/4305 4316/4975/4303
f 4316/4975/4303 4318/4977/4305 4317/4976/4304
f 4313/4972/4300 4312/4971/4299 4318/4977/4305
f 4318/4977/4305 4312/4971/4299 4319/4978/4306
f 4312/4971/4299 4311/4970/4298 4319/4978/4306
f 4311/4970/4298 4310/4969/4297 4319/4978/4306
f 4319/4978/4306 4310/4969/4297 4320/4979/4307
f 4310/4969/4297 4309/4968/4296 4320/4979/4307
f 4319/4978/4306 4320/4979/4307 4318/4977/4305
f 4320/4979/4307 4321/4980/4308 4318/4977/4305
f 4318/4977/4305 4321/4980/4308 4317/4976/4304
f 4321/4980/4308 4322/4981/4309 4317/4976/4304
f 4317/4976/4304 4322/4981/4309 4291/4950/4278
f 4322/4981/4309 4323/4982/4310 4291/4950/4278
f 4291/4950/4278 4323/4982/4310 4290/4949/4277
f 4323/4982/4310 4324/4983/4311 4290/4949/4277
f 4290/4949/4277 4324/4983/4311 4289/4948/4276
f 4324/4983/4311 4325/4984/4312 4289/4948/4276
f 4289/4948/4276 4325/4984/4312 4288/4947/4275
f 4288/4947/4275 4325/4984/4312 4326/4985/4313
f 4325/4984/4312 4327/4986/4314 4326/4985/4313
f 4326/4985/4313 4327/4986/4314 4328/4987/4315
f 4327/4986/4314 4329/4988/4316 4328/4987/4315
f 4328/4987/4315 4329/4988/4316 4330/4989/4317
f 4330/4989/4317 4329/4988/4316 4331/4990/4318
f 4331/4990/4318 4329/4988/4316 4324/4983/4311
f 4329/4988/4316 4327/4986/4314 4324/4983/4311
f 4324/4983/4311 4327/4986/4314 4325/4984/4312
f 4330/4989/4317 4332/4991/4319 4328/4987/4315
f 4328/4987/4315 4332/4991/4319 4333/4992/4320
f 4332/4991/4319 4334/4993/4321 4333/4992/4320
f 4333/4992/4320 4334/4993/4321 4335/4994/4322
f 4335/4994/4322 4334/4993/4321 4336/4995/4323
f 4336/4995/4323 4334/4993/4321 4337/4996/4324
f 4334/4993/4321 4332/4991/4319 4337/4996/4324
f 4337/4996/4324 4332/4991/4319 4338/4997/4325
f 4332/4991/4319 4330/4989/4317 4338/4997/4325
f 4338/4997/4325 4330/4989/4317 4339/4998/4326
f 4330/4989/4317 4331/4990/4318 4339/4998/4326
f 4328/4987/4315 4333/4992/4320 4326/4985/4313
f 4326/4985/4313 4333/4992/4320 4340/4999/4327
f 4333/4992/4320 4335/4994/4322 4340/4999/4327
f 4339/4998/4326 4341/5000/4328 4338/4997/4325
f 4341/5000/4328 4337/4996/4324 4338/4997/4325
f 4339/4998/4326 4342/5001/4329 4341/5000/4328
f 4342/5001/4329 4343/5002/4330 4341/5000/4328
f 4341/5000/4328 4343/5002/4330 4344/5003/4331
f 4344/5003/4331 4343/5002/4330 4345/5004/4332
f 4345/5004/4332 4343/5002/4330 4346/5005/4333
f 4343/5002/4330 4342/5001/4329 4346/5005/4333
f 4346/5005/4333 4342/5001/4329 4347/5006/4334
f 4342/5001/4329 4339/4998/4326 4347/5006/4334
f 4344/5003/4331 4348/5007/4335 4341/5000/4328
f 4348/5007/4335 4337/4996/4324 4341/5000/4328
f 4348/5007/4335 4344/5003/4331 4349/5008/4336
f 4349/5008/4336 4344/5003/4331 4350/5009/4337
f 4344/5003/4331 4345/5004/4332 4350/5009/4337
f 4350/5009/4337 4345/5004/4332 4351/5010/4338
f 4351/5010/4338 4345/5004/4332 3833/4492/3820
f 4345/5004/4332 4346/5005/4333 3833/4492/3820
f 3833/4492/3820 4346/5005/4333 4352/5011/4339
f 4346/5005/4333 4347/5006/4334 4352/5011/4339
f 3833/4492/3820 4352/5011/4339 3826/4485/3813
f 4352/5011/4339 4353/5012/4340 3826/4485/3813
f 3826/4485/3813 4353/5012/4340 3815/4474/3802
f 3815/4474/3802 4353/5012/4340 3814/4473/3801
f 4353/5012/4340 4354/5013/4341 3814/4473/3801
f 3814/4473/3801 4354/5013/4341 3812/4471/3799
f 4354/5013/4341 4355/5014/4342 3812/4471/3799
f 3812/4471/3799 4355/5014/4342 4306/4965/4293
f 4355/5014/4342 4356/5015/4343 4306/4965/4293
f 4356/5015/4343 4357/5016/4344 4306/4965/4293
f 4306/4965/4293 4357/5016/4344 4307/4966/4294
f 4307/4966/4294 4357/5016/4344 4308/4967/4295
f 4357/5016/4344 4358/5017/4345 4308/4967/4295
f 4308/4967/4295 4358/5017/4345 4309/4968/4296
f 4309/4968/4296 4358/5017/4345 4320/4979/4307
f 4320/4979/4307 4358/5017/4345 4321/4980/4308
f 4321/4980/4308 4358/5017/4345 4322/4981/4309
f 4358/5017/4345 4359/5018/4346 4322/4981/4309
f 4322/4981/4309 4359/5018/4346 4323/4982/4310
f 4358/5017/4345 4357/5016/4344 4359/5018/4346
f 4359/5018/4346 4357/5016/4344 4360/5019/4347
f 4357/5016/4344 4356/5015/4343 4360/5019/4347
f 4354/5013/4341 4353/5012/4340 4361/5020/4348
f 4353/5012/4340 4352/5011/4339 4361/5020/4348
f 4354/5013/4341 4361/5020/4348 4355/5014/4342
f 4360/5019/4347 4362/5021/4349 4359/5018/4346
f 4359/5018/4346 4362/5021/4349 4323/4982/4310
f 4323/4982/4310 4362/5021/4349 4324/4983/4311
f 4324/4983/4311 4362/5021/4349 4331/4990/4318
f 4331/4990/4318 4362/5021/4349 4339/4998/4326
f 4362/5021/4349 4363/5022/4350 4339/4998/4326
f 4339/4998/4326 4363/5022/4350 4347/5006/4334
f 4347/5006/4334 4363/5022/4350 4352/5011/4339
f 4352/5011/4339 4363/5022/4350 4361/5020/4348
f 4361/5020/4348 4363/5022/4350 4355/5014/4342
f 4355/5014/4342 4363/5022/4350 4356/5015/4343
f 4356/5015/4343 4363/5022/4350 4360/5019/4347
f 4363/5022/4350 4362/5021/4349 4360/5019/4347
f 4364/5023/4351 4365/5024/4352 4366/5025/4353
f 4365/5024/4352 4367/5026/4354 4366/5025/4353
f 4366/5025/4353 4368/5027/4355 4364/5023/4351
f 4368/5027/4355 4369/5028/4356 4364/5023/4351
f 4364/5023/4351 4369/5028/4356 4365/5024/4352
f 3929/4588/3916 4370/5029/4357 3921/4580/3908
f 3921/4580/3908 4370/5029/4357 4371/5030/4358
f 4370/5029/4357 4372/5031/4359 4371/5030/4358
f 4372/5031/4359 4369/5028/4356 4371/5030/4358
f 4369/5028/4356 4368/5027/4355 4371/5030/4358
f 4371/5030/4358 4368/5027/4355 3921/4580/3908
f 4370/5029/4357 3929/4588/3916 4373/5032/4360
f 3929/4588/3916 3930/4589/3917 4373/5032/4360
f 4373/5032/4360 3930/4589/3917 4374/5033/4361
f 3930/4589/3917 3931/4590/3918 4374/5033/4361
f 4374/5033/4361 3931/4590/3918 4375/5034/4362
f 3931/4590/3918 3933/4592/3920 4375/5034/4362
f 3933/4592/3920 3935/4594/3922 4375/5034/4362
f 4375/5034/4362 3935/4594/3922 4376/5035/4363
f 4376/5035/4363 3935/4594/3922 4377/5036/4364
f 3935/4594/3922 3936/4595/3923 4377/5036/4364
f 4377/5036/4364 3936/4595/3923 4378/5037/4365
f 3936/4595/3923 4379/5038/4366 4378/5037/4365
f 4378/5037/4365 4379/5038/4366 4380/5039/4367
f 4379/5038/4366 4381/5040/4368 4380/5039/4367
f 4380/5039/4367 4381/5040/4368 4382/5041/4369
f 4381/5040/4368 3941/4600/3928 4382/5041/4369
f 4382/5041/4369 3941/4600/3928 4383/5042/4370
f 3941/4600/3928 3942/4601/3929 4383/5042/4370
f 4383/5042/4370 3942/4601/3929 4384/5043/4371
f 3942/4601/3929 3944/4603/3931 4384/5043/4371
f 4384/5043/4371 3944/4603/3931 4385/5044/4372
f 3944/4603/3931 3945/4604/3932 4385/5044/4372
f 3945/4604/3932 3947/4606/3934 4385/5044/4372
f 4385/5044/4372 3947/4606/3934 4386/5045/4373
f 3947/4606/3934 3948/4607/3935 4386/5045/4373
f 4386/5045/4373 3948/4607/3935 4387/5046/4374
f 3948/4607/3935 3950/4609/3937 4387/5046/4374
f 4387/5046/4374 3950/4609/3937 4388/5047/4375
f 3950/4609/3937 3961/4620/3948 4388/5047/4375
f 4388/5047/4375 3961/4620/3948 4389/5048/4376
f 3961/4620/3948 3988/4647/3975 4389/5048/4376
f 3988/4647/3975 3989/4648/3976 4389/5048/4376
f 4389/5048/4376 3989/4648/3976 4390/5049/4377
f 3989/4648/3976 3990/4649/3977 4390/5049/4377
f 4390/5049/4377 3990/4649/3977 4391/5050/4378
f 3990/4649/3977 3991/4650/3978 4391/5050/4378
f 3991/4650/3978 4392/5051/4379 4391/5050/4378
f 4392/5051/4379 4393/5052/4380 4391/5050/4378
f 4391/5050/4378 4393/5052/4380 4390/5049/4377
f 4393/5052/4380 4394/5053/4381 4390/5049/4377
f 4390/5049/4377 4394/5053/4381 4389/5048/4376
f 4394/5053/4381 4395/5054/4382 4389/5048/4376
f 4389/5048/4376 4395/5054/4382 4388/5047/4375
f 4395/5054/4382 4396/5055/4383 4388/5047/4375
f 4388/5047/4375 4396/5055/4383 4387/5046/4374
f 4387/5046/4374 4396/5055/4383 4386/5045/4373
f 4386/5045/4373 4396/5055/4383 4385/5044/4372
f 4396/5055/4383 4395/5054/4382 4385/5044/4372
f 4385/5044/4372 4395/5054/4382 4397/5056/4384
f 4395/5054/4382 4394/5053/4381 4397/5056/4384
f 4397/5056/4384 4394/5053/4381 4398/5057/4385
f 4394/5053/4381 4393/5052/4380 4398/5057/4385
f 4393/5052/4380 4399/5058/4386 4398/5057/4385
f 4398/5057/4385 4399/5058/4386 4384/5043/4371
f 4384/5043/4371 4399/5058/4386 4383/5042/4370
f 4399/5058/4386 4400/5059/4387 4383/5042/4370
f 4383/5042/4370 4400/5059/4387 4382/5041/4369
f 3936/4595/3923 3938/4597/3925 4379/5038/4366
f 4379/5038/4366 3938/4597/3925 4381/5040/4368
f 3938/4597/3925 3941/4600/3928 4381/5040/4368
f 4385/5044/4372 4397/5056/4384 4384/5043/4371
f 4397/5056/4384 4398/5057/4385 4384/5043/4371
f 4399/5058/4386 4393/5052/4380 4400/5059/4387
f 4393/5052/4380 4401/5060/4388 4400/5059/4387
f 4400/5059/4387 4401/5060/4388 4402/5061/4389
f 4401/5060/4388 4403/5062/4390 4402/5061/4389
f 4403/5062/4390 4404/5063/4391 4402/5061/4389
f 4404/5063/4391 4380/5039/4367 4402/5061/4389
f 4380/5039/4367 4382/5041/4369 4402/5061/4389
f 4402/5061/4389 4382/5041/4369 4400/5059/4387
f 4393/5052/4380 4392/5051/4379 4401/5060/4388
f 4401/5060/4388 4392/5051/4379 4405/5064/4392
f 4405/5064/4392 4392/5051/4379 4406/5065/4393
f 4392/5051/4379 3991/4650/3978 4406/5065/4393
f 4406/5065/4393 3991/4650/3978 4407/5066/4394
f 3991/4650/3978 3992/4651/3979 4407/5066/4394
f 4407/5066/4394 3992/4651/3979 4408/5067/4395
f 3992/4651/3979 3993/4652/3980 4408/5067/4395
f 4401/5060/4388 4405/5064/4392 4403/5062/4390
f 4405/5064/4392 4409/5068/4396 4403/5062/4390
f 4403/5062/4390 4409/5068/4396 4410/5069/4397
f 4409/5068/4396 4411/5070/4398 4410/5069/4397
f 4411/5070/4398 4412/5071/4399 4410/5069/4397
f 4410/5069/4397 4412/5071/4399 4404/5063/4391
f 4412/5071/4399 4413/5072/4400 4404/5063/4391
f 4404/5063/4391 4413/5072/4400 4380/5039/4367
f 4380/5039/4367 4413/5072/4400 4378/5037/4365
f 4378/5037/4365 4413/5072/4400 4377/5036/4364
f 4377/5036/4364 4413/5072/4400 4376/5035/4363
f 4376/5035/4363 4413/5072/4400 4414/5073/4401
f 4413/5072/4400 4412/5071/4399 4414/5073/4401
f 4414/5073/4401 4412/5071/4399 4415/5074/4402
f 4412/5071/4399 4411/5070/4398 4415/5074/4402
f 4415/5074/4402 4411/5070/4398 4416/5075/4403
f 4416/5075/4403 4411/5070/4398 4417/5076/4404
f 4411/5070/4398 4409/5068/4396 4417/5076/4404
f 4417/5076/4404 4409/5068/4396 4406/5065/4393
f 4409/5068/4396 4405/5064/4392 4406/5065/4393
f 4406/5065/4393 4407/5066/4394 4417/5076/4404
f 4407/5066/4394 4408/5067/4395 4417/5076/4404
f 4417/5076/4404 4408/5067/4395 4418/5077/4405
f 4408/5067/4395 3993/4652/3980 4418/5077/4405
f 4418/5077/4405 3993/4652/3980 4419/5078/4406
f 4419/5078/4406 3993/4652/3980 4420/5079/4407
f 3993/4652/3980 3994/4653/3981 4420/5079/4407
f 3994/4653/3981 4010/4669/3997 4420/5079/4407
f 4010/4669/3997 4043/4702/4030 4420/5079/4407
f 4043/4702/4030 4421/5080/4408 4420/5079/4407
f 4420/5079/4407 4421/5080/4408 4419/5078/4406
f 4410/5069/4397 4404/5063/4391 4403/5062/4390
f 4421/5080/4408 4043/4702/4030 4045/4704/4032
f 4416/5075/4403 4422/5081/4409 4415/5074/4402
f 4415/5074/4402 4422/5081/4409 4414/5073/4401
f 4422/5081/4409 4416/5075/4403 4423/5082/4410
f 4416/5075/4403 4417/5076/4404 4423/5082/4410
f 4417/5076/4404 4418/5077/4405 4423/5082/4410
f 4423/5082/4410 4418/5077/4405 4424/5083/4411
f 4424/5083/4411 4418/5077/4405 4425/5084/4412
f 4418/5077/4405 4419/5078/4406 4425/5084/4412
f 4425/5084/4412 4419/5078/4406 4421/5080/4408
f 4424/5083/4411 4426/5085/4413 4423/5082/4410
f 4426/5085/4413 4427/5086/4414 4423/5082/4410
f 4423/5082/4410 4427/5086/4414 4422/5081/4409
f 4427/5086/4414 4428/5087/4415 4422/5081/4409
f 4422/5081/4409 4428/5087/4415 4429/5088/4416
f 4429/5088/4416 4428/5087/4415 4430/5089/4417
f 4430/5089/4417 4428/5087/4415 4431/5090/4418
f 4428/5087/4415 4427/5086/4414 4431/5090/4418
f 4429/5088/4416 4432/5091/4419 4422/5081/4409
f 4422/5081/4409 4432/5091/4419 4414/5073/4401
f 4432/5091/4419 4433/5092/4420 4414/5073/4401
f 4414/5073/4401 4433/5092/4420 4376/5035/4363
f 4376/5035/4363 4433/5092/4420 4375/5034/4362
f 4433/5092/4420 4432/5091/4419 4375/5034/4362
f 4375/5034/4362 4432/5091/4419 4374/5033/4361
f 4432/5091/4419 4434/5093/4421 4374/5033/4361
f 4374/5033/4361 4434/5093/4421 4373/5032/4360
f 4434/5093/4421 4435/5094/4422 4373/5032/4360
f 4373/5032/4360 4435/5094/4422 4370/5029/4357
f 4370/5029/4357 4435/5094/4422 4436/5095/4423
f 4435/5094/4422 4429/5088/4416 4436/5095/4423
f 4429/5088/4416 4430/5089/4417 4436/5095/4423
f 4436/5095/4423 4430/5089/4417 4437/5096/4424
f 4430/5089/4417 4431/5090/4418 4437/5096/4424
f 4432/5091/4419 4429/5088/4416 4434/5093/4421
f 4429/5088/4416 4435/5094/4422 4434/5093/4421
f 4370/5029/4357 4436/5095/4423 4372/5031/4359
f 4436/5095/4423 4437/5096/4424 4372/5031/4359
f 4372/5031/4359 4437/5096/4424 4369/5028/4356
f 4437/5096/4424 4438/5097/4425 4369/5028/4356
f 4369/5028/4356 4438/5097/4425 4365/5024/4352
f 4438/5097/4425 4439/5098/4426 4365/5024/4352
f 4365/5024/4352 4439/5098/4426 4367/5026/4354
f 4437/5096/4424 4440/5099/4427 4438/5097/4425
f 4440/5099/4427 4441/5100/4428 4438/5097/4425
f 4438/5097/4425 4441/5100/4428 4439/5098/4426
f 4437/5096/4424 4431/5090/4418 4440/5099/4427
f 4440/5099/4427 4431/5090/4418 4442/5101/4429
f 4442/5101/4429 4431/5090/4418 4443/5102/4430
f 4431/5090/4418 4427/5086/4414 4443/5102/4430
f 4443/5102/4430 4427/5086/4414 4444/5103/4431
f 4427/5086/4414 4426/5085/4413 4444/5103/4431
f 4444/5103/4431 4426/5085/4413 4445/5104/4432
f 4426/5085/4413 4424/5083/4411 4445/5104/4432
f 4445/5104/4432 4424/5083/4411 4446/5105/4433
f 4446/5105/4433 4424/5083/4411 4447/5106/4434
f 4424/5083/4411 4425/5084/4412 4447/5106/4434
f 4447/5106/4434 4425/5084/4412 4448/5107/4435
f 4425/5084/4412 4421/5080/4408 4448/5107/4435
f 4421/5080/4408 4045/4704/4032 4448/5107/4435
f 4045/4704/4032 4046/4705/4033 4448/5107/4435
f 4448/5107/4435 4046/4705/4033 4449/5108/4436
f 4046/4705/4033 4047/4706/4034 4449/5108/4436
f 4449/5108/4436 4047/4706/4034 4450/5109/4437
f 4047/4706/4034 4048/4707/4035 4450/5109/4437
f 4450/5109/4437 4048/4707/4035 4451/5110/4438
f 4048/4707/4035 4049/4708/4036 4451/5110/4438
f 4451/5110/4438 4049/4708/4036 4452/5111/4439
f 4049/4708/4036 4115/4774/4102 4452/5111/4439
f 4448/5107/4435 4449/5108/4436 4447/5106/4434
f 4449/5108/4436 4453/5112/4440 4447/5106/4434
f 4447/5106/4434 4453/5112/4440 4446/5105/4433
f 4446/5105/4433 4453/5112/4440 4454/5113/4441
f 4454/5113/4441 4453/5112/4440 4455/5114/4442
f 4453/5112/4440 4456/5115/4443 4455/5114/4442
f 4455/5114/4442 4456/5115/4443 4457/5116/4444
f 4456/5115/4443 4458/5117/4445 4457/5116/4444
f 4457/5116/4444 4458/5117/4445 4459/5118/4446
f 4459/5118/4446 4458/5117/4445 4460/5119/1979
f 4458/5117/4445 4452/5111/4439 4460/5119/1979
f 4460/5119/1979 4452/5111/4439 4461/5120/4447
f 4452/5111/4439 4115/4774/4102 4461/5120/4447
f 4461/5120/4447 4115/4774/4102 4462/5121/4448
f 4115/4774/4102 4116/4775/4103 4462/5121/4448
f 4462/5121/4448 4116/4775/4103 4463/5122/4449
f 4116/4775/4103 4117/4776/4104 4463/5122/4449
f 4463/5122/4449 4117/4776/4104 4464/5123/4450
f 4117/4776/4104 4124/4783/4111 4464/5123/4450
f 4124/4783/4111 4128/4787/4115 4464/5123/4450
f 4464/5123/4450 4128/4787/4115 4465/5124/4451
f 4128/4787/4115 4132/4791/4119 4465/5124/4451
f 4465/5124/4451 4132/4791/4119 4466/5125/4452
f 4132/4791/4119 4136/4795/4123 4466/5125/4452
f 4466/5125/4452 4136/4795/4123 4467/5126/4453
f 4136/4795/4123 4140/4799/4127 4467/5126/4453
f 4467/5126/4453 4140/4799/4127 4468/5127/4454
f 4468/5127/4454 4140/4799/4127 4469/5128/4455
f 4140/4799/4127 4145/4804/4132 4469/5128/4455
f 4469/5128/4455 4145/4804/4132 4470/5129/4456
f 4145/4804/4132 4144/4803/4131 4470/5129/4456
f 4470/5129/4456 4144/4803/4131 4471/5130/4457
f 4144/4803/4131 4143/4802/4130 4471/5130/4457
f 4471/5130/4457 4143/4802/4130 4472/5131/4458
f 4143/4802/4130 4153/4812/4140 4472/5131/4458
f 4153/4812/4140 4154/4813/4141 4472/5131/4458
f 4472/5131/4458 4154/4813/4141 4473/5132/4459
f 4473/5132/4459 4154/4813/4141 4474/5133/4460
f 4154/4813/4141 4155/4814/4142 4474/5133/4460
f 4474/5133/4460 4155/4814/4142 4475/5134/4461
f 4155/4814/4142 4156/4815/4143 4475/5134/4461
f 4156/4815/4143 4157/4816/4144 4475/5134/4461
f 4157/4816/4144 4174/4833/4161 4475/5134/4461
f 4174/4833/4161 4280/4939/4267 4475/5134/4461
f 4280/4939/4267 4281/4940/4268 4475/5134/4461
f 4475/5134/4461 4281/4940/4268 4474/5133/4460
f 4281/4940/4268 4282/4941/4269 4474/5133/4460
f 4474/5133/4460 4282/4941/4269 4473/5132/4459
f 4282/4941/4269 4283/4942/4270 4473/5132/4459
f 4473/5132/4459 4283/4942/4270 4476/5135/4462
f 4283/4942/4270 4284/4943/4271 4476/5135/4462
f 4452/5111/4439 4458/5117/4445 4451/5110/4438
f 4458/5117/4445 4456/5115/4443 4451/5110/4438
f 4451/5110/4438 4456/5115/4443 4450/5109/4437
f 4456/5115/4443 4453/5112/4440 4450/5109/4437
f 4450/5109/4437 4453/5112/4440 4449/5108/4436
f 4473/5132/4459 4476/5135/4462 4472/5131/4458
f 4472/5131/4458 4476/5135/4462 4471/5130/4457
f 4476/5135/4462 4477/5136/4463 4471/5130/4457
f 4471/5130/4457 4477/5136/4463 4470/5129/4456
f 4477/5136/4463 4478/5137/4464 4470/5129/4456
f 4470/5129/4456 4478/5137/4464 4469/5128/4455
f 4478/5137/4464 4479/5138/4465 4469/5128/4455
f 4479/5138/4465 4480/5139/4466 4469/5128/4455
f 4469/5128/4455 4480/5139/4466 4468/5127/4454
f 4476/5135/4462 4284/4943/4271 4477/5136/4463
f 4284/4943/4271 4285/4944/4272 4477/5136/4463
f 4477/5136/4463 4285/4944/4272 4478/5137/4464
f 4285/4944/4272 4286/4945/4273 4478/5137/4464
f 4478/5137/4464 4286/4945/4273 4479/5138/4465
f 4286/4945/4273 4287/4946/4274 4479/5138/4465
f 4479/5138/4465 4287/4946/4274 4481/5140/4467
f 4287/4946/4274 4288/4947/4275 4481/5140/4467
f 4481/5140/4467 4288/4947/4275 4482/5141/4468
f 4288/4947/4275 4326/4985/4313 4482/5141/4468
f 4326/4985/4313 4340/4999/4327 4482/5141/4468
f 4482/5141/4468 4340/4999/4327 4483/5142/4469
f 4340/4999/4327 4484/5143/4470 4483/5142/4469
f 4483/5142/4469 4484/5143/4470 4485/5144/4471
f 4484/5143/4470 4486/5145/4472 4485/5144/4471
f 4485/5144/4471 4486/5145/4472 4487/5146/4473
f 4480/5139/4466 4479/5138/4465 4481/5140/4467
f 4340/4999/4327 4335/4994/4322 4484/5143/4470
f 4335/4994/4322 4488/5147/4474 4484/5143/4470
f 4484/5143/4470 4488/5147/4474 4486/5145/4472
f 4335/4994/4322 4336/4995/4323 4488/5147/4474
f 4482/5141/4468 4483/5142/4469 4489/5148/4475
f 4483/5142/4469 4490/5149/4476 4489/5148/4475
f 4489/5148/4475 4490/5149/4476 4491/5150/4477
f 4490/5149/4476 4492/5151/4478 4491/5150/4477
f 4491/5150/4477 4492/5151/4478 4468/5127/4454
f 4492/5151/4478 4467/5126/4453 4468/5127/4454
f 4483/5142/4469 4485/5144/4471 4490/5149/4476
f 4485/5144/4471 4493/5152/4479 4490/5149/4476
f 4490/5149/4476 4493/5152/4479 4492/5151/4478
f 4482/5141/4468 4489/5148/4475 4481/5140/4467
f 4481/5140/4467 4489/5148/4475 4480/5139/4466
f 4489/5148/4475 4491/5150/4477 4480/5139/4466
f 4480/5139/4466 4491/5150/4477 4468/5127/4454
f 4485/5144/4471 4487/5146/4473 4493/5152/4479
f 4493/5152/4479 4487/5146/4473 4494/5153/4480
f 4494/5153/4480 4487/5146/4473 4495/5154/4481
f 4487/5146/4473 4486/5145/4472 4495/5154/4481
f 4495/5154/4481 4486/5145/4472 4496/5155/4482
f 4486/5145/4472 4488/5147/4474 4496/5155/4482
f 4496/5155/4482 4488/5147/4474 4497/5156/4483
f 4488/5147/4474 4336/4995/4323 4497/5156/4483
f 4497/5156/4483 4336/4995/4323 4498/5157/4484
f 4498/5157/4484 4336/4995/4323 4499/5158/4485
f 4336/4995/4323 4337/4996/4324 4499/5158/4485
f 4499/5158/4485 4337/4996/4324 4500/5159/4486
f 4337/4996/4324 4348/5007/4335 4500/5159/4486
f 4348/5007/4335 4349/5008/4336 4500/5159/4486
f 4500/5159/4486 4349/5008/4336 4501/5160/4487
f 4349/5008/4336 4502/5161/4488 4501/5160/4487
f 4501/5160/4487 4502/5161/4488 4503/5162/4489
f 4502/5161/4488 3832/4491/3819 4503/5162/4489
f 4503/5162/4489 3832/4491/3819 4504/5163/4490
f 3832/4491/3819 3831/4490/3818 4504/5163/4490
f 4349/5008/4336 4350/5009/4337 4502/5161/4488
f 4350/5009/4337 4351/5010/4338 4502/5161/4488
f 4502/5161/4488 4351/5010/4338 3832/4491/3819
f 4351/5010/4338 3833/4492/3820 3832/4491/3819
f 4504/5163/4490 4505/5164/4491 4503/5162/4489
f 4503/5162/4489 4505/5164/4491 4501/5160/4487
f 4505/5164/4491 4506/5165/4492 4501/5160/4487
f 4501/5160/4487 4506/5165/4492 4500/5159/4486
f 4500/5159/4486 4506/5165/4492 4499/5158/4485
f 4506/5165/4492 4507/5166/4493 4499/5158/4485
f 4499/5158/4485 4507/5166/4493 4498/5157/4484
f 4507/5166/4493 4506/5165/4492 4508/5167/4494
f 4506/5165/4492 4505/5164/4491 4508/5167/4494
f 4505/5164/4491 4504/5163/4490 4508/5167/4494
f 4508/5167/4494 4504/5163/4490 4509/5168/4495
f 4504/5163/4490 3831/4490/3818 4509/5168/4495
f 4509/5168/4495 4510/5169/4496 4508/5167/4494
f 4508/5167/4494 4510/5169/4496 4507/5166/4493
f 4510/5169/4496 4511/5170/4497 4507/5166/4493
f 4507/5166/4493 4511/5170/4497 4512/5171/4498
f 4512/5171/4498 4511/5170/4497 4513/5172/4499
f 4513/5172/4499 4511/5170/4497 4514/5173/4500
f 4511/5170/4497 4515/5174/4501 4514/5173/4500
f 4514/5173/4500 4515/5174/4501 4516/5175/4502
f 4515/5174/4501 4509/5168/4495 4516/5175/4502
f 4509/5168/4495 3831/4490/3818 4516/5175/4502
f 3831/4490/3818 3840/4499/3827 4516/5175/4502
f 3840/4499/3827 4517/5176/4503 4516/5175/4502
f 4516/5175/4502 4517/5176/4503 4514/5173/4500
f 4517/5176/4503 4518/5177/4504 4514/5173/4500
f 4514/5173/4500 4518/5177/4504 4513/5172/4499
f 4518/5177/4504 4519/5178/4505 4513/5172/4499
f 4513/5172/4499 4519/5178/4505 4512/5171/4498
f 4519/5178/4505 4520/5179/4506 4512/5171/4498
f 4512/5171/4498 4520/5179/4506 4507/5166/4493
f 4520/5179/4506 4521/5180/4507 4507/5166/4493
f 4507/5166/4493 4521/5180/4507 4498/5157/4484
f 4498/5157/4484 4521/5180/4507 4497/5156/4483
f 4497/5156/4483 4521/5180/4507 4522/5181/4508
f 4521/5180/4507 4523/5182/4509 4522/5181/4508
f 4522/5181/4508 4523/5182/4509 4524/5183/4510
f 4524/5183/4510 4523/5182/4509 4525/5184/4511
f 4523/5182/4509 4520/5179/4506 4525/5184/4511
f 4525/5184/4511 4520/5179/4506 4519/5178/4505
f 4509/5168/4495 4515/5174/4501 4510/5169/4496
f 4510/5169/4496 4515/5174/4501 4511/5170/4497
f 4523/5182/4509 4521/5180/4507 4520/5179/4506
f 4524/5183/4510 4526/5185/4512 4522/5181/4508
f 4522/5181/4508 4526/5185/4512 4497/5156/4483
f 4497/5156/4483 4526/5185/4512 4496/5155/4482
f 4496/5155/4482 4526/5185/4512 4527/5186/4513
f 4526/5185/4512 4528/5187/4514 4527/5186/4513
f 4527/5186/4513 4528/5187/4514 4529/5188/4515
f 4529/5188/4515 4528/5187/4514 4530/5189/4516
f 4528/5187/4514 4524/5183/4510 4530/5189/4516
f 4530/5189/4516 4524/5183/4510 4525/5184/4511
f 4526/5185/4512 4524/5183/4510 4528/5187/4514
f 4529/5188/4515 4531/5190/4517 4527/5186/4513
f 4527/5186/4513 4531/5190/4517 4496/5155/4482
f 4496/5155/4482 4531/5190/4517 4495/5154/4481
f 4531/5190/4517 4532/5191/4518 4495/5154/4481
f 4495/5154/4481 4532/5191/4518 4494/5153/4480
f 4532/5191/4518 4533/5192/4519 4494/5153/4480
f 4533/5192/4519 4534/5193/4520 4494/5153/4480
f 4494/5153/4480 4534/5193/4520 4493/5152/4479
f 4534/5193/4520 4535/5194/4521 4493/5152/4479
f 4493/5152/4479 4535/5194/4521 4492/5151/4478
f 4492/5151/4478 4535/5194/4521 4467/5126/4453
f 4467/5126/4453 4535/5194/4521 4466/5125/4452
f 4535/5194/4521 4536/5195/4522 4466/5125/4452
f 4466/5125/4452 4536/5195/4522 4465/5124/4451
f 4536/5195/4522 4537/5196/4523 4465/5124/4451
f 4465/5124/4451 4537/5196/4523 4464/5123/4450
f 4464/5123/4450 4537/5196/4523 4463/5122/4449
f 4537/5196/4523 4538/5197/4524 4463/5122/4449
f 4463/5122/4449 4538/5197/4524 4462/5121/4448
f 4538/5197/4524 4539/5198/4525 4462/5121/4448
f 4462/5121/4448 4539/5198/4525 4461/5120/4447
f 4539/5198/4525 4540/5199/4526 4461/5120/4447
f 4461/5120/4447 4540/5199/4526 4541/5200/4527
f 4540/5199/4526 4542/5201/4528 4541/5200/4527
f 4542/5201/4528 4543/5202/4529 4541/5200/4527
f 4541/5200/4527 4543/5202/4529 4460/5119/1979
f 4543/5202/4529 4459/5118/4446 4460/5119/1979
f 4531/5190/4517 4529/5188/4515 4532/5191/4518
f 4460/5119/1979 4461/5120/4447 4541/5200/4527
f 4542/5201/4528 4540/5199/4526 4544/5203/4530
f 4540/5199/4526 4539/5198/4525 4544/5203/4530
f 4539/5198/4525 4538/5197/4524 4544/5203/4530
f 4544/5203/4530 4538/5197/4524 4545/5204/4531
f 4538/5197/4524 4537/5196/4523 4545/5204/4531
f 4545/5204/4531 4546/5205/4532 4544/5203/4530
f 4544/5203/4530 4546/5205/4532 4542/5201/4528
f 4546/5205/4532 4547/5206/4533 4542/5201/4528
f 4542/5201/4528 4547/5206/4533 4543/5202/4529
f 4547/5206/4533 4548/5207/4534 4543/5202/4529
f 4543/5202/4529 4548/5207/4534 4459/5118/4446
f 4548/5207/4534 4549/5208/4535 4459/5118/4446
f 4459/5118/4446 4549/5208/4535 4457/5116/4444
f 4549/5208/4535 4550/5209/4536 4457/5116/4444
f 4457/5116/4444 4550/5209/4536 4455/5114/4442
f 4550/5209/4536 4551/5210/4537 4455/5114/4442
f 4455/5114/4442 4551/5210/4537 4454/5113/4441
f 4551/5210/4537 4552/5211/4538 4454/5113/4441
f 4454/5113/4441 4552/5211/4538 4446/5105/4433
f 4446/5105/4433 4552/5211/4538 4445/5104/4432
f 4552/5211/4538 4553/5212/4539 4445/5104/4432
f 4445/5104/4432 4553/5212/4539 4444/5103/4431
f 4553/5212/4539 4552/5211/4538 4554/5213/4540
f 4552/5211/4538 4551/5210/4537 4554/5213/4540
f 4554/5213/4540 4551/5210/4537 4555/5214/4541
f 4555/5214/4541 4551/5210/4537 4556/5215/4542
f 4551/5210/4537 4550/5209/4536 4556/5215/4542
f 4556/5215/4542 4550/5209/4536 4557/5216/4543
f 4550/5209/4536 4549/5208/4535 4557/5216/4543
f 4557/5216/4543 4549/5208/4535 4558/5217/4544
f 4549/5208/4535 4548/5207/4534 4558/5217/4544
f 4558/5217/4544 4548/5207/4534 4559/5218/4545
f 4559/5218/4545 4548/5207/4534 4560/5219/4546
f 4548/5207/4534 4547/5206/4533 4560/5219/4546
f 4560/5219/4546 4547/5206/4533 4561/5220/4547
f 4547/5206/4533 4546/5205/4532 4561/5220/4547
f 4561/5220/4547 4546/5205/4532 4562/5221/4548
f 4546/5205/4532 4545/5204/4531 4562/5221/4548
f 4562/5221/4548 4545/5204/4531 4563/5222/4549
f 4545/5204/4531 4537/5196/4523 4563/5222/4549
f 4537/5196/4523 4536/5195/4522 4563/5222/4549
f 4536/5195/4522 4535/5194/4521 4563/5222/4549
f 4535/5194/4521 4534/5193/4520 4563/5222/4549
f 4534/5193/4520 4533/5192/4519 4563/5222/4549
f 4563/5222/4549 4533/5192/4519 4562/5221/4548
f 4533/5192/4519 4564/5223/4550 4562/5221/4548
f 4562/5221/4548 4564/5223/4550 4561/5220/4547
f 4533/5192/4519 4532/5191/4518 4564/5223/4550
f 4564/5223/4550 4532/5191/4518 4565/5224/4551
f 4532/5191/4518 4529/5188/4515 4565/5224/4551
f 4553/5212/4539 4554/5213/4540 4566/5225/4552
f 4554/5213/4540 4555/5214/4541 4566/5225/4552
f 4557/5216/4543 4558/5217/4544 4567/5226/4553
f 4558/5217/4544 4559/5218/4545 4567/5226/4553
f 4565/5224/4551 4568/5227/4554 4564/5223/4550
f 4564/5223/4550 4568/5227/4554 4561/5220/4547
f 4561/5220/4547 4568/5227/4554 4560/5219/4546
f 4560/5219/4546 4568/5227/4554 4569/5228/4555
f 4569/5228/4555 4568/5227/4554 4570/5229/4556
f 4568/5227/4554 4565/5224/4551 4570/5229/4556
f 4570/5229/4556 4565/5224/4551 4571/5230/4557
f 4565/5224/4551 4529/5188/4515 4571/5230/4557
f 4529/5188/4515 4530/5189/4516 4571/5230/4557
f 4571/5230/4557 4530/5189/4516 4572/5231/4558
f 4572/5231/4558 4530/5189/4516 4573/5232/4559
f 4530/5189/4516 4525/5184/4511 4573/5232/4559
f 4573/5232/4559 4525/5184/4511 4574/5233/4560
f 4525/5184/4511 4519/5178/4505 4574/5233/4560
f 4574/5233/4560 4519/5178/4505 4575/5234/4561
f 4519/5178/4505 4518/5177/4504 4575/5234/4561
f 4575/5234/4561 4518/5177/4504 4576/5235/4562
f 4518/5177/4504 4517/5176/4503 4576/5235/4562
f 4576/5235/4562 4517/5176/4503 4577/5236/4563
f 4517/5176/4503 3840/4499/3827 4577/5236/4563
f 3840/4499/3827 3839/4498/3826 4577/5236/4563
f 3839/4498/3826 3842/4501/3829 4577/5236/4563
f 4577/5236/4563 3842/4501/3829 4578/5237/4564
f 3842/4501/3829 3843/4502/3830 4578/5237/4564
f 3843/4502/3830 4579/5238/4565 4578/5237/4564
f 4578/5237/4564 4579/5238/4565 4576/5235/4562
f 4576/5235/4562 4579/5238/4565 4575/5234/4561
f 4579/5238/4565 4580/5239/4566 4575/5234/4561
f 4575/5234/4561 4580/5239/4566 4574/5233/4560
f 4580/5239/4566 4581/5240/4567 4574/5233/4560
f 4574/5233/4560 4581/5240/4567 4573/5232/4559
f 4573/5232/4559 4581/5240/4567 4572/5231/4558
f 4572/5231/4558 4581/5240/4567 4582/5241/4568
f 4582/5241/4568 4581/5240/4567 4583/5242/4569
f 4583/5242/4569 4581/5240/4567 4584/5243/4570
f 4581/5240/4567 4580/5239/4566 4584/5243/4570
f 4584/5243/4570 4580/5239/4566 4585/5244/4571
f 4580/5239/4566 4579/5238/4565 4585/5244/4571
f 4585/5244/4571 4579/5238/4565 3845/4504/3832
f 4579/5238/4565 3843/4502/3830 3845/4504/3832
f 4578/5237/4564 4576/5235/4562 4577/5236/4563
f 3845/4504/3832 3847/4506/3834 4585/5244/4571
f 4585/5244/4571 3847/4506/3834 4586/5245/4572
f 3847/4506/3834 3849/4508/3836 4586/5245/4572
f 3849/4508/3836 3851/4510/3838 4586/5245/4572
f 3851/4510/3838 3882/4541/3869 4586/5245/4572
f 4586/5245/4572 3882/4541/3869 4583/5242/4569
f 3882/4541/3869 3885/4544/3872 4583/5242/4569
f 4583/5242/4569 3885/4544/3872 4582/5241/4568
f 4582/5241/4568 3885/4544/3872 4587/5246/4573
f 3885/4544/3872 3886/4545/3873 4587/5246/4573
f 3886/4545/3873 3893/4552/3880 4587/5246/4573
f 4587/5246/4573 3893/4552/3880 4588/5247/4574
f 4588/5247/4574 3893/4552/3880 4589/5248/4575
f 3893/4552/3880 3892/4551/3879 4589/5248/4575
f 4589/5248/4575 3892/4551/3879 4590/5249/4576
f 3892/4551/3879 3894/4553/3881 4590/5249/4576
f 4590/5249/4576 3894/4553/3881 4591/5250/4577
f 3894/4553/3881 3895/4554/3882 4591/5250/4577
f 4591/5250/4577 3895/4554/3882 4592/5251/4578
f 3895/4554/3882 3896/4555/3883 4592/5251/4578
f 4592/5251/4578 3896/4555/3883 4593/5252/4579
f 3896/4555/3883 3897/4556/3884 4593/5252/4579
f 4593/5252/4579 3897/4556/3884 4594/5253/4580
f 3897/4556/3884 3898/4557/3885 4594/5253/4580
f 4594/5253/4580 3898/4557/3885 4595/5254/4581
f 3898/4557/3885 3899/4558/3886 4595/5254/4581
f 4585/5244/4571 4586/5245/4572 4584/5243/4570
f 4586/5245/4572 4583/5242/4569 4584/5243/4570
f 4592/5251/4578 4593/5252/4579 4596/5255/4582
f 4596/5255/4582 4593/5252/4579 4597/5256/4583
f 4593/5252/4579 4594/5253/4580 4597/5256/4583
f 4597/5256/4583 4594/5253/4580 4598/5257/4584
f 4594/5253/4580 4595/5254/4581 4598/5257/4584
f 4592/5251/4578 4596/5255/4582 4591/5250/4577
f 4596/5255/4582 4599/5258/4585 4591/5250/4577
f 4591/5250/4577 4599/5258/4585 4590/5249/4576
f 4599/5258/4585 4600/5259/4586 4590/5249/4576
f 4600/5259/4586 4601/5260/4587 4590/5249/4576
f 4590/5249/4576 4601/5260/4587 4589/5248/4575
f 4589/5248/4575 4601/5260/4587 4588/5247/4574
f 4601/5260/4587 4602/5261/4588 4588/5247/4574
f 4588/5247/4574 4602/5261/4588 4587/5246/4573
f 4602/5261/4588 4572/5231/4558 4587/5246/4573
f 4587/5246/4573 4572/5231/4558 4582/5241/4568
f 4602/5261/4588 4603/5262/4589 4572/5231/4558
f 4572/5231/4558 4603/5262/4589 4571/5230/4557
f 4571/5230/4557 4603/5262/4589 4570/5229/4556
f 4603/5262/4589 4604/5263/4590 4570/5229/4556
f 4570/5229/4556 4604/5263/4590 4605/5264/4591
f 4604/5263/4590 4601/5260/4587 4605/5264/4591
f 4601/5260/4587 4600/5259/4586 4605/5264/4591
f 4605/5264/4591 4600/5259/4586 4569/5228/4555
f 4569/5228/4555 4600/5259/4586 4560/5219/4546
f 4600/5259/4586 4599/5258/4585 4560/5219/4546
f 4560/5219/4546 4599/5258/4585 4559/5218/4545
f 4599/5258/4585 4606/5265/4592 4559/5218/4545
f 4559/5218/4545 4606/5265/4592 4567/5226/4553
f 4606/5265/4592 4607/5266/4593 4567/5226/4553
f 4567/5226/4553 4607/5266/4593 4557/5216/4543
f 4607/5266/4593 4608/5267/4594 4557/5216/4543
f 4557/5216/4543 4608/5267/4594 4556/5215/4542
f 4603/5262/4589 4602/5261/4588 4604/5263/4590
f 4604/5263/4590 4602/5261/4588 4601/5260/4587
f 4570/5229/4556 4605/5264/4591 4569/5228/4555
f 4599/5258/4585 4596/5255/4582 4606/5265/4592
f 4596/5255/4582 4609/5268/4595 4606/5265/4592
f 4609/5268/4595 4610/5269/4596 4606/5265/4592
f 4606/5265/4592 4610/5269/4596 4607/5266/4593
f 4610/5269/4596 4608/5267/4594 4607/5266/4593
f 4596/5255/4582 4597/5256/4583 4609/5268/4595
f 4597/5256/4583 4598/5257/4584 4609/5268/4595
f 4609/5268/4595 4598/5257/4584 4611/5270/4597
f 4598/5257/4584 4612/5271/4598 4611/5270/4597
f 4611/5270/4597 4612/5271/4598 4613/5272/4599
f 4613/5272/4599 4612/5271/4598 4614/5273/4600
f 4612/5271/4598 3899/4558/3886 4614/5273/4600
f 4614/5273/4600 3899/4558/3886 3900/4559/3887
f 4598/5257/4584 4595/5254/4581 4612/5271/4598
f 4612/5271/4598 4595/5254/4581 3899/4558/3886
f 4613/5272/4599 4615/5274/4601 4611/5270/4597
f 4611/5270/4597 4615/5274/4601 4609/5268/4595
f 4615/5274/4601 4616/5275/4602 4609/5268/4595
f 4609/5268/4595 4616/5275/4602 4610/5269/4596
f 4610/5269/4596 4616/5275/4602 4608/5267/4594
f 4616/5275/4602 4617/5276/4603 4608/5267/4594
f 4608/5267/4594 4617/5276/4603 4556/5215/4542
f 4556/5215/4542 4617/5276/4603 4555/5214/4541
f 4617/5276/4603 4618/5277/4604 4555/5214/4541
f 4618/5277/4604 4619/5278/4605 4555/5214/4541
f 4555/5214/4541 4619/5278/4605 4566/5225/4552
f 4619/5278/4605 4620/5279/4606 4566/5225/4552
f 4620/5279/4606 4621/5280/4607 4566/5225/4552
f 4566/5225/4552 4621/5280/4607 4553/5212/4539
f 4621/5280/4607 4622/5281/4608 4553/5212/4539
f 4553/5212/4539 4622/5281/4608 4444/5103/4431
f 4622/5281/4608 4623/5282/4609 4444/5103/4431
f 4444/5103/4431 4623/5282/4609 4443/5102/4430
f 4443/5102/4430 4623/5282/4609 4442/5101/4429
f 4623/5282/4609 4624/5283/4610 4442/5101/4429
f 4442/5101/4429 4624/5283/4610 4440/5099/4427
f 4440/5099/4427 4624/5283/4610 4441/5100/4428
f 4441/5100/4428 4624/5283/4610 4625/5284/4611
f 4625/5284/4611 4624/5283/4610 4626/5285/4612
f 4624/5283/4610 4623/5282/4609 4626/5285/4612
f 4626/5285/4612 4623/5282/4609 4627/5286/4613
f 4623/5282/4609 4622/5281/4608 4627/5286/4613
f 4622/5281/4608 4621/5280/4607 4627/5286/4613
f 4627/5286/4613 4621/5280/4607 4628/5287/4614
f 4621/5280/4607 4620/5279/4606 4628/5287/4614
f 4628/5287/4614 4620/5279/4606 4629/5288/4615
f 4620/5279/4606 4619/5278/4605 4629/5288/4615
f 4619/5278/4605 4618/5277/4604 4629/5288/4615
f 4629/5288/4615 4618/5277/4604 4630/5289/4616
f 4630/5289/4616 4618/5277/4604 4631/5290/4617
f 4618/5277/4604 4617/5276/4603 4631/5290/4617
f 4631/5290/4617 4617/5276/4603 4632/5291/4618
f 4617/5276/4603 4616/5275/4602 4632/5291/4618
f 4616/5275/4602 4615/5274/4601 4632/5291/4618
f 4632/5291/4618 4615/5274/4601 4633/5292/4619
f 4615/5274/4601 4613/5272/4599 4633/5292/4619
f 4633/5292/4619 4613/5272/4599 4634/5293/4620
f 4613/5272/4599 4614/5273/4600 4634/5293/4620
f 4614/5273/4600 3900/4559/3887 4634/5293/4620
f 4634/5293/4620 3900/4559/3887 4635/5294/4621
f 3900/4559/3887 3901/4560/3888 4635/5294/4621
f 4635/5294/4621 3901/4560/3888 4636/5295/4622
f 3901/4560/3888 3902/4561/3889 4636/5295/4622
f 4636/5295/4622 3902/4561/3889 4637/5296/4623
f 3902/4561/3889 3903/4562/3890 4637/5296/4623
f 4637/5296/4623 3903/4562/3890 4638/5297/4624
f 3903/4562/3890 3917/4576/3904 4638/5297/4624
f 4638/5297/4624 3917/4576/3904 4639/5298/4625
f 4639/5298/4625 3917/4576/3904 4640/5299/4626
f 3917/4576/3904 3918/4577/3905 4640/5299/4626
f 4640/5299/4626 3918/4577/3905 4641/5300/4627
f 4641/5300/4627 3918/4577/3905 4642/5301/4628
f 4642/5301/4628 3918/4577/3905 4643/5302/4629
f 3918/4577/3905 3919/4578/3906 4643/5302/4629
f 4643/5302/4629 3919/4578/3906 4644/5303/4630
f 3919/4578/3906 3920/4579/3907 4644/5303/4630
f 4644/5303/4630 3920/4579/3907 4368/5027/4355
f 3920/4579/3907 3921/4580/3908 4368/5027/4355
f 4368/5027/4355 4366/5025/4353 4644/5303/4630
f 4366/5025/4353 4367/5026/4354 4644/5303/4630
f 4367/5026/4354 4645/5304/4631 4644/5303/4630
f 4644/5303/4630 4645/5304/4631 4643/5302/4629
f 4645/5304/4631 4367/5026/4354 4439/5098/4426
f 4633/5292/4619 4646/5305/4632 4632/5291/4618
f 4646/5305/4632 4631/5290/4617 4632/5291/4618
f 4646/5305/4632 4633/5292/4619 4647/5306/4633
f 4633/5292/4619 4634/5293/4620 4647/5306/4633
f 4634/5293/4620 4635/5294/4621 4647/5306/4633
f 4647/5306/4633 4635/5294/4621 4636/5295/4622
f 4645/5304/4631 4648/5307/4634 4643/5302/4629
f 4643/5302/4629 4648/5307/4634 4642/5301/4628
f 4648/5307/4634 4645/5304/4631 4649/5308/4635
f 4645/5304/4631 4439/5098/4426 4649/5308/4635
f 4649/5308/4635 4439/5098/4426 4650/5309/4636
f 4439/5098/4426 4441/5100/4428 4650/5309/4636
f 4441/5100/4428 4625/5284/4611 4650/5309/4636
f 4650/5309/4636 4625/5284/4611 4651/5310/4637
f 4651/5310/4637 4625/5284/4611 4652/5311/4638
f 4625/5284/4611 4626/5285/4612 4652/5311/4638
f 4652/5311/4638 4626/5285/4612 4653/5312/4639
f 4626/5285/4612 4627/5286/4613 4653/5312/4639
f 4653/5312/4639 4627/5286/4613 4654/5313/4640
f 4627/5286/4613 4628/5287/4614 4654/5313/4640
f 4653/5312/4639 4654/5313/4640 4652/5311/4638
f 4654/5313/4640 4655/5314/4641 4652/5311/4638
f 4652/5311/4638 4655/5314/4641 4651/5310/4637
f 4655/5314/4641 4656/5315/4642 4651/5310/4637
f 4651/5310/4637 4656/5315/4642 4650/5309/4636
f 4650/5309/4636 4656/5315/4642 4649/5308/4635
f 4649/5308/4635 4656/5315/4642 4648/5307/4634
f 4656/5315/4642 4657/5316/4643 4648/5307/4634
f 4648/5307/4634 4657/5316/4643 4642/5301/4628
f 4642/5301/4628 4657/5316/4643 4641/5300/4627
f 4657/5316/4643 4658/5317/4644 4641/5300/4627
f 4641/5300/4627 4658/5317/4644 4640/5299/4626
f 4658/5317/4644 4659/5318/4645 4640/5299/4626
f 4640/5299/4626 4659/5318/4645 4639/5298/4625
f 4659/5318/4645 4660/5319/4646 4639/5298/4625
f 4639/5298/4625 4660/5319/4646 4638/5297/4624
f 4660/5319/4646 4661/5320/4647 4638/5297/4624
f 4638/5297/4624 4661/5320/4647 4637/5296/4623
f 4661/5320/4647 4662/5321/4648 4637/5296/4623
f 4637/5296/4623 4662/5321/4648 4636/5295/4622
f 4656/5315/4642 4655/5314/4641 4657/5316/4643
f 4657/5316/4643 4655/5314/4641 4658/5317/4644
f 4655/5314/4641 4663/5322/4649 4658/5317/4644
f 4663/5322/4649 4664/5323/4650 4658/5317/4644
f 4658/5317/4644 4664/5323/4650 4659/5318/4645
f 4659/5318/4645 4664/5323/4650 4660/5319/4646
f 4664/5323/4650 4665/5324/4651 4660/5319/4646
f 4660/5319/4646 4665/5324/4651 4661/5320/4647
f 4665/5324/4651 4662/5321/4648 4661/5320/4647
f 4655/5314/4641 4654/5313/4640 4663/5322/4649
f 4654/5313/4640 4628/5287/4614 4663/5322/4649
f 4628/5287/4614 4629/5288/4615 4663/5322/4649
f 4663/5322/4649 4629/5288/4615 4666/5325/4652
f 4629/5288/4615 4630/5289/4616 4666/5325/4652
f 4666/5325/4652 4630/5289/4616 4667/5326/4653
f 4630/5289/4616 4631/5290/4617 4667/5326/4653
f 4631/5290/4617 4668/5327/4654 4667/5326/4653
f 4667/5326/4653 4668/5327/4654 4662/5321/4648
f 4662/5321/4648 4668/5327/4654 4636/5295/4622
f 4636/5295/4622 4668/5327/4654 4647/5306/4633
f 4647/5306/4633 4668/5327/4654 4646/5305/4632
f 4668/5327/4654 4631/5290/4617 4646/5305/4632
f 4663/5322/4649 4666/5325/4652 4664/5323/4650
f 4664/5323/4650 4666/5325/4652 4665/5324/4651
f 4666/5325/4652 4667/5326/4653 4665/5324/4651
f 4665/5324/4651 4667/5326/4653 4662/5321/4648
f 4669/5328/4655 4670/5329/4656 4671/5330/4657
f 4671/5330/4657 4670/5329/4656 4672/5331/4658
f 4670/5329/4656 4673/5332/4659 4672/5331/4658
f 4673/5332/4659 4674/5333/4660 4672/5331/4658
f 4674/5333/4660 4675/5334/4661 4672/5331/4658
f 4672/5331/4658 4675/5334/4661 4671/5330/4657
f 4675/5334/4661 4676/5335/4662 4671/5330/4657
f 4671/5330/4657 4676/5335/4662 4669/5328/4655
f 4673/5332/4659 4670/5329/4656 4677/5336/4663
f 4677/5336/4663 4670/5329/4656 4678/5337/4664
f 4670/5329/4656 4669/5328/4655 4678/5337/4664
f 4678/5337/4664 4669/5328/4655 4679/5338/4665
f 4679/5338/4665 4669/5328/4655 4680/5339/4666
f 4669/5328/4655 4676/5335/4662 4680/5339/4666
f 4680/5339/4666 4676/5335/4662 3691/4350/3678
f 3691/4350/3678 4676/5335/4662 4681/5340/4667
f 4676/5335/4662 4675/5334/4661 4681/5340/4667
f 4681/5340/4667 4675/5334/4661 4682/5341/4668
f 4675/5334/4661 4674/5333/4660 4682/5341/4668
f 4682/5341/4668 4674/5333/4660 4683/5342/4669
f 4683/5342/4669 4674/5333/4660 4684/5343/4670
f 4674/5333/4660 4673/5332/4659 4684/5343/4670
f 4684/5343/4670 4673/5332/4659 4685/5344/4671
f 4673/5332/4659 4677/5336/4663 4685/5344/4671
f 4685/5344/4671 4677/5336/4663 4686/5345/4672
f 4677/5336/4663 4687/5346/4673 4686/5345/4672
f 4686/5345/4672 4687/5346/4673 4688/5347/4674
f 4687/5346/4673 4689/5348/4675 4688/5347/4674
f 4688/5347/4674 4689/5348/4675 4690/5349/4676
f 4689/5348/4675 4691/5350/4677 4690/5349/4676
f 4690/5349/4676 4691/5350/4677 4692/5351/4678
f 4692/5351/4678 4691/5350/4677 4693/5352/4679
f 4691/5350/4677 4679/5338/4665 4693/5352/4679
f 4693/5352/4679 4679/5338/4665 4694/5353/4680
f 4679/5338/4665 4680/5339/4666 4694/5353/4680
f 4694/5353/4680 4680/5339/4666 3699/4358/3686
f 4680/5339/4666 3691/4350/3678 3699/4358/3686
f 4677/5336/4663 4678/5337/4664 4687/5346/4673
f 4687/5346/4673 4678/5337/4664 4689/5348/4675
f 4689/5348/4675 4678/5337/4664 4691/5350/4677
f 4678/5337/4664 4679/5338/4665 4691/5350/4677
f 4688/5347/4674 4690/5349/4676 4695/5354/4681
f 4690/5349/4676 4692/5351/4678 4695/5354/4681
f 3702/4361/3689 4175/4834/4162 3701/4360/3688
f 4175/4834/4162 4172/4831/4159 3701/4360/3688
f 3701/4360/3688 4172/4831/4159 3700/4359/3687
f 4172/4831/4159 3524/4183/3511 3700/4359/3687
f 3700/4359/3687 3524/4183/3511 4696/5355/4682
f 3524/4183/3511 3525/4184/3512 4696/5355/4682
f 4696/5355/4682 3525/4184/3512 4697/5356/4683
f 4697/5356/4683 3525/4184/3512 4698/5357/4684
f 3525/4184/3512 3526/4185/3513 4698/5357/4684
f 3526/4185/3513 3527/4186/3514 4698/5357/4684
f 4698/5357/4684 3527/4186/3514 4699/5358/4685
f 3527/4186/3514 3547/4206/3534 4699/5358/4685
f 3700/4359/3687 4696/5355/4682 3699/4358/3686
f 4696/5355/4682 4700/5359/4686 3699/4358/3686
f 3699/4358/3686 4700/5359/4686 4694/5353/4680
f 4175/4834/4162 3702/4361/3689 3719/4378/3706
f 4696/5355/4682 4697/5356/4683 4700/5359/4686
f 4699/5358/4685 4701/5360/4687 4698/5357/4684
f 4698/5357/4684 4701/5360/4687 4697/5356/4683
f 4701/5360/4687 4699/5358/4685 4702/5361/4688
f 4699/5358/4685 3547/4206/3534 4702/5361/4688
f 3547/4206/3534 3546/4205/3533 4702/5361/4688
f 4702/5361/4688 3546/4205/3533 4703/5362/4689
f 3546/4205/3533 3548/4207/3535 4703/5362/4689
f 4703/5362/4689 3548/4207/3535 4704/5363/4690
f 3548/4207/3535 3549/4208/3536 4704/5363/4690
f 4704/5363/4690 3549/4208/3536 4705/5364/4691
f 3549/4208/3536 3550/4209/3537 4705/5364/4691
f 4705/5364/4691 3550/4209/3537 4706/5365/4692
f 3550/4209/3537 3557/4216/3544 4706/5365/4692
f 3557/4216/3544 3558/4217/3545 4706/5365/4692
f 3558/4217/3545 4707/5366/4693 4706/5365/4692
f 4706/5365/4692 4707/5366/4693 4705/5364/4691
f 4707/5366/4693 4708/5367/4694 4705/5364/4691
f 4705/5364/4691 4708/5367/4694 4704/5363/4690
f 4708/5367/4694 4709/5368/4695 4704/5363/4690
f 4709/5368/4695 4710/5369/4696 4704/5363/4690
f 4704/5363/4690 4710/5369/4696 4703/5362/4689
f 4710/5369/4696 4711/5370/4697 4703/5362/4689
f 4711/5370/4697 4712/5371/4698 4703/5362/4689
f 4703/5362/4689 4712/5371/4698 4702/5361/4688
f 4712/5371/4698 4713/5372/4699 4702/5361/4688
f 4702/5361/4688 4713/5372/4699 4714/5373/4700
f 4713/5372/4699 4715/5374/4701 4714/5373/4700
f 4714/5373/4700 4715/5374/4701 4697/5356/4683
f 4715/5374/4701 4700/5359/4686 4697/5356/4683
f 4702/5361/4688 4714/5373/4700 4701/5360/4687
f 4714/5373/4700 4697/5356/4683 4701/5360/4687
f 4715/5374/4701 4713/5372/4699 4716/5375/4702
f 4713/5372/4699 4712/5371/4698 4716/5375/4702
f 4712/5371/4698 4711/5370/4697 4716/5375/4702
f 4716/5375/4702 4711/5370/4697 4717/5376/4703
f 4711/5370/4697 4710/5369/4696 4717/5376/4703
f 4710/5369/4696 4709/5368/4695 4717/5376/4703
f 4717/5376/4703 4709/5368/4695 4718/5377/4704
f 4709/5368/4695 4708/5367/4694 4718/5377/4704
f 4708/5367/4694 4707/5366/4693 4718/5377/4704
f 4718/5377/4704 4707/5366/4693 4719/5378/4705
f 4707/5366/4693 3558/4217/3545 4719/5378/4705
f 3558/4217/3545 3576/4235/3563 4719/5378/4705
f 3576/4235/3563 3577/4236/3564 4719/5378/4705
f 3577/4236/3564 4720/5379/4706 4719/5378/4705
f 4719/5378/4705 4720/5379/4706 4721/5380/4707
f 4720/5379/4706 4722/5381/4708 4721/5380/4707
f 4721/5380/4707 4722/5381/4708 4723/5382/4709
f 4722/5381/4708 4692/5351/4678 4723/5382/4709
f 4692/5351/4678 4724/5383/4710 4723/5382/4709
f 4723/5382/4709 4724/5383/4710 4716/5375/4702
f 4716/5375/4702 4724/5383/4710 4715/5374/4701
f 4715/5374/4701 4724/5383/4710 4700/5359/4686
f 4700/5359/4686 4724/5383/4710 4694/5353/4680
f 4694/5353/4680 4724/5383/4710 4693/5352/4679
f 4724/5383/4710 4692/5351/4678 4693/5352/4679
f 4719/5378/4705 4721/5380/4707 4718/5377/4704
f 4718/5377/4704 4721/5380/4707 4717/5376/4703
f 4721/5380/4707 4723/5382/4709 4717/5376/4703
f 4717/5376/4703 4723/5382/4709 4716/5375/4702
f 4692/5351/4678 4722/5381/4708 4695/5354/4681
f 4695/5354/4681 4722/5381/4708 4725/5384/4711
f 4722/5381/4708 4726/5385/4712 4725/5384/4711
f 4726/5385/4712 4727/5386/4713 4725/5384/4711
f 4725/5384/4711 4727/5386/4713 4688/5347/4674
f 4688/5347/4674 4727/5386/4713 4686/5345/4672
f 4686/5345/4672 4727/5386/4713 4728/5387/4714
f 4728/5387/4714 4727/5386/4713 4729/5388/4715
f 4729/5388/4715 4727/5386/4713 4730/5389/4716
f 4727/5386/4713 4726/5385/4712 4730/5389/4716
f 4730/5389/4716 4726/5385/4712 4731/5390/4717
f 4726/5385/4712 4720/5379/4706 4731/5390/4717
f 4720/5379/4706 3577/4236/3564 4731/5390/4717
f 3577/4236/3564 3562/4221/3549 4731/5390/4717
f 3562/4221/3549 3565/4224/3552 4731/5390/4717
f 3565/4224/3552 4732/5391/4718 4731/5390/4717
f 4731/5390/4717 4732/5391/4718 4730/5389/4716
f 4730/5389/4716 4732/5391/4718 4729/5388/4715
f 4732/5391/4718 4733/5392/4719 4729/5388/4715
f 4729/5388/4715 4733/5392/4719 4728/5387/4714
f 4733/5392/4719 4734/5393/4720 4728/5387/4714
f 4728/5387/4714 4734/5393/4720 4686/5345/4672
f 4734/5393/4720 4735/5394/4721 4686/5345/4672
f 4686/5345/4672 4735/5394/4721 4685/5344/4671
f 4685/5344/4671 4735/5394/4721 4684/5343/4670
f 4735/5394/4721 4736/5395/4722 4684/5343/4670
f 4684/5343/4670 4736/5395/4722 4737/5396/4723
f 4736/5395/4722 3664/4323/3651 4737/5396/4723
f 3664/4323/3651 4683/5342/4669 4737/5396/4723
f 4737/5396/4723 4683/5342/4669 4684/5343/4670
f 4695/5354/4681 4725/5384/4711 4688/5347/4674
f 4726/5385/4712 4722/5381/4708 4720/5379/4706
f 3565/4224/3552 3585/4244/3572 4732/5391/4718
f 4732/5391/4718 3585/4244/3572 4733/5392/4719
f 4733/5392/4719 3585/4244/3572 4734/5393/4720
f 3585/4244/3572 3586/4245/3573 4734/5393/4720
f 4734/5393/4720 3586/4245/3573 4735/5394/4721
f 3586/4245/3573 3590/4249/3577 4735/5394/4721
f 4735/5394/4721 3590/4249/3577 4736/5395/4722
f 3590/4249/3577 3664/4323/3651 4736/5395/4722
f 4683/5342/4669 3664/4323/3651 4738/5397/4724
f 3664/4323/3651 3666/4325/3653 4738/5397/4724
f 3666/4325/3653 3667/4326/3654 4738/5397/4724
f 3667/4326/3654 3686/4345/3673 4738/5397/4724
f 3686/4345/3673 3690/4349/3677 4738/5397/4724
f 4738/5397/4724 3690/4349/3677 4681/5340/4667
f 3690/4349/3677 3691/4350/3678 4681/5340/4667
f 4683/5342/4669 4738/5397/4724 4682/5341/4668
f 4738/5397/4724 4681/5340/4667 4682/5341/4668
