# File generated by ImageToStl.com - Free Image and 3D model conversion tools

mtllib beachrock.mtl
usemtl beachrock
o obj1
v -6.8209025 -22.069351 -0.16572207
v -8.3479125 -32.366241 -1.06834809
v -13.5665125 -28.846011 1.7938591
v -14.3623125 -21.895461 1.88444336
v -7.2676825 -13.004031 0.06288856
v -14.9851025 -12.976411 2.16186019
v 1.1288175 -14.159781 -2.03062056
v 1.1572575 -25.245551 -4.10614806
v 0.4334275 -36.181151 -4.09688534
v 11.5118135 -26.637461 -5.43378133
v 11.3001925 -37.536361 -4.7017086
v 11.1554805 -15.939851 -5.52901642
v 21.8909835 -16.324921 -5.45991058
v 22.2012885 -27.077741 -5.35147783
v 22.6070665 -38.425781 -4.93332532
v 32.0184275 -26.265291 -3.597984
v 32.7850075 -36.743821 -2.90876004
v 32.4559675 -16.460231 -4.75725802
v 45.1797075 -17.468091 -6.18678171
v 42.9302975 -26.648821 -3.64144773
v 42.7782875 -35.613321 -1.65589886
v 54.1155575 -26.904071 -3.83876689
v 53.2130675 -35.173191 -1.35147615
v 56.2507575 -17.306811 -5.56963303
v 65.9631775 -17.071011 -3.71506177
v 66.1745875 -28.880261 -3.82210881
v 61.1483675 -34.299271 -0.88996634
v -8.1171525 -3.861103 -0.590912
v -16.9816425 -4.085518 0.60464926
v -9.8837925 6.0228464 -2.87902884
v -20.4179725 6.2499539 -2.70523648
v -0.4881525 6.1993842 -4.81322435
v 0.8216675 -4.153797 -1.52269349
v 10.7202925 -4.648371 -4.03176217
v 10.4065975 6.3339709 -6.51474823
v 23.2413425 6.943262 -11.33127272
v 22.3428835 -5.405431 -7.61059033
v 34.1676275 -5.811181 -7.82350937
v 35.5395875 6.577561 -10.3729478
v 47.5939175 6.2257407 -9.02912165
v 46.4024375 -6.103731 -7.65271553
v 56.7695475 -5.680881 -6.05428949
v 58.1181775 6.62323 -7.20341484
v 68.8874875 7.195938 -5.93522094
v 66.7985275 -5.034511 -4.39464724
v -13.4663225 19.059189 -8.42181444
v -25.1893525 19.768279 -7.69476392
v -13.6755825 31.101979 -7.94893043
v -25.3185525 32.503309 -7.53326846
v -2.4173525 31.208309 -8.06136121
v -2.0135425 18.918739 -8.42634019
v 9.9631375 19.129439 -9.12393763
v 9.4747875 31.413859 -8.29270145
v 22.4503305 33.631099 -11.01811777
v 22.9383005 20.240789 -11.65348467
v 38.1789975 21.701279 -14.76701894
v 35.8918175 33.166809 -10.52797006
v 50.3968775 33.401659 -11.21394864
v 50.6692875 20.553279 -11.90501801
v 62.1838575 20.128889 -10.4245908
v 58.3487475 30.164209 -7.4193291
v 62.1838575 20.128889 -10.4245908
v 58.3487475 30.164209 -7.4193291
v 63.7940075 28.147679 -3.33744797
v 70.0802475 19.571839 -6.98836184
v 70.0802475 19.571839 -6.98836184
v -12.6272525 41.066579 -5.89756115
v -22.6842725 41.871389 -4.66829919
v -13.2153225 50.554919 -3.76221796
v -21.3934925 50.024169 -3.7775792
v -3.0110925 53.284509 -5.26867294
v -2.2869925 42.609179 -7.13311474
v 9.3696275 44.400099 -8.60503353
v 8.8665975 55.540929 -6.53360829
v 23.6971805 58.752909 -9.42623625
v 23.4950835 49.400319 -13.13549179
v 37.4987775 46.986899 -11.66552593
v 37.7573975 57.121459 -9.21367379
v 47.4733375 50.944799 -5.77866266
v 49.2874075 44.018319 -9.67182851
v 54.7970275 37.929269 -4.61190661
v 50.3968775 33.401659 -11.21394864
v 49.2874075 44.018319 -9.67182851
v 53.4450875 44.535049 -1.97665983
v 47.4733375 50.944799 -5.77866266
v 57.5930575 40.807419 0.13954249
v 59.9026775 35.461459 -1.13348059
v -46.0237125 -62.612251 71.39752362
v -62.8478825 -61.002281 66.2038198
v -51.8791725 -68.311941 60.39033414
v -36.7929225 -69.026401 61.23914672
v -24.3837425 -63.469171 72.91313105
v -19.1390425 -72.632081 63.4258279
v -46.0237125 -62.612251 71.39752362
v -24.3837425 -63.469171 72.91313105
v -32.3189625 -48.663971 82.45249412
v -54.8326525 -45.433411 78.25988774
v -62.8478825 -61.002281 66.2038198
v -67.7187325 -40.736311 69.10787461
v -0.8217025 -63.011671 72.80204429
v 0.8751275 -73.178281 64.18346704
v 21.1842625 -51.852351 64.91444536
v -0.8217025 -63.011671 72.80204429
v 0.8751275 -73.178281 64.18346704
v 21.0095913 -63.328871 59.08258239
v 21.1842625 -51.852351 64.91444536
v 23.7718715 -44.458421 77.84840043
v -4.7759325 -50.320181 84.44240088
v -32.3189625 -48.663971 82.45249412
v 40.1819975 -47.859281 61.37908861
v 21.1842625 -51.852351 64.91444536
v 21.0095913 -63.328871 59.08258239
v 38.3721275 -57.926601 55.74279319
v 60.6990375 -46.795641 59.37640001
v 60.3272375 -60.401171 55.38237836
v 64.1540375 -32.020331 63.17721299
v 45.9197575 -37.388631 69.68629377
v 40.1819975 -47.859281 61.37908861
v 45.9197575 -37.388631 69.68629377
v 72.1910975 -39.893201 53.87120343
v 60.6990375 -46.795641 59.37640001
v 60.3272375 -60.401171 55.38237836
v 72.4891375 -52.493071 50.80809432
v 78.8551875 -35.192731 48.05233075
v 78.0495375 -45.451081 47.06718592
v 82.2395175 -22.712251 49.87938706
v 73.1760775 -25.407041 55.60131528
v 64.1540375 -32.020331 63.17721299
v -60.7774025 -20.934551 82.99662725
v -73.6064125 -18.207831 72.27497189
v -67.7187325 -40.736311 69.10787461
v -54.8326525 -45.433411 78.25988774
v -29.9009025 -19.421851 79.52786769
v -60.7774025 -20.934551 82.99662725
v -26.0148425 6.0678521 74.99344323
v -50.0687125 6.3255279 75.07880175
v -73.6064125 -18.207831 72.27497189
v -65.1182225 6.4240138 68.03825995
v -4.4942525 -20.873761 83.61256906
v -4.7759325 -50.320181 84.44240088
v 23.7229105 -19.451311 80.57542957
v 23.7718715 -44.458421 77.84840043
v 24.8156115 7.703566 79.93622812
v -2.4773125 6.69902 78.12362131
v 49.4602675 -17.360331 75.80659833
v 66.9829675 -13.571571 66.74427747
v 66.0241975 7.802582 64.62699122
v 47.4203875 7.532459 71.45463044
v 80.7446975 -10.664071 59.92821321
v 66.9829675 -13.571571 66.74427747
v 87.3966175 -8.625321 52.31025614
v 84.6123275 7.741535 50.6325169
v 80.2039975 8.149998 58.56368378
v 80.7446975 -10.664071 59.92821321
v 80.2039975 8.149998 58.56368378
v -43.1644725 27.694219 69.79222392
v -60.9411225 27.672889 65.90440669
v -20.9615525 26.741799 69.02800185
v -16.3186125 43.488819 63.62413834
v -35.0852625 43.605919 63.55413997
v -52.0857525 44.445349 61.1452304
v 0.1124975 29.060489 71.72337812
v 25.7201715 33.267579 75.42659932
v 24.8084155 49.418359 65.62145088
v 2.9343275 46.216719 64.97665395
v 47.4582075 29.940979 67.81987161
v 63.5152875 26.903959 60.44656324
v 47.4582075 29.940979 67.81987161
v 63.5152875 26.903959 60.44656324
v 59.1562175 41.562909 55.14451555
v 40.6827675 41.349019 57.85486795
v 25.7201715 33.267579 75.42659932
v 24.8084155 49.418359 65.62145088
v 72.1163575 23.483629 53.36704508
v 63.5152875 26.903959 60.44656324
v 66.0241975 7.802582 64.62699122
v 74.0328575 20.313219 46.2763524
v 68.5756575 30.677949 43.27076704
v 66.7548675 35.694529 49.21706858
v 59.1562175 41.562909 55.14451555
v -27.9945425 54.996749 58.03962855
v -45.6867125 59.283219 57.48375588
v -11.4922425 55.006009 57.98290573
v -9.6765425 66.729749 53.44594685
v -24.8545125 64.792119 53.09600984
v -38.7368625 66.877539 53.65349532
v 5.6439075 56.856299 58.17474297
v 23.2044175 55.481809 56.19558831
v 5.6439075 56.856299 58.17474297
v 2.9343275 46.216719 64.97665395
v 22.9211755 62.318179 49.98631012
v 7.1062675 64.897229 52.06045082
v 7.1062675 64.897229 52.06045082
v 37.4294075 49.769329 51.84894162
v 51.4904175 48.024829 48.95920467
v 46.8579975 51.754199 43.64520897
v 38.3297475 61.355649 47.958003
v 23.2044175 55.481809 56.19558831
v 37.4294075 49.769329 51.84894162
v 38.3297475 61.355649 47.958003
v 22.9211755 62.318179 49.98631012
v 64.9528275 47.250089 46.36308236
v 66.7548675 35.694529 49.21706858
v 67.1799775 41.006219 41.22804881
v 64.9528275 47.250089 46.36308236
v 64.3955275 47.188159 39.3955616
v 63.7186875 55.899869 42.55153375
v 63.7186875 55.899869 42.55153375
v -12.4452525 -41.159491 1.09844336
v -19.0650725 -34.466201 3.21789319
v -2.9512425 -46.984921 -2.12510356
v -8.4935125 -59.092911 1.61667928
v -20.6017325 -53.437751 3.29999645
v -28.8860125 -44.819861 5.06098933
v 9.6148575 -50.930681 -4.02132605
v 23.0366895 -51.258381 -3.57591257
v 23.1838625 -65.143481 0.32931318
v 6.6149775 -64.594271 -0.09837496
v 34.4398075 -47.245411 -0.54128408
v 45.8810975 -45.310561 0.71920193
v 50.0014375 -54.736871 5.27813241
v 37.0599575 -58.847631 3.53332528
v 55.7964375 -42.653781 2.15594873
v 66.7259775 -39.950101 1.44316944
v 72.9888975 -46.321951 6.25655388
v 62.6248575 -52.060631 5.99093309
v -28.2917325 -64.302771 9.92275164
v -37.1298925 -53.032531 11.37604626
v -17.1546725 -79.871551 6.31685342
v -28.2917325 -64.302771 9.92275164
v -17.1546725 -79.871551 6.31685342
v -23.0667525 -91.682021 18.12998421
v -34.1294425 -72.033821 19.73545397
v -34.1294425 -72.033821 19.73545397
v -47.8114625 -64.075321 19.31152495
v 2.6456875 -85.960071 5.69169004
v 24.3499145 -87.432681 6.00638101
v 2.6456875 -85.960071 5.69169004
v 24.3499145 -87.432681 6.00638101
v 23.8213285 -100.571071 18.77063391
v -0.9510725 -100.326271 18.12802031
v -17.1546725 -79.871551 6.31685342
v -23.0667525 -91.682021 18.12998421
v 43.0688975 -79.050681 8.52843998
v 57.5339575 -69.242211 10.98721516
v 64.2162675 -81.367011 20.21782286
v 49.3713475 -100.613871 18.7484001
v 23.8213285 -100.571071 18.77063391
v 70.1794575 -62.451941 12.248881
v 79.2050675 -52.221701 12.75489903
v 70.1794575 -62.451941 12.248881
v 79.2050675 -52.221701 12.75489903
v 77.8557575 -50.549281 20.88065151
v 70.7406075 -62.581821 20.91768592
v 57.5339575 -69.242211 10.98721516
v 64.2162675 -81.367011 20.21782286
v -41.3241425 -82.571921 30.9130478
v -58.3015625 -75.060731 30.29303007
v -47.8114625 -64.075321 19.31152495
v -34.1294425 -72.033821 19.73545397
v -24.7025125 -94.413071 31.73551224
v -41.3241425 -82.571921 30.9130478
v -24.7025125 -94.413071 31.73551224
v -20.9063025 -84.100321 43.55691008
v -37.8372125 -76.915961 41.8657746
v -57.7631325 -74.286701 42.30634195
v -1.1431025 -95.517271 32.65664367
v 23.4967205 -105.801371 33.695357
v 21.8526355 -90.661381 45.9436407
v -0.3096125 -90.038861 45.15841364
v 49.0961075 -100.057671 32.86007233
v 49.3713475 -100.613871 18.7484001
v 64.8382175 -79.759671 30.66233184
v 49.0961075 -100.057671 32.86007233
v 49.3713475 -100.613871 18.7484001
v 64.4375775 -76.100171 40.58800804
v 44.6164075 -84.227531 43.54566426
v 44.6164075 -84.227531 43.54566426
v 75.6385175 -65.653031 28.86827241
v 79.0905775 -50.127661 28.0466473
v 76.4048675 -46.850191 35.01902845
v 76.6703875 -64.455011 37.36871369
v -38.3116625 -77.829361 52.94791061
v -54.0511225 -70.443201 52.50279556
v -18.7192525 -78.428861 53.69233454
v 1.1158575 -78.878141 54.37019968
v 21.1615613 -75.461081 53.22380624
v 1.1158575 -78.878141 54.37019968
v -0.3096125 -90.038861 45.15841364
v 21.8526355 -90.661381 45.9436407
v 21.1615613 -75.461081 53.22380624
v 21.0095913 -63.328871 59.08258239
v 38.8695875 -66.538501 49.56583164
v 44.6164075 -84.227531 43.54566426
v 59.6168975 -66.570211 48.10718841
v 64.4375775 -76.100171 40.58800804
v 38.8695875 -66.538501 49.56583164
v 59.6168975 -66.570211 48.10718841
v 60.3272375 -60.401171 55.38237836
v 38.3721275 -57.926601 55.74279319
v 72.5884175 -58.460181 44.55498486
v 59.6168975 -66.570211 48.10718841
v 76.8683575 -45.791291 41.61132283
v 72.5884175 -58.460181 44.55498486
v 72.4891375 -52.493071 50.80809432
v 71.8668975 -30.743151 0.65986953
v 72.3464375 -18.372741 0.41271432
v 71.8668975 -30.743151 0.65986953
v 66.1745875 -28.880261 -3.82210881
v 65.9631775 -17.071011 -3.71506177
v 78.0861375 -21.132441 5.69568368
v 76.1821775 -34.074171 6.4236942
v 66.7259775 -39.950101 1.44316944
v 72.9888975 -46.321951 6.25655388
v 72.7936875 -5.595901 -0.00699168
v 66.7985275 -5.034511 -4.39464724
v 75.3811075 7.254967 -1.6711257
v 68.8874875 7.195938 -5.93522094
v 79.1054275 7.00927 4.46730218
v 80.8672975 -7.183161 4.35447314
v 76.1570275 20.154869 -2.61264168
v 67.0409875 28.174919 1.47345855
v 76.1570275 20.154869 -2.61264168
v 70.0802475 19.571839 -6.98836184
v 63.7940075 28.147679 -3.33744797
v 71.6312475 30.291769 5.93513188
v 79.7347175 20.808829 3.4589745
v 79.7347175 20.808829 3.4589745
v 63.9044875 36.316959 2.60038245
v 67.0409875 28.174919 1.47345855
v 60.8732675 43.935299 2.53072255
v 65.5748775 48.418189 6.172106
v 67.3641475 38.718329 7.0197885
v 71.6312475 30.291769 5.93513188
v 82.0933975 -38.185921 13.01430444
v 83.2617375 -23.757841 12.75001121
v 86.2823675 -25.564851 21.20972616
v 81.9024575 -38.047821 21.10118479
v 85.4109675 -8.526221 11.86870644
v 84.5660575 6.866592 11.4069366
v 87.5757375 6.510953 20.0053756
v 89.1575875 -9.733161 20.50874401
v 87.2937175 22.573849 9.67433421
v 76.9699375 32.776019 11.59232807
v 87.2937175 22.573849 9.67433421
v 77.7098875 33.088289 19.4474348
v 93.9894375 24.084129 17.90402002
v 93.9894375 24.084129 17.90402002
v 69.9832475 40.622169 12.79659633
v 76.9699375 32.776019 11.59232807
v 68.7465075 51.698099 11.7442399
v 69.8934575 53.085189 18.43017081
v 71.1543075 41.590699 19.49689995
v 77.7098875 33.088289 19.4474348
v 77.6663375 -34.844121 28.40737481
v 80.9972175 -22.935671 28.93914851
v 80.2559975 -21.812561 35.76940444
v 77.2759475 -33.631391 34.90518784
v 88.6648675 -9.831241 29.4520018
v 98.3011675 7.376625 28.13311394
v 96.5756475 7.727827 36.77929007
v 90.3378675 -9.267001 37.2518559
v 88.8992475 22.757579 26.87608906
v 74.0795175 31.383609 26.28522818
v 88.8992475 22.757579 26.87608906
v 72.8401875 30.874689 32.34216116
v 80.3429275 20.594569 34.21164438
v 80.3429275 20.594569 34.21164438
v 70.3414275 40.929579 25.25849575
v 74.0795175 31.383609 26.28522818
v 67.2074975 50.414489 24.602645
v 64.6593075 47.918289 30.20094052
v 67.1542975 38.765699 30.87338023
v 72.8401875 30.874689 32.34216116
v 79.6364375 -33.808321 41.46577997
v 80.6999175 -21.137361 42.39586417
v 88.4552775 -8.378501 44.50250254
v 89.7502075 7.6195 43.86107386
v 77.1700675 19.964919 40.34677148
v 89.7502075 7.6195 43.86107386
v 96.5756475 7.727827 36.77929007
v 71.7502475 30.458579 38.00424517
v 77.1700675 19.964919 40.34677148
v 74.0328575 20.313219 46.2763524
v 84.6123275 7.741535 50.6325169
v 68.6347775 39.745859 36.13889272
v 64.3046175 47.343299 35.33163483
v 56.1712975 50.798939 0.74675529
v 49.2097775 57.681169 -2.07777621
v 51.8017775 63.233899 3.06186923
v 59.8572775 55.841589 4.98091799
v 38.8418675 65.109879 -4.98458322
v 37.7573975 57.121459 -9.21367379
v 23.8986685 67.656309 -5.2051571
v 38.8418675 65.109879 -4.98458322
v 24.5446105 78.941189 -0.62787893
v 39.9881375 71.156069 1.18070187
v 39.9881375 71.156069 1.18070187
v 7.9634075 66.127399 -3.59985794
v -7.0377825 66.054559 -3.4044193
v -11.9535925 76.777659 1.63449705
v 5.7391775 85.582749 -2.2897879
v -18.1327625 60.969739 -1.35084254
v -27.9126625 56.666529 -1.57270447
v -33.6347325 61.084599 4.97729464
v -24.6693925 69.771319 3.78735849
v 64.0457375 61.605639 10.50131892
v 54.7314175 69.545029 9.65564421
v 57.4531875 74.899889 17.52172248
v 66.0448475 64.542419 17.67026056
v 41.0908075 77.429159 9.09781861
v 54.7314175 69.545029 9.65564421
v 51.8017775 63.233899 3.06186923
v 39.9881375 71.156069 1.18070187
v 23.1967335 80.822589 9.69931639
v 24.5446105 78.941189 -0.62787893
v 23.4625105 89.100219 19.0709796
v 41.3917675 80.585399 18.57329993
v 57.4531875 74.899889 17.52172248
v 3.4455875 96.250369 6.66285165
v 5.7391775 85.582749 -2.2897879
v -15.7191725 84.680749 10.07491033
v -11.9535925 76.777659 1.63449705
v -23.2408825 106.026829 18.52268277
v 1.6509475 101.874249 18.59831503
v -31.1649525 78.344499 11.448409
v -24.6693925 69.771319 3.78735849
v -40.5216325 67.357789 12.35447102
v -31.1649525 78.344499 11.448409
v -24.6693925 69.771319 3.78735849
v -33.6347325 61.084599 4.97729464
v -31.1649525 78.344499 11.448409
v -40.5216325 67.357789 12.35447102
v -51.7261725 79.804619 20.44492261
v -43.8520725 100.407249 19.03298518
v -15.7191725 84.680749 10.07491033
v -23.2408825 106.026829 18.52268277
v 64.5535175 62.159819 24.58923779
v 56.5678475 72.314629 25.58917224
v 54.2768375 67.611429 33.09614678
v 62.7902275 59.472559 31.04704312
v 42.5784475 81.201579 27.17632503
v 56.5678475 72.314629 25.58917224
v 24.9844105 92.204889 28.75682359
v 24.0715045 80.725569 37.88436472
v 40.7334475 74.344519 35.49990521
v 54.2768375 67.611429 33.09614678
v 2.6422275 101.005579 30.11125922
v -21.3848525 101.722909 30.97809253
v -18.8387325 97.631669 41.94791297
v 4.6509575 86.834089 39.91390614
v -43.4108825 99.933139 31.15300069
v -43.8520725 100.407249 19.03298518
v -59.3526625 88.483479 31.55549683
v -43.4108825 99.933139 31.15300069
v -43.8520725 100.407249 19.03298518
v -51.7261725 79.804619 20.44492261
v -59.3526625 88.483479 31.55549683
v -53.6783225 82.830639 41.75407343
v -39.5801825 94.941509 41.96100201
v 62.5650275 58.501759 37.01324702
v 49.6110275 59.579179 39.04361679
v 62.5650275 58.501759 37.01324702
v 62.7902275 59.472559 31.04704312
v 37.9388675 65.586209 41.80725244
v 49.6110275 59.579179 39.04361679
v 54.2768375 67.611429 33.09614678
v 40.7334475 74.344519 35.49990521
v 23.0206615 69.355189 44.19237024
v 24.0715045 80.725569 37.88436472
v 37.9388675 65.586209 41.80725244
v 23.0206615 69.355189 44.19237024
v 49.6110275 59.579179 39.04361679
v 37.9388675 65.586209 41.80725244
v 38.3297475 61.355649 47.958003
v 46.8579975 51.754199 43.64520897
v 6.4997075 72.955139 46.22956431
v 4.6509575 86.834089 39.91390614
v -13.6256025 84.329699 49.49234432
v -18.8387325 97.631669 41.94791297
v 6.4997075 72.955139 46.22956431
v -31.5424925 81.845959 49.3623591
v -39.5801825 94.941509 41.96100201
v -45.3888925 73.940699 49.28931064
v -53.6783225 82.830639 41.75407343
v -34.6494125 48.963629 -3.73453953
v -36.7518525 36.190689 -4.81265328
v -47.5560425 40.867889 0.785137
v -41.7567825 52.758949 3.1634508
v -27.9126625 56.666529 -1.57270447
v -34.6494125 48.963629 -3.73453953
v -41.7567825 52.758949 3.1634508
v -33.6347325 61.084599 4.97729464
v -38.5045225 22.320689 -6.13201182
v -30.2162325 6.118383 0.19771821
v -45.6099225 6.5708027 1.97448508
v -53.3417125 25.936749 -2.03346
v -26.1520025 -5.542541 2.78331794
v -23.3182725 -15.622781 4.19301114
v -33.6178825 -20.492391 6.89771924
v -36.7540925 -7.979371 6.15386583
v -22.2367725 -25.609031 3.91308511
v -31.4702325 -32.255751 6.82781412
v -48.4177725 56.301219 11.75718082
v -41.7567825 52.758949 3.1634508
v -59.3460625 46.047859 9.04641149
v -48.4177725 56.301219 11.75718082
v -47.5560425 40.867889 0.785137
v -48.4177725 56.301219 11.75718082
v -59.3460625 46.047859 9.04641149
v -73.5520625 53.118029 19.50600084
v -59.8925225 65.044809 20.57361319
v -64.1513425 27.571179 8.02609742
v -59.3460625 46.047859 9.04641149
v -47.5560425 40.867889 0.785137
v -53.3417125 25.936749 -2.03346
v -62.3578925 6.736507 8.55716345
v -45.6099225 6.5708027 1.97448508
v -76.4258425 6.664927 19.73851503
v -81.6342725 32.006459 18.97266918
v -64.1513425 27.571179 8.02609742
v -81.6342725 32.006459 18.97266918
v -55.8227625 -12.073941 9.97748313
v -62.3578925 6.736507 8.55716345
v -47.1730025 -26.913431 11.79115965
v -62.4028625 -34.170121 20.08940657
v -68.1523225 -14.994381 20.30526597
v -55.8227625 -12.073941 9.97748313
v -68.1523225 -14.994381 20.30526597
v -44.7508025 -41.976941 11.16249636
v -57.7239125 -51.448111 19.40051505
v -70.7343125 73.879209 32.22175408
v -59.8925225 65.044809 20.57361319
v -77.1580025 54.156709 33.17403369
v -73.5520625 53.118029 19.50600084
v -73.8186425 52.170039 45.89797718
v -65.6279825 69.521699 43.76439272
v -53.6783225 82.830639 41.75407343
v -92.9278725 34.871349 34.01990589
v -97.9388725 7.490623 34.18672255
v -88.4097725 6.918976 48.6854814
v -80.6261725 31.030619 47.20765993
v -88.8503725 -19.519321 33.46068142
v -84.7898725 -44.991201 32.38887246
v -88.8503725 -19.519321 33.46068142
v -84.7898725 -44.991201 32.38887246
v -74.5989225 -40.265071 45.73237836
v -85.2577725 -19.106081 48.23350365
v -72.7242525 -62.721801 30.99128031
v -58.3015625 -75.060731 30.29303007
v -72.7242525 -62.721801 30.99128031
v -71.9734025 -62.171721 44.37293972
v -72.7242525 -62.721801 30.99128031
v -71.9734025 -62.171721 44.37293972
v -57.1010325 63.633279 51.99780885
v -65.6279825 69.521699 43.76439272
v -62.9414725 46.498209 54.54137752
v -57.1010325 63.633279 51.99780885
v -62.9414725 46.498209 54.54137752
v -67.7367325 27.506929 56.12048818
v -79.4394825 6.905645 59.94258592
v -65.1182225 6.4240138 68.03825995
v -60.9411225 27.672889 65.90440669
v -52.0857525 44.445349 61.1452304
v -80.8670725 -18.084201 60.52753315
v -72.4753525 -39.456041 57.8462553
v -69.4039325 -60.549361 56.1883471
v -69.4039325 -60.549361 56.1883471
v -62.8478825 -61.002281 66.2038198
vn -0.52528 0.12076 -0.84232
vn -0.61258 0.05017 -0.78881
vn -0.51475 0.03664 -0.85656
vn -0.43455 0.00031 -0.90065
vn -0.39967 -0.03688 -0.91592
vn -0.37051 -0.15908 -0.91511
vn -0.46899 0.15424 -0.86963
vn -0.43711 0.12679 -0.89043
vn -0.35795 -0.07403 -0.9308
vn -0.09238 -0.05415 -0.99425
vn -0.05804 -0.10904 -0.99234
vn -0.28457 0.05911 -0.95683
vn 0.04018 -0.19821 -0.97934
vn 0.13274 -0.07047 -0.98864
vn 0.17138 -0.14551 -0.9744
vn 0.13528 -0.18271 -0.97381
vn 0.27431 -0.2408 -0.931
vn 0.00558 -0.28971 -0.9571
vn -0.01015 -0.30131 -0.95347
vn 0.02119 -0.36752 -0.92977
vn 0.18008 -0.39427 -0.90118
vn 0.01226 -0.34467 -0.93864
vn 0.05949 -0.5761 -0.81521
vn 0.19852 -0.23379 -0.9518
vn 0.53144 -0.09221 -0.84206
vn 0.40812 -0.36701 -0.83591
vn 0.22416 -0.62704 -0.74604
vn -0.24366 -0.32878 -0.91243
vn -0.2272 -0.42894 -0.8743
vn -0.1635 -0.51056 -0.84415
vn -0.21269 -0.56868 -0.79458
vn -0.24198 -0.46134 -0.85358
vn -0.3135 -0.2347 -0.92013
vn -0.47513 -0.10605 -0.8735
vn -0.38692 -0.33809 -0.8579
vn -0.26786 -0.30765 -0.91302
vn -0.20265 -0.32255 -0.9246
vn 0.02089 -0.37802 -0.92556
vn 0.13983 -0.42567 -0.89401
vn 0.20814 -0.32442 -0.92273
vn 0.12089 -0.24936 -0.96083
vn 0.25564 -0.16638 -0.95235
vn 0.28629 -0.29403 -0.91191
vn 0.5234 -0.20966 -0.82589
vn 0.55979 -0.2056 -0.80272
vn -0.06093 -0.28922 -0.95532
vn -0.20085 -0.32006 -0.92586
vn -0.06323 0.17707 -0.98217
vn -0.16482 0.26519 -0.95001
vn -0.04974 0.07769 -0.99574
vn -0.07167 -0.24238 -0.96753
vn -0.23776 -0.15043 -0.95961
vn -0.22221 0.00936 -0.97495
vn -0.13847 -0.07108 -0.98781
vn -0.32539 0.03409 -0.94497
vn 0.01312 0.03259 -0.99938
vn -0.02826 0.18264 -0.98277
vn 0.44494 0.30994 -0.84022
vn 0.34309 -0.10422 -0.9335
vn 0.48661 0.09675 -0.86825
vn 0.66691 0.50748 -0.54562
vn 0.70083 0.61344 -0.36404
vn 0.6622 0.26288 -0.7017
vn -0.19959 0.36956 -0.90752
vn -0.10721 0.35419 -0.92901
vn -0.22017 0.31587 -0.9229
vn -0.02449 0.35019 -0.93636
vn -0.26853 0.23899 -0.93315
vn -0.21885 0.24065 -0.94562
vn -0.3566 0.1646 -0.91964
vn -0.284 0.32626 -0.90161
vn -0.15316 0.57085 -0.80664
vn -0.17611 0.2161 -0.96036
vn 0.30998 0.14063 -0.94029
vn 0.40492 0.50742 -0.76063
vn 0.7172 0.45688 -0.52619
vn 0.59171 0.39298 -0.70388
vn 0.80017 0.46498 -0.37885
vn 0.81229 0.33243 -0.47924
vn 0.67833 0.40541 -0.61278
vn 0.70962 0.53485 -0.45867
vn -0.23303 -0.8326 0.50246
vn -0.65762 -0.64741 0.38523
vn -0.24443 -0.94405 0.2214
vn -0.20339 -0.90098 0.38324
vn -0.0826 -0.86282 0.49871
vn -0.11447 -0.90623 0.40698
vn -0.24078 -0.34025 0.90899
vn -0.4722 -0.40527 0.7828
vn -0.86697 -0.33469 0.36926
vn 0.27907 -0.82747 0.48726
vn 0.27723 -0.85193 0.44425
vn 0.48211 -0.74757 0.45684
vn 0.43596 -0.64805 0.62448
vn 0.49071 -0.58645 0.64443
vn 0.1159 -0.45808 0.88132
vn 0.31557 -0.73867 0.59563
vn 0.25296 -0.70554 0.66198
vn 0.45094 -0.45413 0.76839
vn 0.35104 -0.67269 0.65135
vn 0.66129 -0.46608 0.58777
vn 0.53955 -0.65931 0.52363
vn 0.77479 -0.23646 0.58633
vn 0.76813 -0.43734 0.46767
vn 0.94324 -0.24821 0.22066
vn 0.95735 -0.22609 0.17988
vn 0.92187 -0.31694 0.22297
vn 0.79679 -0.3935 0.45857
vn -0.41698 0.04536 0.90778
vn -0.86002 0.04241 0.5085
vn -0.08152 0.20348 0.97568
vn -0.0904 0.41869 0.90362
vn -0.30264 0.49306 0.81566
vn -0.62325 0.41824 0.66078
vn -0.056 0.17914 0.98223
vn 0.31601 -0.01742 0.9486
vn 0.2636 0.19793 0.94411
vn -0.19847 0.38783 0.90011
vn 0.536 -0.06899 0.84139
vn 0.67096 -0.11173 0.73303
vn 0.59328 0.31997 0.73868
vn 0.5265 0.25007 0.81256
vn 0.82537 -0.18645 0.53291
vn 0.95587 -0.12701 0.26491
vn 0.85963 0.42866 0.27801
vn 0.77551 0.38126 0.50322
vn -0.16457 0.50016 0.85015
vn -0.62634 0.3925 0.67353
vn -0.08671 0.50151 0.86079
vn -0.07353 0.61787 0.78284
vn -0.0939 0.63791 0.76436
vn -0.34805 0.55116 0.75834
vn -0.25007 0.55064 0.79641
vn 0.17234 0.56552 0.80653
vn 0.24696 0.81261 0.52789
vn -0.13558 0.70368 0.69746
vn 0.52125 0.54192 0.65926
vn 0.71518 0.42403 0.55561
vn 0.49776 0.7288 0.47019
vn 0.395 0.80168 0.44864
vn 0.83213 0.49896 0.24209
vn 0.79416 0.59365 0.12995
vn 0.91873 0.36252 0.15656
vn 0.90846 0.36184 0.20923
vn 0.0071 0.6343 0.77305
vn -0.15025 0.56878 0.80865
vn -0.01235 0.65207 0.75806
vn 0.13053 0.54179 0.83032
vn -0.00584 0.54132 0.84079
vn -0.00257 0.60184 0.79862
vn 0.04663 0.77946 0.62472
vn 0.26583 0.84052 0.47207
vn 0.2264 0.8287 0.51186
vn 0.19398 0.76894 0.60918
vn 0.53283 0.6646 0.52384
vn 0.14262 0.88908 0.43497
vn 0.40171 0.73942 0.54026
vn 0.52366 0.67294 0.52243
vn 0.77789 0.50924 0.36819
vn 0.94397 0.3174 0.09048
vn 0.96211 0.27261 -0.00451
vn 0.58336 0.75116 0.30893
vn -0.52304 -0.0501 -0.85084
vn -0.40437 0.01875 -0.91441
vn -0.4519 -0.22123 -0.8642
vn -0.33451 -0.26952 -0.90303
vn -0.47623 -0.17873 -0.86096
vn -0.60457 -0.08709 -0.79178
vn -0.1193 -0.28755 -0.95031
vn 0.2653 -0.30401 -0.91498
vn 0.25079 -0.4026 -0.88035
vn -0.15641 -0.4137 -0.89688
vn 0.37787 -0.36284 -0.8518
vn 0.27464 -0.43553 -0.85726
vn 0.28566 -0.51668 -0.80711
vn 0.42922 -0.35813 -0.82916
vn 0.21208 -0.52398 -0.82491
vn 0.37726 -0.54681 -0.74745
vn 0.60296 -0.45224 -0.65721
vn 0.30686 -0.55444 -0.77358
vn -0.73907 -0.3655 -0.56585
vn -0.59141 -0.38151 -0.71041
vn -0.48651 -0.49865 -0.7174
vn -0.6037 -0.74706 -0.2783
vn -0.63019 -0.59891 -0.49414
vn -0.4778 -0.58469 -0.65562
vn -0.13418 -0.65012 -0.74789
vn 0.14385 -0.64342 -0.75188
vn 0.0234 -0.9459 -0.32362
vn -0.22341 -0.9441 -0.24242
vn 0.47499 -0.40362 -0.78197
vn 0.53832 -0.4833 -0.69039
vn 0.80604 -0.49074 -0.33086
vn 0.45052 -0.82867 -0.33217
vn 0.6054 -0.6907 -0.39551
vn 0.84361 -0.46864 -0.26211
vn 0.92116 -0.38505 0.05656
vn 0.8671 -0.43204 -0.24796
vn -0.47496 -0.87254 -0.11442
vn -0.49753 -0.8213 -0.27915
vn -0.40846 -0.90909 0.08197
vn -0.35191 -0.84794 0.39643
vn -0.27084 -0.95062 0.15158
vn -0.42692 -0.89769 0.10909
vn -0.22117 -0.95261 0.20887
vn -0.01867 -0.96634 0.2566
vn 0.1116 -0.75196 0.6497
vn -0.12169 -0.88276 0.4538
vn 0.46249 -0.84503 0.26837
vn 0.78581 -0.61487 0.06668
vn 0.63718 -0.63726 0.43347
vn 0.31378 -0.62096 0.71829
vn 0.92554 -0.35966 -0.11841
vn 0.99218 -0.12444 0.01
vn 0.99564 -0.07651 0.05341
vn 0.91834 -0.35903 0.16657
vn -0.2206 -0.94514 0.24091
vn -0.42958 -0.86688 0.25295
vn -0.08467 -0.96027 0.26593
vn 0.10813 -0.88687 0.4492
vn 0.3165 -0.65598 0.68522
vn 0.26714 -0.66541 0.69704
vn 0.41345 -0.71899 0.55867
vn 0.80605 -0.46858 0.36156
vn 0.98215 -0.18787 0.00881
vn 0.74591 -0.32596 -0.58084
vn 0.78844 -0.08059 -0.6098
vn 0.87783 -0.18145 -0.44327
vn 0.84874 -0.21151 -0.48468
vn 0.77388 -0.12481 -0.62091
vn 0.85947 -0.18993 -0.47459
vn 0.90265 -0.06641 -0.42522
vn 0.85279 -0.05616 -0.51923
vn 0.79412 0.37242 -0.4803
vn 0.65195 0.64191 -0.40363
vn 0.63227 0.63671 -0.44139
vn 0.8368 0.33528 -0.43283
vn 0.79919 0.361 -0.4806
vn 0.71031 0.28215 -0.64487
vn 0.82398 0.25352 -0.50674
vn 0.88083 0.2884 -0.37544
vn 0.94728 -0.17619 -0.2676
vn 0.938 -0.14163 -0.31637
vn 0.95838 -0.27309 0.08328
vn 0.93136 -0.30068 0.20534
vn 0.95668 -0.06843 -0.28298
vn 0.94573 -0.11086 -0.30545
vn 0.95261 -0.04088 -0.30143
vn 0.97241 -0.14136 -0.1856
vn 0.83735 0.32788 -0.43743
vn 0.66121 0.69924 -0.27178
vn 0.68834 0.72165 0.07349
vn 0.93246 0.35681 -0.05665
vn 0.89835 0.37915 -0.22186
vn 0.94572 0.22138 -0.23794
vn 0.97511 0.21342 0.06013
vn 0.91273 0.40712 0.03448
vn 0.97811 -0.13924 0.15463
vn 0.88382 -0.4152 0.21559
vn 0.89611 -0.44047 0.05453
vn 0.99254 -0.11803 -0.03047
vn 0.8989 -0.4369 0.03304
vn 0.98473 0.12962 -0.11621
vn 0.93892 0.24659 0.24004
vn 0.89233 -0.44139 0.09448
vn 0.7758 0.58292 0.24153
vn 0.69932 0.6778 0.22701
vn 0.77261 0.62227 0.12595
vn 0.68165 0.66494 0.30528
vn 0.8873 0.38852 0.2485
vn 0.94189 0.23264 0.24232
vn 0.95821 0.21882 0.18427
vn 0.89285 0.44122 0.09021
vn 0.98589 -0.14453 -0.08443
vn 0.94992 -0.30504 -0.06783
vn 0.95042 -0.2816 0.1319
vn 0.86886 0.34647 0.35362
vn 0.71669 0.65842 0.22986
vn 0.87507 0.44367 0.19342
vn 0.89913 0.43725 -0.01937
vn 0.95796 0.28652 -0.01507
vn 0.74226 0.28956 -0.60433
vn 0.70968 0.45414 -0.53862
vn 0.63757 0.5922 -0.49275
vn 0.69783 0.43256 -0.5709
vn 0.45617 0.64445 -0.61367
vn 0.02688 0.56923 -0.82174
vn 0.4282 0.77852 -0.45887
vn 0.50803 0.77212 -0.38175
vn -0.1983 0.34465 -0.91755
vn -0.24225 0.41997 -0.87461
vn -0.45867 0.55876 -0.69095
vn -0.13081 0.58857 -0.79779
vn -0.3605 0.41805 -0.83383
vn -0.29037 0.6606 -0.69231
vn -0.57099 0.60912 -0.5504
vn -0.55231 0.4917 -0.67319
vn 0.7627 0.50865 -0.39944
vn 0.54101 0.72729 -0.42233
vn 0.56722 0.81294 -0.13185
vn 0.86568 0.49999 -0.02464
vn 0.37151 0.86734 -0.3312
vn 0.41557 0.8723 -0.25768
vn 0.4081 0.87764 -0.25138
vn 0.40357 0.90156 -0.15593
vn 0.09247 0.88644 -0.45352
vn -0.4326 0.59266 -0.67942
vn -0.11267 0.93799 -0.32783
vn 0.33251 0.93851 -0.09298
vn -0.51325 0.44732 -0.73245
vn -0.61162 0.44581 -0.65358
vn -0.70734 0.31812 -0.63124
vn -0.5462 0.67909 -0.49041
vn 0.87406 0.42666 0.23234
vn 0.66709 0.69669 0.26382
vn 0.62562 0.61926 0.47446
vn 0.85397 0.46053 0.24217
vn 0.5116 0.8316 0.21611
vn 0.44298 0.87513 0.19472
vn 0.38903 0.70118 0.5975
vn 0.46391 0.72189 0.51348
vn 0.28475 0.92916 0.23575
vn -0.00858 0.98264 0.1853
vn 0.08903 0.86688 0.49049
vn 0.40236 0.6946 0.59635
vn -0.371 0.90851 0.19229
vn -0.73537 0.67765 0.00408
vn -0.55117 0.66882 0.49889
vn -0.33475 0.7973 0.50226
vn 0.63819 0.75313 0.15973
vn 0.49922 0.63207 0.59268
vn 0.42379 0.75812 0.49565
vn 0.32949 0.72681 0.60264
vn 0.35835 0.6646 0.65566
vn 0.1968 0.58415 0.78743
vn -0.15041 0.55172 0.82036
vn -0.33 0.63125 0.70187
vn -0.37428 0.43552 -0.81868
vn -0.37453 0.28374 -0.88274
vn -0.63694 0.425 -0.64318
vn -0.576 0.64686 -0.4998
vn -0.3608 -0.22768 -0.90443
vn -0.30138 -0.55718 -0.77377
vn -0.3561 -0.51065 -0.78258
vn -0.67056 0.02937 -0.74127
vn -0.35396 -0.39148 -0.84938
vn -0.3639 -0.17631 -0.9146
vn -0.44086 -0.14469 -0.88584
vn -0.3272 -0.38622 -0.86243
vn -0.44848 0.00675 -0.89377
vn -0.52482 -0.03083 -0.85066
vn -0.54046 0.63383 -0.55333
vn -0.61889 0.48861 -0.61501
vn -0.69549 0.57576 -0.42989
vn -0.64982 0.50139 -0.57126
vn -0.79369 0.08601 -0.60221
vn -0.72961 -0.2613 -0.63198
vn -0.76384 -0.2316 -0.60242
vn -0.82001 0.11005 -0.56167
vn -0.54178 -0.38094 -0.74924
vn -0.5324 -0.22441 -0.81621
vn -0.67843 -0.21213 -0.70337
vn -0.74392 -0.24775 -0.62065
vn -0.55908 -0.20534 -0.80328
vn -0.66184 -0.30679 -0.684
vn -0.87282 0.46993 -0.13171
vn -0.86966 0.49363 -0.0045
vn -0.82533 0.37696 0.42038
vn -0.70322 0.55059 0.44981
vn -0.91271 0.40499 0.05421
vn -0.98867 -0.07062 -0.13247
vn -0.92569 0.10568 0.36321
vn -0.78279 0.38549 0.48851
vn -0.93063 -0.27097 -0.24599
vn -0.92914 -0.29679 -0.22047
vn -0.9351 -0.27675 0.22137
vn -0.93183 -0.31586 0.17867
vn -0.72994 -0.58551 -0.35264
vn -0.81328 -0.55505 0.17466
vn -0.53498 0.55199 0.63961
vn -0.70787 0.38583 0.59166
vn -0.76486 0.38622 0.51559
vn -0.79393 0.33091 0.51008
vn -0.94588 -0.17787 0.27144
vn -0.93293 -0.31414 0.17595
vn -0.81248 -0.54669 0.20251
vt 0.53565 0.39539
vt 0.54342 0.34683
vt 0.56999 0.36343
vt 0.57404 0.39621
vt 0.53792 0.43814
vt 0.57721 0.43827
vt 0.49518 0.43269
vt 0.49503 0.38041
vt 0.49872 0.32883
vt 0.44232 0.37384
vt 0.4434 0.32244
vt 0.44413 0.42429
vt 0.38948 0.42248
vt 0.3879 0.37177
vt 0.38584 0.31825
vt 0.33793 0.3756
vt 0.33402 0.32618
vt 0.3357 0.42184
vt 0.27093 0.41709
vt 0.28238 0.37379
vt 0.28315 0.33151
vt 0.22544 0.37259
vt 0.23003 0.33359
vt 0.21457 0.41785
vt 0.16512 0.41896
vt 0.16405 0.36327
vt 0.18963 0.33771
vt 0.54224 0.48126
vt 0.58737 0.4802
vt 0.55124 0.52787
vt 0.60486 0.52894
vt 0.50341 0.52871
vt 0.49674 0.47988
vt 0.44635 0.47755
vt 0.44795 0.52934
vt 0.38261 0.53221
vt 0.38718 0.47398
vt 0.32698 0.47206
vt 0.32 0.53049
vt 0.25864 0.52883
vt 0.2647 0.47068
vt 0.21192 0.47268
vt 0.20506 0.5307
vt 0.15024 0.5334
vt 0.16087 0.47573
vt 0.56948 0.58935
vt 0.62915 0.5927
vt 0.57054 0.64615
vt 0.62981 0.65276
vt 0.51323 0.64665
vt 0.51117 0.58869
vt 0.4502 0.58968
vt 0.45269 0.64762
vt 0.38663 0.65808
vt 0.38415 0.59493
vt 0.30656 0.60181
vt 0.31821 0.65589
vt 0.24437 0.65699
vt 0.24298 0.5964
vt 0.18436 0.5944
vt 0.20389 0.64173
vt 0.5944 0.04423
vt 0.64173 0.07449
vt 0.63222 0.11559
vt 0.59177 0.07883
vt 0.14416 0.59177
vt 0.5652 0.69314
vt 0.6164 0.69694
vt 0.5682 0.73789
vt 0.60983 0.73539
vt 0.51625 0.75076
vt 0.51256 0.70042
vt 0.45322 0.70886
vt 0.45578 0.7614
vt 0.38029 0.77655
vt 0.38132 0.73244
vt 0.31003 0.72106
vt 0.30871 0.76886
vt 0.25925 0.73973
vt 0.25001 0.70706
vt 0.67835 0.10276
vt 0.65699 0.03628
vt 0.70706 0.05181
vt 0.7095 0.12929
vt 0.73973 0.09101
vt 0.69192 0.1506
vt 0.66671 0.13778
vt 0.26478 0.86814
vt 0.17914 0.81584
vt 0.23498 0.75731
vt 0.31178 0.76585
vt 0.37495 0.88341
vt 0.40165 0.78787
vt 0.26478 0.20418
vt 0.37495 0.20014
vt 0.33455 0.26996
vt 0.21994 0.2852
vt 0.17914 0.21178
vt 0.15434 0.30735
vt 0.49489 0.88229
vt 0.50353 0.7955
vt 0.25493 0.80286
vt 0.2023 0.88229
vt 0.15435 0.7955
vt 0.2008 0.74414
vt 0.60692 0.80286
vt 0.62009 0.9331
vt 0.47476 0.9995
vt 0.33455 0.97946
vt 0.70363 0.27376
vt 0.60692 0.25493
vt 0.60603 0.2008
vt 0.69442 0.22628
vt 0.80808 0.27878
vt 0.80619 0.21461
vt 0.82567 0.34846
vt 0.73284 0.32314
vt 0.70363 0.76726
vt 0.73284 0.85091
vt 0.31133 0.69166
vt 0.27878 0.7471
vt 0.21461 0.70688
vt 0.25191 0.66082
vt 0.3335 0.63307
vt 0.28512 0.62315
vt 0.39236 0.65146
vt 0.37965 0.70908
vt 0.34846 0.78537
vt 0.59926 0.98494
vt 0.5864 0.87698
vt 0.69265 0.84509
vt 0.7148 0.93725
vt 0.34686 0.40787
vt 0.18968 0.40074
vt 0.36664 0.52808
vt 0.24419 0.5293
vt 0.12437 0.4136
vt 0.16758 0.52976
vt 0.4762 0.40103
vt 0.47476 0.26215
vt 0.61984 0.40773
vt 0.62009 0.2898
vt 0.62541 0.5358
vt 0.48647 0.53106
vt 0.75087 0.4176
vt 0.84007 0.43546
vt 0.83519 0.53627
vt 0.74048 0.53499
vt 0.44918 0.75265
vt 0.43546 0.82129
vt 0.45879 0.67594
vt 0.53598 0.65905
vt 0.5379 0.73891
vt 0.91013 0.44918
vt 0.90737 0.5379
vt 0.27934 0.63008
vt 0.18884 0.62998
vt 0.39237 0.62559
vt 0.416 0.70457
vt 0.32047 0.70512
vt 0.23392 0.70908
vt 0.49965 0.63652
vt 0.63001 0.65636
vt 0.62537 0.73253
vt 0.51402 0.71743
vt 0.74067 0.64067
vt 0.82242 0.62635
vt 0.25933 0.83212
vt 0.17758 0.75787
vt 0.19978 0.70448
vt 0.29382 0.73177
vt 0.36999 0.90871
vt 0.37463 0.80998
vt 0.61022 0.68658
vt 0.62635 0.75787
vt 0.53627 0.79997
vt 0.59527 0.61518
vt 0.64415 0.58492
vt 0.66781 0.64479
vt 0.69548 0.70448
vt 0.35657 0.75884
vt 0.2665 0.77905
vt 0.44057 0.75888
vt 0.44982 0.81417
vt 0.37255 0.80503
vt 0.30188 0.81487
vt 0.52781 0.76761
vt 0.3828 0.71507
vt 0.47219 0.735
vt 0.48598 0.80349
vt 0.38424 0.65254
vt 0.46475 0.67343
vt 0.53525 0.80553
vt 0.31038 0.6713
vt 0.2388 0.6422
vt 0.26238 0.58869
vt 0.3058 0.63212
vt 0.6172 0.76113
vt 0.68962 0.73418
vt 0.6942 0.78883
vt 0.61576 0.79337
vt 0.17027 0.61606
vt 0.16109 0.64479
vt 0.69286 0.56435
vt 0.7223 0.61606
vt 0.72201 0.5459
vt 0.7631 0.57768
vt 0.17655 0.57768
vt 0.56428 0.30536
vt 0.59798 0.33692
vt 0.51595 0.27788
vt 0.54416 0.22078
vt 0.6058 0.24745
vt 0.64797 0.28809
vt 0.45198 0.25927
vt 0.38365 0.25773
vt 0.3829 0.19225
vt 0.46725 0.19484
vt 0.3256 0.27665
vt 0.26735 0.28578
vt 0.24638 0.24132
vt 0.31226 0.22194
vt 0.21688 0.29831
vt 0.16124 0.31106
vt 0.12936 0.28101
vt 0.18212 0.25395
vt 0.64495 0.19621
vt 0.68994 0.24936
vt 0.58825 0.12279
vt 0.80379 0.24912
vt 0.87721 0.21281
vt 0.93291 0.33176
vt 0.84025 0.34793
vt 0.67467 0.15975
vt 0.74432 0.19728
vt 0.48745 0.09407
vt 0.37696 0.08713
vt 0.51255 0.20651
vt 0.62304 0.20968
vt 0.62035 0.33821
vt 0.49424 0.33174
vt 0.41175 0.21281
vt 0.38165 0.33176
vt 0.28167 0.12666
vt 0.20803 0.17292
vt 0.17402 0.11573
vt 0.24959 0.02496
vt 0.37965 0.02517
vt 0.14366 0.20494
vt 0.09771 0.25319
vt 0.20494 0.27254
vt 0.25319 0.27763
vt 0.26107 0.35946
vt 0.20433 0.35983
vt 0.17292 0.25983
vt 0.11573 0.35278
vt 0.28871 0.46048
vt 0.20228 0.45424
vt 0.25568 0.34366
vt 0.32533 0.34793
vt 0.94579 0.46876
vt 0.88995 0.46048
vt 0.37332 0.46876
vt 0.39265 0.5878
vt 0.30646 0.57077
vt 0.20502 0.57521
vt 0.49326 0.47804
vt 0.61869 0.4885
vt 0.61032 0.61183
vt 0.4975 0.60393
vt 0.74901 0.48009
vt 0.75041 0.33799
vt 0.12331 0.45796
vt 0.02759 0.48009
vt 0.02496 0.33799
vt 0.14057 0.5579
vt 0.10224 0.58769
vt 0.72621 0.58769
vt 0.18984 0.43989
vt 0.26306 0.43162
vt 0.27852 0.50183
vt 0.19549 0.52549
vt 0.30404 0.68236
vt 0.22392 0.67788
vt 0.40378 0.68986
vt 0.50476 0.69668
vt 0.60681 0.14359
vt 0.50476 0.12747
vt 0.4975 0.07484
vt 0.61032 0.0719
vt 0.60681 0.68514
vt 0.60603 0.74414
vt 0.69695 0.18567
vt 0.72621 0.10224
vt 0.80257 0.18552
vt 0.82711 0.14057
vt 0.69695 0.64831
vt 0.80257 0.63362
vt 0.80619 0.70688
vt 0.69442 0.71051
vt 0.22376 0.59785
vt 0.18552 0.63362
vt 0.28351 0.56821
vt 0.8686 0.59785
vt 0.8681 0.66082
vt 0.13507 0.35448
vt 0.41282 0.15335
vt 0.35448 0.15584
vt 0.36327 0.11071
vt 0.41896 0.11179
vt 0.39981 0.20655
vt 0.33877 0.21388
vt 0.31106 0.16373
vt 0.28101 0.2122
vt 0.47308 0.14913
vt 0.47573 0.10495
vt 0.53368 0.13237
vt 0.5334 0.08943
vt 0.53252 0.19418
vt 0.46559 0.19305
vt 0.59452 0.12289
vt 0.15964 0.16403
vt 0.11323 0.12289
vt 0.14416 0.07883
vt 0.17617 0.11559
vt 0.13627 0.20896
vt 0.09502 0.18403
vt 0.5976 0.18403
vt 0.67074 0.17538
vt 0.63234 0.16403
vt 0.70667 0.17468
vt 0.72781 0.21135
vt 0.68207 0.21988
vt 0.64233 0.20896
vt 0.31938 0.28025
vt 0.38742 0.27759
vt 0.3789 0.36277
vt 0.32003 0.36168
vt 0.45926 0.26871
vt 0.53185 0.26406
vt 0.53017 0.35064
vt 0.45357 0.35571
vt 0.60593 0.24661
vt 0.10909 0.26593
vt 0.05654 0.24661
vt 0.10532 0.34503
vt 0.02245 0.32948
vt 0.61305 0.32948
vt 0.69105 0.27805
vt 0.65404 0.26593
vt 0.74328 0.26746
vt 0.74982 0.33478
vt 0.69561 0.34552
vt 0.65552 0.34503
vt 0.33514 0.43525
vt 0.3913 0.4406
vt 0.3966 0.50938
vt 0.34086 0.50068
vt 0.4531 0.44577
vt 0.53426 0.43249
vt 0.53591 0.51955
vt 0.45576 0.52431
vt 0.6068 0.41983
vt 0.1238 0.41388
vt 0.04836 0.41983
vt 0.13011 0.47487
vt 0.09192 0.4937
vt 0.59659 0.4937
vt 0.6925 0.40354
vt 0.64748 0.41388
vt 0.73723 0.39694
vt 0.72546 0.45331
vt 0.68229 0.46008
vt 0.64508 0.47487
vt 0.34003 0.56674
vt 0.39978 0.57611
vt 0.45995 0.59732
vt 0.5354 0.59086
vt 0.10807 0.55547
vt 0.04403 0.59086
vt 0.00928 0.51955
vt 0.64311 0.53189
vt 0.59362 0.55547
vt 0.12404 0.61518
vt 0.07019 0.65905
vt 0.68691 0.5131
vt 0.72274 0.50497
vt 0.73904 0.15672
vt 0.7715 0.12828
vt 0.79768 0.18003
vt 0.76282 0.19935
vt 0.80653 0.099
vt 0.76886 0.05642
vt 0.37926 0.81854
vt 0.30319 0.80653
vt 0.37597 0.87176
vt 0.29735 0.83505
vt 0.83505 0.16109
vt 0.46038 0.81133
vt 0.53675 0.81099
vt 0.56177 0.86156
vt 0.47171 0.90308
vt 0.59323 0.78701
vt 0.64302 0.76671
vt 0.67215 0.78755
vt 0.62651 0.82852
vt 0.79001 0.25494
vt 0.82745 0.24643
vt 0.8527 0.32563
vt 0.80386 0.32713
vt 0.29174 0.24081
vt 0.2223 0.24643
vt 0.23721 0.18003
vt 0.29735 0.16109
vt 0.38283 0.24687
vt 0.37597 0.14288
vt 0.38148 0.34124
vt 0.29021 0.33622
vt 0.20844 0.32563
vt 0.48338 0.21629
vt 0.47171 0.12614
vt 0.58094 0.25065
vt 0.56177 0.16566
vt 0.61923 0.33571
vt 0.49252 0.33648
vt 0.65957 0.26448
vt 0.62651 0.18734
vt 0.18287 0.2736
vt 0.13105 0.26448
vt 0.17148 0.18734
vt 0.21245 0.19932
vt 0.65957 0.86895
vt 0.70721 0.81713
vt 0.76424 0.87583
vt 0.72416 0.973
vt 0.58094 0.89883
vt 0.61923 0.9995
vt 0.79262 0.3968
vt 0.84051 0.40687
vt 0.81833 0.48246
vt 0.77995 0.46183
vt 0.28417 0.42285
vt 0.21295 0.40687
vt 0.37373 0.43877
vt 0.37838 0.53068
vt 0.29356 0.50667
vt 0.22461 0.48246
vt 0.48747 0.45241
vt 0.60979 0.46114
vt 0.59682 0.5716
vt 0.47725 0.55112
vt 0.72191 0.4629
vt 0.72416 0.34085
vt 0.08324 0.46695
vt 0.02924 0.4629
vt 0.027 0.34085
vt 0.12417 0.35507
vt 0.80307 0.46695
vt 0.77418 0.56965
vt 0.70241 0.57173
vt 0.77537 0.52191
vt 0.24837 0.54235
vt 0.18242 0.52191
vt 0.18128 0.46183
vt 0.69221 0.80878
vt 0.75163 0.78045
vt 0.77539 0.81833
vt 0.70644 0.85008
vt 0.61627 0.82655
vt 0.62162 0.88018
vt 0.30779 0.57018
vt 0.38373 0.5942
vt 0.78045 0.54235
vt 0.80878 0.57018
vt 0.78883 0.63212
vt 0.74355 0.58869
vt 0.53217 0.84353
vt 0.52275 0.90899
vt 0.42971 0.89717
vt 0.40318 0.95991
vt 0.46783 0.61471
vt 0.3385 0.88546
vt 0.29759 0.94722
vt 0.26802 0.84818
vt 0.22582 0.89011
vt 0.67731 0.73039
vt 0.68802 0.67015
vt 0.74302 0.6922
vt 0.71349 0.74828
vt 0.64302 0.13336
vt 0.67731 0.11159
vt 0.71349 0.18105
vt 0.67215 0.19932
vt 0.69694 0.60473
vt 0.65474 0.52832
vt 0.73311 0.53046
vt 0.77247 0.62179
vt 0.63405 0.47333
vt 0.61963 0.42579
vt 0.67206 0.40282
vt 0.68803 0.46184
vt 0.61412 0.37869
vt 0.66113 0.34735
vt 0.23501 0.26759
vt 0.25172 0.18105
vt 0.80304 0.24029
vt 0.7474 0.26759
vt 0.74302 0.1571
vt 0.7474 0.76499
vt 0.80304 0.71663
vt 0.87535 0.74998
vt 0.80582 0.80623
vt 0.3705 0.23002
vt 0.28337 0.24029
vt 0.3078 0.1571
vt 0.37821 0.12872
vt 0.46876 0.23537
vt 0.46954 0.16908
vt 0.4691 0.34796
vt 0.34959 0.34025
vt 0.8275 0.6295
vt 0.9165 0.65041
vt 0.7851 0.44253
vt 0.81837 0.53124
vt 0.74107 0.37254
vt 0.8186 0.33832
vt 0.84787 0.42875
vt 0.55747 0.24967
vt 0.57125 0.35366
vt 0.72874 0.3015
vt 0.79478 0.25683
vt 0.15211 0.47366
vt 0.19377 0.35637
vt 0.24512 0.48325
vt 0.25002 0.34562
vt 0.25449 0.61137
vt 0.17266 0.58989
vt 0.10989 0.56965
vt 0.33608 0.49177
vt 0.46521 0.49345
vt 0.4679 0.63944
vt 0.35419 0.62456
vt 0.59259 0.48613
vt 0.93256 0.28729
vt 0.95323 0.40741
vt 0.71271 0.47534
vt 0.69043 0.60971
vt 0.59064 0.63489
vt 0.87114 0.20367
vt 0.79772 0.14548
vt 0.12886 0.46127
vt 0.13268 0.59602
vt 0.79633 0.46127
vt 0.79374 0.59602
vt 0.20839 0.79957
vt 0.16499 0.82734
vt 0.28124 0.69841
vt 0.20043 0.6728
vt 0.17866 0.71876
vt 0.37081 0.71431
vt 0.46796 0.7528
vt 0.47024 0.83432
vt 0.37002 0.81283
vt 0.29092 0.76491
vt 0.58582 0.75869
vt 0.68661 0.73169
vt 0.78609 0.71499
vt 0.14576 0.71499
vt 0.78822 0.81584

f 1/1/1 2/2/2 3/3/3
f 3/3/3 4/4/4 1/1/1
f 5/5/5 1/1/1 4/4/4
f 4/4/4 6/6/6 5/5/5
f 1/1/1 5/5/5 7/7/7
f 7/7/7 8/8/8 1/1/1
f 2/2/2 1/1/1 8/8/8
f 8/8/8 9/9/9 2/2/2
f 10/10/10 11/11/11 9/9/9
f 9/9/9 8/8/8 10/10/10
f 12/12/12 10/10/10 8/8/8
f 8/8/8 7/7/7 12/12/12
f 10/10/10 12/12/12 13/13/13
f 13/13/13 14/14/14 10/10/10
f 11/11/11 10/10/10 14/14/14
f 14/14/14 15/15/15 11/11/11
f 16/16/16 17/17/17 15/15/15
f 15/15/15 14/14/14 16/16/16
f 18/18/18 16/16/16 14/14/14
f 14/14/14 13/13/13 18/18/18
f 16/16/16 18/18/18 19/19/19
f 19/19/19 20/20/20 16/16/16
f 17/17/17 16/16/16 20/20/20
f 20/20/20 21/21/21 17/17/17
f 22/22/22 23/23/23 21/21/21
f 21/21/21 20/20/20 22/22/22
f 24/24/24 22/22/22 20/20/20
f 20/20/20 19/19/19 24/24/24
f 22/22/22 24/24/24 25/25/25
f 25/25/25 26/26/26 22/22/22
f 23/23/23 22/22/22 26/26/26
f 26/26/26 27/27/27 23/23/23
f 28/28/28 5/5/5 6/6/6
f 6/6/6 29/29/29 28/28/28
f 30/30/30 28/28/28 29/29/29
f 29/29/29 31/31/31 30/30/30
f 28/28/28 30/30/30 32/32/32
f 32/32/32 33/33/33 28/28/28
f 5/5/5 28/28/28 33/33/33
f 33/33/33 7/7/7 5/5/5
f 34/34/34 12/12/12 7/7/7
f 7/7/7 33/33/33 34/34/34
f 35/35/35 34/34/34 33/33/33
f 33/33/33 32/32/32 35/35/35
f 34/34/34 35/35/35 36/36/36
f 36/36/36 37/37/37 34/34/34
f 12/12/12 34/34/34 37/37/37
f 37/37/37 13/13/13 12/12/12
f 38/38/38 18/18/18 13/13/13
f 13/13/13 37/37/37 38/38/38
f 39/39/39 38/38/38 37/37/37
f 37/37/37 36/36/36 39/39/39
f 38/38/38 39/39/39 40/40/40
f 40/40/40 41/41/41 38/38/38
f 18/18/18 38/38/38 41/41/41
f 41/41/41 19/19/19 18/18/18
f 42/42/42 24/24/24 19/19/19
f 19/19/19 41/41/41 42/42/42
f 43/43/43 42/42/42 41/41/41
f 41/41/41 40/40/40 43/43/43
f 42/42/42 43/43/43 44/44/44
f 44/44/44 45/45/45 42/42/42
f 24/24/24 42/42/42 45/45/45
f 45/45/45 25/25/25 24/24/24
f 46/46/46 30/30/30 31/31/31
f 31/31/31 47/47/47 46/46/46
f 48/48/48 46/46/46 47/47/47
f 47/47/47 49/49/49 48/48/48
f 46/46/46 48/48/48 50/50/50
f 50/50/50 51/51/51 46/46/46
f 30/30/30 46/46/46 51/51/51
f 51/51/51 32/32/32 30/30/30
f 52/52/52 35/35/35 32/32/32
f 32/32/32 51/51/51 52/52/52
f 53/53/53 52/52/52 51/51/51
f 51/51/51 50/50/50 53/53/53
f 52/52/52 53/53/53 54/54/54
f 54/54/54 55/55/55 52/52/52
f 35/35/35 52/52/52 55/55/55
f 55/55/55 36/36/36 35/35/35
f 56/56/56 39/39/39 36/36/36
f 36/36/36 55/55/55 56/56/56
f 57/57/57 56/56/56 55/55/55
f 55/55/55 54/54/54 57/57/57
f 56/56/56 57/57/57 58/58/58
f 58/58/58 59/59/59 56/56/56
f 39/39/39 56/56/56 59/59/59
f 59/59/59 40/40/40 39/39/39
f 60/60/60 43/43/43 40/40/40
f 40/40/40 59/59/59 60/60/60
f 61/61/61 60/60/60 59/59/59
f 59/59/59 58/58/58 61/61/61
f 62/62/60 63/63/61 64/64/62
f 64/64/62 65/65/63 62/62/60
f 43/43/43 60/60/60 66/66/63
f 66/66/63 44/44/44 43/43/43
f 67/67/64 48/48/48 49/49/49
f 49/49/49 68/68/65 67/67/64
f 69/69/66 67/67/64 68/68/65
f 68/68/65 70/70/67 69/69/66
f 67/67/64 69/69/66 71/71/68
f 71/71/68 72/72/69 67/67/64
f 48/48/48 67/67/64 72/72/69
f 72/72/69 50/50/50 48/48/48
f 73/73/70 53/53/53 50/50/50
f 50/50/50 72/72/69 73/73/70
f 74/74/71 73/73/70 72/72/69
f 72/72/69 71/71/68 74/74/71
f 73/73/70 74/74/71 75/75/72
f 75/75/72 76/76/73 73/73/70
f 53/53/53 73/73/70 76/76/73
f 76/76/73 54/54/54 53/53/53
f 77/77/74 57/57/57 54/54/54
f 54/54/54 76/76/73 77/77/74
f 78/78/75 77/77/74 76/76/73
f 76/76/73 75/75/72 78/78/75
f 77/77/74 78/78/75 79/79/76
f 79/79/76 80/80/77 77/77/74
f 57/57/57 77/77/74 80/80/77
f 80/80/77 58/58/58 57/57/57
f 81/81/78 63/63/61 82/82/58
f 82/82/58 83/83/77 81/81/78
f 84/84/79 81/81/78 83/83/77
f 83/83/77 85/85/76 84/84/79
f 81/81/78 84/84/79 86/86/80
f 86/86/80 87/87/81 81/81/78
f 63/63/61 81/81/78 87/87/81
f 87/87/81 64/64/62 63/63/61
f 88/88/82 89/89/83 90/90/84
f 90/90/84 91/91/85 88/88/82
f 92/92/86 88/88/82 91/91/85
f 91/91/85 93/93/87 92/92/86
f 94/94/82 95/95/86 96/96/88
f 96/96/88 97/97/89 94/94/82
f 98/98/83 94/94/82 97/97/89
f 97/97/89 99/99/90 98/98/83
f 100/100/91 92/92/86 93/93/87
f 93/93/87 101/101/92 100/100/91
f 102/102/93 103/103/91 104/104/92
f 104/104/92 105/105/94 102/102/93
f 100/100/91 106/106/93 107/107/95
f 107/107/95 108/108/96 100/100/91
f 92/92/86 100/100/91 108/108/96
f 108/108/96 109/109/88 92/92/86
f 110/110/97 111/111/93 112/112/94
f 112/112/94 113/113/98 110/110/97
f 114/114/99 110/110/97 113/113/98
f 113/113/98 115/115/100 114/114/99
f 110/110/97 114/114/99 116/116/101
f 116/116/101 117/117/102 110/110/97
f 106/106/93 118/118/97 119/119/102
f 119/119/102 107/107/95 106/106/93
f 120/120/103 121/121/99 122/122/100
f 122/122/100 123/123/104 120/120/103
f 124/124/105 120/120/103 123/123/104
f 123/123/104 125/125/106 124/124/105
f 120/120/103 124/124/105 126/126/107
f 126/126/107 127/127/108 120/120/103
f 121/121/99 120/120/103 127/127/108
f 127/127/108 128/128/101 121/121/99
f 129/129/109 130/130/110 131/131/90
f 131/131/90 132/132/89 129/129/109
f 133/133/111 134/134/109 97/97/89
f 97/97/89 96/96/88 133/133/111
f 134/134/109 133/133/111 135/135/112
f 135/135/112 136/136/113 134/134/109
f 137/137/110 134/134/109 136/136/113
f 136/136/113 138/138/114 137/137/110
f 139/139/115 133/133/111 96/96/88
f 96/96/88 140/140/96 139/139/115
f 141/141/116 139/139/115 140/140/96
f 140/140/96 142/142/95 141/141/116
f 139/139/115 141/141/116 143/143/117
f 143/143/117 144/144/118 139/139/115
f 133/133/111 139/139/115 144/144/118
f 144/144/118 135/135/112 133/133/111
f 145/145/119 141/141/116 142/142/95
f 142/142/95 117/117/102 145/145/119
f 146/146/120 145/145/119 117/117/102
f 117/117/102 116/116/101 146/146/120
f 145/145/119 146/146/120 147/147/121
f 147/147/121 148/148/122 145/145/119
f 141/141/116 145/145/119 148/148/122
f 148/148/122 143/143/117 141/141/116
f 149/149/123 150/150/120 128/128/101
f 128/128/101 127/127/108 149/149/123
f 151/151/124 149/149/123 127/127/108
f 127/127/108 126/126/107 151/151/124
f 149/149/123 151/151/124 152/152/125
f 152/152/125 153/153/126 149/149/123
f 146/146/120 154/154/123 155/155/126
f 155/155/126 147/147/121 146/146/120
f 156/156/127 157/157/128 138/138/114
f 138/138/114 136/136/113 156/156/127
f 158/158/129 156/156/127 136/136/113
f 136/136/113 135/135/112 158/158/129
f 156/156/127 158/158/129 159/159/130
f 159/159/130 160/160/131 156/156/127
f 157/157/128 156/156/127 160/160/131
f 160/160/131 161/161/132 157/157/128
f 162/162/133 158/158/129 135/135/112
f 135/135/112 144/144/118 162/162/133
f 163/163/134 162/162/133 144/144/118
f 144/144/118 143/143/117 163/163/134
f 162/162/133 163/163/134 164/164/135
f 164/164/135 165/165/136 162/162/133
f 158/158/129 162/162/133 165/165/136
f 165/165/136 159/159/130 158/158/129
f 166/166/137 163/163/134 143/143/117
f 143/143/117 148/148/122 166/166/137
f 167/167/138 166/166/137 148/148/122
f 148/148/122 147/147/121 167/167/138
f 168/168/137 169/169/138 170/170/139
f 170/170/139 171/171/140 168/168/137
f 172/172/134 168/168/137 171/171/140
f 171/171/140 173/173/135 172/172/134
f 174/174/141 175/175/138 176/176/121
f 176/176/121 153/153/126 174/174/141
f 177/177/142 174/174/141 153/153/126
f 153/153/126 152/152/125 177/177/142
f 174/174/141 177/177/142 178/178/143
f 178/178/143 179/179/144 174/174/141
f 175/175/138 174/174/141 179/179/144
f 179/179/144 180/180/139 175/175/138
f 181/181/145 182/182/146 161/161/132
f 161/161/132 160/160/131 181/181/145
f 183/183/147 181/181/145 160/160/131
f 160/160/131 159/159/130 183/183/147
f 181/181/145 183/183/147 184/184/148
f 184/184/148 185/185/149 181/181/145
f 182/182/146 181/181/145 185/185/149
f 185/185/149 186/186/150 182/182/146
f 187/187/151 183/183/147 159/159/130
f 159/159/130 165/165/136 187/187/151
f 188/188/152 189/189/151 190/190/136
f 190/190/136 173/173/135 188/188/152
f 189/189/151 188/188/152 191/191/153
f 191/191/153 192/192/154 189/189/151
f 183/183/147 187/187/151 193/193/154
f 193/193/154 184/184/148 183/183/147
f 194/194/155 188/188/152 173/173/135
f 173/173/135 171/171/140 194/194/155
f 195/195/156 194/194/155 171/171/140
f 171/171/140 170/170/139 195/195/156
f 194/194/155 195/195/156 196/196/157
f 196/196/157 197/197/158 194/194/155
f 198/198/152 199/199/155 200/200/158
f 200/200/158 201/201/153 198/198/152
f 202/202/159 195/195/156 170/170/139
f 170/170/139 203/203/144 202/202/159
f 204/204/160 205/205/159 179/179/144
f 179/179/144 178/178/143 204/204/160
f 205/205/159 204/204/160 206/206/161
f 206/206/161 207/207/162 205/205/159
f 195/195/156 202/202/159 208/208/162
f 208/208/162 196/196/157 195/195/156
f 209/209/163 210/210/164 3/3/3
f 3/3/3 2/2/2 209/209/163
f 211/211/165 209/209/163 2/2/2
f 2/2/2 9/9/9 211/211/165
f 209/209/163 211/211/165 212/212/166
f 212/212/166 213/213/167 209/209/163
f 210/210/164 209/209/163 213/213/167
f 213/213/167 214/214/168 210/210/164
f 215/215/169 211/211/165 9/9/9
f 9/9/9 11/11/11 215/215/169
f 216/216/170 215/215/169 11/11/11
f 11/11/11 15/15/15 216/216/170
f 215/215/169 216/216/170 217/217/171
f 217/217/171 218/218/172 215/215/169
f 211/211/165 215/215/169 218/218/172
f 218/218/172 212/212/166 211/211/165
f 219/219/173 216/216/170 15/15/15
f 15/15/15 17/17/17 219/219/173
f 220/220/174 219/219/173 17/17/17
f 17/17/17 21/21/21 220/220/174
f 219/219/173 220/220/174 221/221/175
f 221/221/175 222/222/176 219/219/173
f 216/216/170 219/219/173 222/222/176
f 222/222/176 217/217/171 216/216/170
f 223/223/177 220/220/174 21/21/21
f 21/21/21 23/23/23 223/223/177
f 224/224/178 223/223/177 23/23/23
f 23/23/23 27/27/27 224/224/178
f 223/223/177 224/224/178 225/225/179
f 225/225/179 226/226/180 223/223/177
f 220/220/174 223/223/177 226/226/180
f 226/226/180 221/221/175 220/220/174
f 227/227/181 228/228/182 214/214/168
f 214/214/168 213/213/167 227/227/181
f 229/229/183 227/227/181 213/213/167
f 213/213/167 212/212/166 229/229/183
f 230/230/181 231/231/183 232/232/184
f 232/232/184 233/233/185 230/230/181
f 228/228/182 227/227/181 234/234/185
f 234/234/185 235/235/186 228/228/182
f 236/236/187 229/229/183 212/212/166
f 212/212/166 218/218/172 236/236/187
f 237/237/188 236/236/187 218/218/172
f 218/218/172 217/217/171 237/237/188
f 238/238/187 239/239/188 240/240/189
f 240/240/189 241/241/190 238/238/187
f 242/242/183 238/238/187 241/241/190
f 241/241/190 243/243/184 242/242/183
f 244/244/191 237/237/188 217/217/171
f 217/217/171 222/222/176 244/244/191
f 245/245/192 244/244/191 222/222/176
f 222/222/176 221/221/175 245/245/192
f 244/244/191 245/245/192 246/246/193
f 246/246/193 247/247/194 244/244/191
f 237/237/188 244/244/191 247/247/194
f 247/247/194 248/248/189 237/237/188
f 249/249/195 245/245/192 221/221/175
f 221/221/175 226/226/180 249/249/195
f 250/250/196 249/249/195 226/226/180
f 226/226/180 225/225/179 250/250/196
f 251/251/195 252/252/196 253/253/197
f 253/253/197 254/254/198 251/251/195
f 255/255/192 251/251/195 254/254/198
f 254/254/198 256/256/193 255/255/192
f 257/257/199 258/258/200 259/259/186
f 259/259/186 260/260/185 257/257/199
f 261/261/201 262/262/199 233/233/185
f 233/233/185 232/232/184 261/261/201
f 257/257/199 263/263/201 264/264/202
f 264/264/202 265/265/203 257/257/199
f 258/258/200 257/257/199 265/265/203
f 265/265/203 266/266/204 258/258/200
f 267/267/205 263/263/201 243/243/184
f 243/243/184 241/241/190 267/267/205
f 268/268/206 267/267/205 241/241/190
f 241/241/190 240/240/189 268/268/206
f 267/267/205 268/268/206 269/269/207
f 269/269/207 270/270/208 267/267/205
f 263/263/201 267/267/205 270/270/208
f 270/270/208 264/264/202 263/263/201
f 271/271/209 268/268/206 240/240/189
f 240/240/189 272/272/194 271/271/209
f 273/273/210 274/274/209 275/275/194
f 275/275/194 256/256/193 273/273/210
f 274/274/209 273/273/210 276/276/211
f 276/276/211 277/277/212 274/274/209
f 268/268/206 271/271/209 278/278/212
f 278/278/212 269/269/207 268/268/206
f 279/279/213 273/273/210 256/256/193
f 256/256/193 254/254/198 279/279/213
f 280/280/214 279/279/213 254/254/198
f 254/254/198 253/253/197 280/280/214
f 279/279/213 280/280/214 281/281/215
f 281/281/215 282/282/216 279/279/213
f 273/273/210 279/279/213 282/282/216
f 282/282/216 276/276/211 273/273/210
f 283/283/217 284/284/218 266/266/204
f 266/266/204 265/265/203 283/283/217
f 285/285/219 283/283/217 265/265/203
f 265/265/203 264/264/202 285/285/219
f 283/283/217 285/285/219 93/93/87
f 93/93/87 91/91/85 283/283/217
f 284/284/218 283/283/217 91/91/85
f 91/91/85 90/90/84 284/284/218
f 286/286/220 285/285/219 264/264/202
f 264/264/202 270/270/208 286/286/220
f 287/287/221 288/288/220 289/289/208
f 289/289/208 290/290/207 287/287/221
f 286/286/220 291/291/221 292/292/94
f 292/292/94 101/101/92 286/286/220
f 285/285/219 286/286/220 101/101/92
f 101/101/92 93/93/87 285/285/219
f 293/293/222 287/287/221 290/290/207
f 290/290/207 294/294/212 293/293/222
f 295/295/223 293/293/222 294/294/212
f 294/294/212 296/296/211 295/295/223
f 297/297/222 298/298/223 299/299/100
f 299/299/100 300/300/98 297/297/222
f 287/287/221 293/293/222 113/113/98
f 113/113/98 112/112/94 287/287/221
f 301/301/224 302/302/223 276/276/211
f 276/276/211 282/282/216 301/301/224
f 303/303/225 301/301/224 282/282/216
f 282/282/216 281/281/215 303/303/225
f 301/301/224 303/303/225 125/125/106
f 125/125/106 123/123/104 301/301/224
f 298/298/223 304/304/224 305/305/104
f 305/305/104 299/299/100 298/298/223
f 306/306/226 224/224/178 27/27/27
f 27/27/27 26/26/26 306/306/226
f 307/307/227 308/308/226 309/309/26
f 309/309/26 310/310/25 307/307/227
f 308/308/226 307/307/227 311/311/228
f 311/311/228 312/312/229 308/308/226
f 313/313/178 308/308/226 312/312/229
f 312/312/229 314/314/179 313/313/178
f 315/315/230 307/307/227 310/310/25
f 310/310/25 316/316/45 315/315/230
f 317/317/231 315/315/230 316/316/45
f 316/316/45 318/318/44 317/317/231
f 315/315/230 317/317/231 319/319/232
f 319/319/232 320/320/233 315/315/230
f 307/307/227 315/315/230 320/320/233
f 320/320/233 311/311/228 307/307/227
f 321/321/234 317/317/231 318/318/44
f 318/318/44 65/65/63 321/321/234
f 322/322/235 323/323/234 324/324/63
f 324/324/63 325/325/62 322/322/235
f 323/323/234 322/322/235 326/326/236
f 326/326/236 327/327/237 323/323/234
f 317/317/231 321/321/234 328/328/237
f 328/328/237 319/319/232 317/317/231
f 329/329/238 330/330/235 64/64/62
f 64/64/62 87/87/81 329/329/238
f 331/331/239 329/329/238 87/87/81
f 87/87/81 86/86/80 331/331/239
f 329/329/238 331/331/239 332/332/240
f 332/332/240 333/333/241 329/329/238
f 330/330/235 329/329/238 333/333/241
f 333/333/241 334/334/236 330/330/235
f 335/335/242 252/252/196 314/314/179
f 314/314/179 312/312/229 335/335/242
f 336/336/243 335/335/242 312/312/229
f 312/312/229 311/311/228 336/336/243
f 335/335/242 336/336/243 337/337/244
f 337/337/244 338/338/245 335/335/242
f 252/252/196 335/335/242 338/338/245
f 338/338/245 253/253/197 252/252/196
f 339/339/246 336/336/243 311/311/228
f 311/311/228 320/320/233 339/339/246
f 340/340/247 339/339/246 320/320/233
f 320/320/233 319/319/232 340/340/247
f 339/339/246 340/340/247 341/341/248
f 341/341/248 342/342/249 339/339/246
f 336/336/243 339/339/246 342/342/249
f 342/342/249 337/337/244 336/336/243
f 343/343/250 340/340/247 319/319/232
f 319/319/232 328/328/237 343/343/250
f 344/344/251 345/345/250 327/327/237
f 327/327/237 326/326/236 344/344/251
f 345/345/250 344/344/251 346/346/252
f 346/346/252 347/347/253 345/345/250
f 340/340/247 343/343/250 348/348/253
f 348/348/253 341/341/248 340/340/247
f 349/349/254 350/350/251 334/334/236
f 334/334/236 333/333/241 349/349/254
f 351/351/255 349/349/254 333/333/241
f 333/333/241 332/332/240 351/351/255
f 349/349/254 351/351/255 352/352/256
f 352/352/256 353/353/257 349/349/254
f 350/350/251 349/349/254 353/353/257
f 353/353/257 354/354/252 350/350/251
f 355/355/258 280/280/214 253/253/197
f 253/253/197 338/338/245 355/355/258
f 356/356/259 355/355/258 338/338/245
f 338/338/245 337/337/244 356/356/259
f 355/355/258 356/356/259 357/357/260
f 357/357/260 358/358/261 355/355/258
f 280/280/214 355/355/258 358/358/261
f 358/358/261 281/281/215 280/280/214
f 359/359/262 356/356/259 337/337/244
f 337/337/244 342/342/249 359/359/262
f 360/360/263 359/359/262 342/342/249
f 342/342/249 341/341/248 360/360/263
f 359/359/262 360/360/263 361/361/264
f 361/361/264 362/362/265 359/359/262
f 356/356/259 359/359/262 362/362/265
f 362/362/265 357/357/260 356/356/259
f 363/363/266 360/360/263 341/341/248
f 341/341/248 348/348/253 363/363/266
f 364/364/267 365/365/266 347/347/253
f 347/347/253 346/346/252 364/364/267
f 365/365/266 364/364/267 366/366/268
f 366/366/268 367/367/269 365/365/266
f 360/360/263 363/363/266 368/368/269
f 368/368/269 361/361/264 360/360/263
f 369/369/270 370/370/267 354/354/252
f 354/354/252 353/353/257 369/369/270
f 371/371/271 369/369/270 353/353/257
f 353/353/257 352/352/256 371/371/271
f 369/369/270 371/371/271 372/372/272
f 372/372/272 373/373/273 369/369/270
f 370/370/267 369/369/270 373/373/273
f 373/373/273 374/374/268 370/370/267
f 375/375/274 303/303/225 281/281/215
f 281/281/215 358/358/261 375/375/274
f 376/376/275 375/375/274 358/358/261
f 358/358/261 357/357/260 376/376/275
f 375/375/274 376/376/275 126/126/107
f 126/126/107 124/124/105 375/375/274
f 303/303/225 375/375/274 124/124/105
f 124/124/105 125/125/106 303/303/225
f 377/377/276 376/376/275 357/357/260
f 357/357/260 362/362/265 377/377/276
f 378/378/277 377/377/276 362/362/265
f 362/362/265 361/361/264 378/378/277
f 377/377/276 378/378/277 152/152/125
f 152/152/125 151/151/124 377/377/276
f 376/376/275 377/377/276 151/151/124
f 151/151/124 126/126/107 376/376/275
f 379/379/278 380/380/277 381/381/264
f 381/381/264 367/367/269 379/379/278
f 382/382/279 383/383/278 368/368/269
f 368/368/269 374/374/268 382/382/279
f 383/383/278 382/382/279 178/178/143
f 178/178/143 177/177/142 383/383/278
f 380/380/277 379/379/278 384/384/142
f 384/384/142 385/385/125 380/380/277
f 386/386/280 382/382/279 374/374/268
f 374/374/268 373/373/273 386/386/280
f 387/387/281 386/386/280 373/373/273
f 373/373/273 372/372/272 387/387/281
f 386/386/280 387/387/281 206/206/161
f 206/206/161 204/204/160 386/386/280
f 382/382/279 386/386/280 204/204/160
f 204/204/160 178/178/143 382/382/279
f 388/388/282 331/331/239 86/86/80
f 86/86/80 84/84/79 388/388/282
f 389/389/283 388/388/282 84/84/79
f 84/84/79 85/85/76 389/389/283
f 388/388/282 389/389/283 390/390/284
f 390/390/284 391/391/285 388/388/282
f 331/331/239 388/388/282 391/391/285
f 391/391/285 332/332/240 331/331/239
f 392/392/286 389/389/283 85/85/76
f 85/85/76 393/393/75 392/392/286
f 394/394/287 395/395/286 78/78/75
f 78/78/75 75/75/72 394/394/287
f 395/395/286 394/394/287 396/396/288
f 396/396/288 397/397/289 395/395/286
f 389/389/283 392/392/286 398/398/289
f 398/398/289 390/390/284 389/389/283
f 399/399/290 394/394/287 75/75/72
f 75/75/72 74/74/71 399/399/290
f 400/400/291 399/399/290 74/74/71
f 74/74/71 71/71/68 400/400/291
f 399/399/290 400/400/291 401/401/292
f 401/401/292 402/402/293 399/399/290
f 394/394/287 399/399/290 402/402/293
f 402/402/293 396/396/288 394/394/287
f 403/403/294 400/400/291 71/71/68
f 71/71/68 69/69/66 403/403/294
f 404/404/295 403/403/294 69/69/66
f 69/69/66 70/70/67 404/404/295
f 403/403/294 404/404/295 405/405/296
f 405/405/296 406/406/297 403/403/294
f 400/400/291 403/403/294 406/406/297
f 406/406/297 401/401/292 400/400/291
f 407/407/298 351/351/255 332/332/240
f 332/332/240 391/391/285 407/407/298
f 408/408/299 407/407/298 391/391/285
f 391/391/285 390/390/284 408/408/299
f 407/407/298 408/408/299 409/409/300
f 409/409/300 410/410/301 407/407/298
f 351/351/255 407/407/298 410/410/301
f 410/410/301 352/352/256 351/351/255
f 411/411/302 412/412/299 413/413/284
f 413/413/284 414/414/289 411/411/302
f 415/415/303 411/411/302 414/414/289
f 414/414/289 416/416/288 415/415/303
f 411/411/302 415/415/303 417/417/304
f 417/417/304 418/418/305 411/411/302
f 412/412/299 411/411/302 418/418/305
f 418/418/305 419/419/300 412/412/299
f 420/420/306 415/415/303 416/416/288
f 416/416/288 421/421/293 420/420/306
f 422/422/307 420/420/306 421/421/293
f 421/421/293 423/423/292 422/422/307
f 420/420/306 422/422/307 424/424/308
f 424/424/308 425/425/309 420/420/306
f 415/415/303 420/420/306 425/425/309
f 425/425/309 417/417/304 415/415/303
f 426/426/310 422/422/307 423/423/292
f 423/423/292 427/427/297 426/426/310
f 428/428/311 429/429/310 430/430/297
f 430/430/297 431/431/296 428/428/311
f 432/432/310 433/433/311 434/434/312
f 434/434/312 435/435/313 432/432/310
f 436/436/307 432/432/310 435/435/313
f 435/435/313 437/437/308 436/436/307
f 438/438/314 371/371/271 352/352/256
f 352/352/256 410/410/301 438/438/314
f 439/439/315 438/438/314 410/410/301
f 410/410/301 409/409/300 439/439/315
f 438/438/314 439/439/315 440/440/316
f 440/440/316 441/441/317 438/438/314
f 371/371/271 438/438/314 441/441/317
f 441/441/317 372/372/272 371/371/271
f 442/442/318 443/443/315 419/419/300
f 419/419/300 418/418/305 442/442/318
f 444/444/319 442/442/318 418/418/305
f 418/418/305 417/417/304 444/444/319
f 442/442/318 444/444/319 445/445/320
f 445/445/320 446/446/321 442/442/318
f 443/443/315 442/442/318 446/446/321
f 446/446/321 447/447/316 443/443/315
f 448/448/322 444/444/319 417/417/304
f 417/417/304 425/425/309 448/448/322
f 449/449/323 448/448/322 425/425/309
f 425/425/309 424/424/308 449/449/323
f 448/448/322 449/449/323 450/450/324
f 450/450/324 451/451/325 448/448/322
f 444/444/319 448/448/322 451/451/325
f 451/451/325 445/445/320 444/444/319
f 452/452/326 449/449/323 424/424/308
f 424/424/308 453/453/313 452/452/326
f 454/454/327 455/455/326 456/456/313
f 456/456/313 457/457/312 454/454/327
f 452/452/326 458/458/327 459/459/328
f 459/459/328 460/460/329 452/452/326
f 449/449/323 452/452/326 460/460/329
f 460/460/329 450/450/324 449/449/323
f 461/461/330 387/387/281 372/372/272
f 372/372/272 441/441/317 461/461/330
f 462/462/331 463/463/330 464/464/317
f 464/464/317 447/447/316 462/462/331
f 463/463/330 462/462/331 196/196/157
f 196/196/157 208/208/162 463/463/330
f 387/387/281 461/461/330 207/207/162
f 207/207/162 206/206/161 387/387/281
f 465/465/332 466/466/331 467/467/316
f 467/467/316 468/468/321 465/465/332
f 469/469/333 465/465/332 468/468/321
f 468/468/321 470/470/320 469/469/333
f 471/471/332 472/472/333 191/191/153
f 191/191/153 197/197/158 471/471/332
f 473/473/331 474/474/332 475/475/158
f 475/475/158 476/476/157 473/473/331
f 477/477/334 469/469/333 470/470/320
f 470/470/320 478/478/325 477/477/334
f 479/479/335 477/477/334 478/478/325
f 478/478/325 480/480/324 479/479/335
f 477/477/334 479/479/335 184/184/148
f 184/184/148 193/193/154 477/477/334
f 472/472/333 481/481/334 192/192/154
f 192/192/154 191/191/153 472/472/333
f 482/482/336 479/479/335 480/480/324
f 480/480/324 483/483/329 482/482/336
f 484/484/337 482/482/336 483/483/329
f 483/483/329 485/485/328 484/484/337
f 482/482/336 484/484/337 186/186/150
f 186/186/150 185/185/149 482/482/336
f 479/479/335 482/482/336 185/185/149
f 185/185/149 184/184/148 479/479/335
f 486/486/338 404/404/295 70/70/67
f 70/70/67 68/68/65 486/486/338
f 487/487/339 486/486/338 68/68/65
f 68/68/65 49/49/49 487/487/339
f 486/486/338 487/487/339 488/488/340
f 488/488/340 489/489/341 486/486/338
f 490/490/295 491/491/338 492/492/341
f 492/492/341 493/493/296 490/490/295
f 494/494/342 487/487/339 49/49/49
f 49/49/49 47/47/47 494/494/342
f 495/495/343 494/494/342 47/47/47
f 47/47/47 31/31/31 495/495/343
f 494/494/342 495/495/343 496/496/344
f 496/496/344 497/497/345 494/494/342
f 487/487/339 494/494/342 497/497/345
f 497/497/345 488/488/340 487/487/339
f 498/498/346 495/495/343 31/31/31
f 31/31/31 29/29/29 498/498/346
f 499/499/347 498/498/346 29/29/29
f 29/29/29 6/6/6 499/499/347
f 498/498/346 499/499/347 500/500/348
f 500/500/348 501/501/349 498/498/346
f 495/495/343 498/498/346 501/501/349
f 501/501/349 496/496/344 495/495/343
f 502/502/350 499/499/347 6/6/6
f 6/6/6 4/4/4 502/502/350
f 210/210/164 502/502/350 4/4/4
f 4/4/4 3/3/3 210/210/164
f 502/502/350 210/210/164 214/214/168
f 214/214/168 503/503/351 502/502/350
f 499/499/347 502/502/350 503/503/351
f 503/503/351 500/500/348 499/499/347
f 504/504/352 428/428/311 431/431/296
f 431/431/296 505/505/341 504/504/352
f 506/506/353 507/507/352 492/492/341
f 492/492/341 508/508/340 506/506/353
f 509/509/352 510/510/353 511/511/354
f 511/511/354 512/512/355 509/509/352
f 433/433/311 509/509/352 512/512/355
f 512/512/355 434/434/312 433/433/311
f 513/513/356 514/514/353 515/515/340
f 515/515/340 516/516/345 513/513/356
f 517/517/357 513/513/356 516/516/345
f 516/516/345 518/518/344 517/517/357
f 513/513/356 517/517/357 519/519/358
f 519/519/358 520/520/359 513/513/356
f 510/510/353 521/521/356 522/522/359
f 522/522/359 511/511/354 510/510/353
f 523/523/360 524/524/357 496/496/344
f 496/496/344 501/501/349 523/523/360
f 525/525/361 523/523/360 501/501/349
f 501/501/349 500/500/348 525/525/361
f 523/523/360 525/525/361 526/526/362
f 526/526/362 527/527/363 523/523/360
f 517/517/357 528/528/360 529/529/363
f 529/529/363 519/519/358 517/517/357
f 530/530/364 525/525/361 500/500/348
f 500/500/348 503/503/351 530/530/364
f 228/228/182 530/530/364 503/503/351
f 503/503/351 214/214/168 228/228/182
f 530/530/364 228/228/182 235/235/186
f 235/235/186 531/531/365 530/530/364
f 525/525/361 530/530/364 531/531/365
f 531/531/365 526/526/362 525/525/361
f 532/532/366 454/454/327 457/457/312
f 457/457/312 533/533/355 532/532/366
f 534/534/367 532/532/366 533/533/355
f 533/533/355 535/535/354 534/534/367
f 532/532/366 534/534/367 536/536/368
f 536/536/368 537/537/369 532/532/366
f 454/454/327 532/532/366 537/537/369
f 537/537/369 538/538/328 454/454/327
f 539/539/370 534/534/367 535/535/354
f 535/535/354 520/520/359 539/539/370
f 540/540/371 539/539/370 520/520/359
f 520/520/359 519/519/358 540/540/371
f 539/539/370 540/540/371 541/541/372
f 541/541/372 542/542/373 539/539/370
f 534/534/367 539/539/370 542/542/373
f 542/542/373 536/536/368 534/534/367
f 543/543/374 540/540/371 519/519/358
f 519/519/358 529/529/363 543/543/374
f 544/544/375 545/545/374 527/527/363
f 527/527/363 526/526/362 544/544/375
f 543/543/374 546/546/375 547/547/376
f 547/547/376 548/548/377 543/543/374
f 540/540/371 543/543/374 548/548/377
f 548/548/377 541/541/372 540/540/371
f 549/549/378 544/544/375 526/526/362
f 526/526/362 531/531/365 549/549/378
f 550/550/200 549/549/378 531/531/365
f 531/531/365 235/235/186 550/550/200
f 551/551/378 258/258/200 266/266/204
f 266/266/204 552/552/379 551/551/378
f 546/546/375 553/553/378 554/554/379
f 554/554/379 547/547/376 546/546/375
f 555/555/380 484/484/337 485/485/328
f 485/485/328 556/556/369 555/555/380
f 557/557/381 558/558/380 537/537/369
f 537/537/369 536/536/368 557/557/381
f 555/555/380 559/559/381 161/161/132
f 161/161/132 182/182/146 555/555/380
f 484/484/337 555/555/380 182/182/146
f 182/182/146 186/186/150 484/484/337
f 560/560/382 557/557/381 536/536/368
f 536/536/368 542/542/373 560/560/382
f 561/561/383 560/560/382 542/542/373
f 542/542/373 541/541/372 561/561/383
f 560/560/382 561/561/383 562/562/114
f 562/562/114 563/563/128 560/560/382
f 557/557/381 560/560/382 563/563/128
f 563/563/128 564/564/132 557/557/381
f 565/565/384 561/561/383 541/541/372
f 541/541/372 548/548/377 565/565/384
f 566/566/385 565/565/384 548/548/377
f 548/548/377 547/547/376 566/566/385
f 565/565/384 566/566/385 131/131/90
f 131/131/90 130/130/110 565/565/384
f 561/561/383 565/565/384 130/130/110
f 130/130/110 562/562/114 561/561/383
f 567/567/386 566/566/385 547/547/376
f 547/547/376 554/554/379 567/567/386
f 284/284/218 568/568/386 552/552/379
f 552/552/379 266/266/204 284/284/218
f 568/568/386 284/284/218 90/90/84
f 90/90/84 89/89/83 568/568/386
f 566/566/385 567/567/386 569/569/83
f 569/569/83 131/131/90 566/566/385
# Vertices: 569, normals: 386, texture coordinates: 569, faces: 768

o obj2
v 23.4625105 89.100219 19.0709796
v 1.6509475 101.874249 18.59831503
v 2.6422275 101.005579 30.11125922
v 56.5678475 72.314629 25.58917224
v 0.4334275 -36.181151 -4.09688534
v 9.6148575 -50.930681 -4.02132605
v 2.6456875 -85.960071 5.69169004
v -17.1546725 -79.871551 6.31685342
v 7.1062675 64.897229 52.06045082
v -9.6765425 66.729749 53.44594685
v -16.3186125 43.488819 63.62413834
v 2.9343275 46.216719 64.97665395
v -77.1580025 54.156709 33.17403369
v -70.7343125 73.879209 32.22175408
v -59.8925225 65.044809 20.57361319
v -73.5520625 53.118029 19.50600084
v 79.1054275 7.00927 4.46730218
v 80.8672975 -7.183161 4.35447314
v 65.9631775 -17.071011 -3.71506177
v 76.1570275 20.154869 -2.61264168
v 23.7718715 -44.458421 77.84840043
v -4.7759325 -50.320181 84.44240088
v 0.8751275 -73.178281 64.18346704
v 21.1842625 -51.852351 64.91444536
v -97.9388725 7.490623 34.18672255
v -68.1523225 -14.994381 20.30526597
v -88.8503725 -19.519321 33.46068142
v 77.8557575 -50.549281 20.88065151
v 79.2050675 -52.221701 12.75489903
v 80.9972175 -22.935671 28.93914851
v 76.4048675 -46.850191 35.01902845
v 80.7446975 -10.664071 59.92821321
v 49.4602675 -17.360331 75.80659833
v 64.1540375 -32.020331 63.17721299
v 23.2413425 6.943262 -11.33127272
v 46.4024375 -6.103731 -7.65271553
v 11.1554805 -15.939851 -5.52901642
v -23.2408825 106.026829 18.52268277
v 1.6509475 101.874249 18.59831503
v 3.4455875 96.250369 6.66285165
v -31.1649525 78.344499 11.448409
v -46.0237125 -62.612251 71.39752362
v -54.8326525 -45.433411 78.25988774
v 25.7201715 33.267579 75.42659932
v -16.3186125 43.488819 63.62413834
v -26.0148425 6.0678521 74.99344323
v 67.3641475 38.718329 7.0197885
v 65.5748775 48.418189 6.172106
v 69.8934575 53.085189 18.43017081
v 71.1543075 41.590699 19.49689995
v 66.7548675 35.694529 49.21706858
v 63.5152875 26.903959 60.44656324
v 80.2039975 8.149998 58.56368378
v 72.4891375 -52.493071 50.80809432
v 59.6168975 -66.570211 48.10718841
v 49.0961075 -100.057671 32.86007233
v 76.6703875 -64.455011 37.36871369
v 59.6168975 -66.570211 48.10718841
v 38.8695875 -66.538501 49.56583164
v 21.8526355 -90.661381 45.9436407
v 49.0961075 -100.057671 32.86007233
v -72.7242525 -62.721801 30.99128031
v -84.7898725 -44.991201 32.38887246
v -68.1523225 -14.994381 20.30526597
v -44.7508025 -41.976941 11.16249636
v 22.9383005 20.240789 -11.65348467
v 0.8216675 -4.153797 -1.52269349
v -2.0135425 18.918739 -8.42634019
v -0.9510725 -100.326271 18.12802031
v 49.3713475 -100.613871 18.7484001
v 23.4967205 -105.801371 33.695357
v -1.1431025 -95.517271 32.65664367
v -74.5989225 -40.265071 45.73237836
v -71.9734025 -62.171721 44.37293972
v -62.8478825 -61.002281 66.2038198
v -73.6064125 -18.207831 72.27497189
v 89.1575875 -9.733161 20.50874401
v 80.8672975 -7.183161 4.35447314
v 68.5756575 30.677949 43.27076704
v 72.8401875 30.874689 32.34216116
v 84.6123275 7.741535 50.6325169
v -25.3185525 32.503309 -7.53326846
v 9.3696275 44.400099 -8.60503353
v 54.7314175 69.545029 9.65564421
v 64.0457375 61.605639 10.50131892
v 47.4733375 50.944799 -5.77866266
v -14.9851025 -12.976411 2.16186019
v -36.7540925 -7.979371 6.15386583
v -25.1893525 19.768279 -7.69476392
v -48.4177725 56.301219 11.75718082
v -47.5560425 40.867889 0.785137
v -73.5520625 53.118029 19.50600084
v -59.8925225 65.044809 20.57361319
v -92.9278725 34.871349 34.01990589
v -79.4394825 6.905645 59.94258592
v -80.6261725 31.030619 47.20765993
v -80.8670725 -18.084201 60.52753315
v 23.0366895 -51.258381 -3.57591257
v 34.4398075 -47.245411 -0.54128408
v 57.5339575 -69.242211 10.98721516
v 24.3499145 -87.432681 6.00638101
v 71.8668975 -30.743151 0.65986953
v 80.2039975 8.149998 58.56368378
v 47.4582075 29.940979 67.81987161
v -29.9009025 -19.421851 79.52786769
v -4.4942525 -20.873761 83.61256906
v -65.6279825 69.521699 43.76439272
v -45.6867125 59.283219 57.48375588
v -13.6256025 84.329699 49.49234432
v -39.5801825 94.941509 41.96100201
v -53.6783225 82.830639 41.75407343
v -58.3015625 -75.060731 30.29303007
v -24.7025125 -94.413071 31.73551224
v -18.7192525 -78.428861 53.69233454
v -38.3116625 -77.829361 52.94791061
v 64.6593075 47.918289 30.20094052
v 77.7098875 33.088289 19.4474348
v 57.4531875 74.899889 17.52172248
v 8.8665975 55.540929 -6.53360829
v -38.5045225 22.320689 -6.13201182
v -27.9126625 56.666529 -1.57270447
v -13.2153225 50.554919 -3.76221796
v 38.1789975 21.701279 -14.76701894
v 62.1838575 20.128889 -10.4245908
v 50.3968775 33.401659 -11.21394864
v 21.1842625 -51.852351 64.91444536
v 38.3721275 -57.926601 55.74279319
v 64.1540375 -32.020331 63.17721299
v 78.8551875 -35.192731 48.05233075
v -28.8860125 -44.819861 5.06098933
v -37.1298925 -53.032531 11.37604626
v 37.7573975 57.121459 -9.21367379
v 39.9881375 71.156069 1.18070187
v -11.9535925 76.777659 1.63449705
v 5.7391775 85.582749 -2.2897879
v 23.8986685 67.656309 -5.2051571
v -7.0377825 66.054559 -3.4044193
v 70.0802475 19.571839 -6.98836184
v 65.9631775 -17.071011 -3.71506177
v 42.7782875 -35.613321 -1.65589886
v 66.1745875 -28.880261 -3.82210881
v 66.7259775 -39.950101 1.44316944
v 72.9888975 -46.321951 6.25655388
v 87.3966175 -8.625321 52.31025614
v 98.3011675 7.376625 28.13311394
v 88.8992475 22.757579 26.87608906
v 80.3429275 20.594569 34.21164438
v 96.5756475 7.727827 36.77929007
v -13.5665125 -28.846011 1.7938591
v -47.1730025 -26.913431 11.79115965
v 38.3297475 61.355649 47.958003
v 37.9388675 65.586209 41.80725244
v -9.6765425 66.729749 53.44594685
v 47.4582075 29.940979 67.81987161
v 63.5152875 26.903959 60.44656324
v 64.9528275 47.250089 46.36308236
v 37.4294075 49.769329 51.84894162
v -53.3417125 25.936749 -2.03346
v -55.8227625 -12.073941 9.97748313
v -46.0237125 -62.612251 71.39752362
v -54.8326525 -45.433411 78.25988774
v -43.1644725 27.694219 69.79222392
v -65.1182225 6.4240138 68.03825995
v -60.7774025 -20.934551 82.99662725
v 71.1543075 41.590699 19.49689995
v 77.7098875 33.088289 19.4474348
v 87.2937175 22.573849 9.67433421
v 67.3641475 38.718329 7.0197885
v 49.3713475 -100.613871 18.7484001
v 64.2162675 -81.367011 20.21782286
v 38.3721275 -57.926601 55.74279319
v 60.3272375 -60.401171 55.38237836
v -18.8387325 97.631669 41.94791297
v -23.2408825 106.026829 18.52268277
v 4.6509575 86.834089 39.91390614
v -72.7242525 -62.721801 30.99128031
v -57.7631325 -74.286701 42.30634195
v -71.9734025 -62.171721 44.37293972
v -47.8114625 -64.075321 19.31152495
v -58.3015625 -75.060731 30.29303007
v 98.3011675 7.376625 28.13311394
v 96.5756475 7.727827 36.77929007
v 90.3378675 -9.267001 37.2518559
v 63.7186875 55.899869 42.55153375
v 62.7902275 59.472559 31.04704312
v 46.8579975 51.754199 43.64520897
v -0.3096125 -90.038861 45.15841364
v 21.0095913 -63.328871 59.08258239
v 1.1158575 -78.878141 54.37019968
v -33.6347325 61.084599 4.97729464
v -51.7261725 79.804619 20.44492261
v -43.8520725 100.407249 19.03298518
v -43.8520725 100.407249 19.03298518
v -51.7261725 79.804619 20.44492261
v -59.3526625 88.483479 31.55549683
v -39.5801825 94.941509 41.96100201
v 75.6385175 -65.653031 28.86827241
v 79.0905775 -50.127661 28.0466473
v 49.2874075 44.018319 -9.67182851
v 23.4950835 49.400319 -13.13549179
v 57.5930575 40.807419 0.13954249
v -65.6279825 69.521699 43.76439272
v -60.9411225 27.672889 65.90440669
v -52.0857525 44.445349 61.1452304
v -65.1182225 6.4240138 68.03825995
v 76.1570275 20.154869 -2.61264168
v 71.6312475 30.291769 5.93513188
v 71.6312475 30.291769 5.93513188
v 70.0802475 19.571839 -6.98836184
v 2.6456875 -85.960071 5.69169004
v 24.3499145 -87.432681 6.00638101
v 49.3713475 -100.613871 18.7484001
v -54.8326525 -45.433411 78.25988774
v -4.7759325 -50.320181 84.44240088
v -73.5520625 53.118029 19.50600084
v -81.6342725 32.006459 18.97266918
v -47.5560425 40.867889 0.785137
v -48.4177725 56.301219 11.75718082
v -27.9126625 56.666529 -1.57270447
v -38.5045225 22.320689 -6.13201182
v 32.0184275 -26.265291 -3.597984
v 22.6070665 -38.425781 -4.93332532
v 72.9888975 -46.321951 6.25655388
v 24.8156115 7.703566 79.93622812
v 23.7229105 -19.451311 80.57542957
v 23.7718715 -44.458421 77.84840043
v 87.5757375 6.510953 20.0053756
v 77.7098875 33.088289 19.4474348
v 93.9894375 24.084129 17.90402002
v -24.8545125 64.792119 53.09600984
v 4.6509575 86.834089 39.91390614
v -18.8387325 97.631669 41.94791297
v -9.6765425 66.729749 53.44594685
v 23.1967335 80.822589 9.69931639
v 3.4455875 96.250369 6.66285165
v 24.5446105 78.941189 -0.62787893
v 24.8084155 49.418359 65.62145088
v 25.7201715 33.267579 75.42659932
v 23.6971805 58.752909 -9.42623625
v 37.7573975 57.121459 -9.21367379
v 24.5446105 78.941189 -0.62787893
v 39.9881375 71.156069 1.18070187
v 37.7573975 57.121459 -9.21367379
v 23.8986685 67.656309 -5.2051571
v -34.1294425 -72.033821 19.73545397
v -47.8114625 -64.075321 19.31152495
v -37.1298925 -53.032531 11.37604626
v -17.1546725 -79.871551 6.31685342
v -23.0667525 -91.682021 18.12998421
v -27.9126625 56.666529 -1.57270447
v 57.5339575 -69.242211 10.98721516
v 70.1794575 -62.451941 12.248881
v 80.7446975 -10.664071 59.92821321
v 64.1540375 -32.020331 63.17721299
v -62.8478825 -61.002281 66.2038198
v -54.0511225 -70.443201 52.50279556
v -19.1390425 -72.632081 63.4258279
v 38.3297475 61.355649 47.958003
v 46.8579975 51.754199 43.64520897
v 62.7902275 59.472559 31.04704312
v 37.9388675 65.586209 41.80725244
v 57.4531875 74.899889 17.52172248
v 56.5678475 72.314629 25.58917224
v 23.2044175 55.481809 56.19558831
v 24.8084155 49.418359 65.62145088
v -52.0857525 44.445349 61.1452304
v -43.1644725 27.694219 69.79222392
v -60.9411225 27.672889 65.90440669
v -65.1182225 6.4240138 68.03825995
v -60.7774025 -20.934551 82.99662725
v 56.2507575 -17.306811 -5.56963303
v 70.1794575 -62.451941 12.248881
v 79.2050675 -52.221701 12.75489903
v 71.8668975 -30.743151 0.65986953
v 21.8526355 -90.661381 45.9436407
v 21.0095913 -63.328871 59.08258239
v 1.1158575 -78.878141 54.37019968
v -0.3096125 -90.038861 45.15841364
v -17.1546725 -79.871551 6.31685342
v -23.0667525 -91.682021 18.12998421
v -84.7898725 -44.991201 32.38887246
v -72.7242525 -62.721801 30.99128031
v 50.3968775 33.401659 -11.21394864
v 49.2874075 44.018319 -9.67182851
v 62.1838575 20.128889 -10.4245908
v 2.9343275 46.216719 64.97665395
v -47.8114625 -64.075321 19.31152495
v -34.1294425 -72.033821 19.73545397
v -55.8227625 -12.073941 9.97748313
v -53.3417125 25.936749 -2.03346
v 72.8401875 30.874689 32.34216116
v 80.3429275 20.594569 34.21164438
v 88.8992475 22.757579 26.87608906
v 49.0961075 -100.057671 32.86007233
v 63.7186875 55.899869 42.55153375
v 46.8579975 51.754199 43.64520897
v 64.9528275 47.250089 46.36308236
v 64.9528275 47.250089 46.36308236
v 63.7186875 55.899869 42.55153375
v 60.3272375 -60.401171 55.38237836
v 54.2768375 67.611429 33.09614678
v 62.7902275 59.472559 31.04704312
v 5.7391775 85.582749 -2.2897879
v 54.7314175 69.545029 9.65564421
v 80.8672975 -7.183161 4.35447314
v 71.8668975 -30.743151 0.65986953
v -79.4394825 6.905645 59.94258592
v -80.6261725 31.030619 47.20765993
v 70.1794575 -62.451941 12.248881
v 84.6123275 7.741535 50.6325169
v -18.8387325 97.631669 41.94791297
v 87.2937175 22.573849 9.67433421
v 93.9894375 24.084129 17.90402002
v -11.9535925 76.777659 1.63449705
v -31.1649525 78.344499 11.448409
v 57.5930575 40.807419 0.13954249
v -43.1644725 27.694219 69.79222392
v 24.8084155 49.418359 65.62145088
v -47.5560425 40.867889 0.785137
v -59.3526625 88.483479 31.55549683
v -53.6783225 82.830639 41.75407343
v -53.6783225 82.830639 41.75407343
v 54.2768375 67.611429 33.09614678
v 63.5152875 26.903959 60.44656324
v 66.1745875 -28.880261 -3.82210881
v -47.1730025 -26.913431 11.79115965
v 79.0905775 -50.127661 28.0466473
v 77.8557575 -50.549281 20.88065151
v 76.4048675 -46.850191 35.01902845
v 38.8695875 -66.538501 49.56583164
v 21.1842625 -51.852351 64.91444536
v 0.8751275 -73.178281 64.18346704
v 70.0802475 19.571839 -6.98836184
v 59.6168975 -66.570211 48.10718841
v 60.3272375 -60.401171 55.38237836
v 38.3721275 -57.926601 55.74279319
v 38.8695875 -66.538501 49.56583164
v 59.6168975 -66.570211 48.10718841
v 80.3429275 20.594569 34.21164438
v -23.0667525 -91.682021 18.12998421
v -65.1182225 6.4240138 68.03825995
v 87.2937175 22.573849 9.67433421
v -47.8114625 -64.075321 19.31152495
v 37.9388675 65.586209 41.80725244
v -51.7261725 79.804619 20.44492261
v -48.4177725 56.301219 11.75718082
v -59.8925225 65.044809 20.57361319
v -33.6347325 61.084599 4.97729464
v 37.4294075 49.769329 51.84894162
v 88.8992475 22.757579 26.87608906
v 38.3297475 61.355649 47.958003
v 66.7259775 -39.950101 1.44316944
vn 0.44056 0.87725 -0.19064
vn 0.32927 0.94048 -0.08411
vn 0.26652 0.93587 0.23046
vn 0.6473 0.7277 0.22686
vn -0.35102 -0.05071 -0.935
vn -0.19218 -0.28637 -0.93865
vn -0.13231 -0.65101 -0.74745
vn -0.48034 -0.50936 -0.71402
vn 0.13885 0.86252 0.48659
vn 0.13893 0.57223 0.80824
vn -0.12219 0.62748 0.76899
vn -0.14187 0.76815 0.62435
vn -0.8697 0.49356 -0.00471
vn -0.87546 0.46664 -0.12582
vn -0.66709 0.49441 -0.55727
vn -0.69543 0.57478 -0.43128
vn 0.89947 -0.11813 -0.42072
vn 0.86088 0.00369 -0.50879
vn 0.56181 -0.06661 -0.82458
vn 0.78505 0.33643 -0.52011
vn 0.49671 -0.56692 0.65718
vn 0.08143 -0.45171 0.88844
vn 0.26427 -0.8724 0.41119
vn 0.54811 -0.73396 0.4011
vn -0.98871 -0.07504 -0.1297
vn -0.72322 -0.2597 -0.63993
vn -0.93489 -0.25674 -0.24509
vn 0.9453 -0.32422 0.03607
vn 0.86827 -0.45141 -0.20575
vn 0.94404 -0.32371 0.06322
vn 0.99529 -0.09692 0.00093
vn 0.82683 -0.17854 0.53336
vn 0.52089 -0.06379 0.85124
vn 0.62951 -0.47368 0.61591
vn -0.27287 -0.23013 -0.93412
vn 0.12542 -0.29216 -0.94811
vn -0.27575 -0.08008 -0.95789
vn -0.14818 0.93732 -0.31538
vn 0.12265 0.88943 -0.44031
vn -0.49056 0.4866 -0.72289
vn -0.24358 -0.81817 0.52083
vn -0.44393 -0.41565 0.79382
vn 0.19758 0.54971 0.81165
vn -0.06236 0.40304 0.91306
vn 0.81736 0.38589 -0.42781
vn 0.86236 0.22157 -0.45524
vn 0.9605 0.27772 0.01784
vn 0.90178 0.43194 0.01474
vn 0.91543 0.3696 0.15932
vn 0.65687 0.53854 0.52772
vn 0.81017 0.30682 0.49948
vn 0.79427 -0.41187 0.44666
vn 0.37497 -0.72381 0.57921
vn 0.49485 -0.8199 0.28789
vn 0.91176 -0.38372 0.14644
vn 0.23006 -0.61919 0.75079
vn 0.09379 -0.74852 0.65645
vn -0.72731 -0.57868 -0.36898
vn -0.92267 -0.3011 -0.24088
vn -0.6202 -0.22376 -0.75185
vn -0.30004 -0.0218 -0.95368
vn -0.36732 -0.216 -0.90467
vn -0.12914 -0.24362 -0.96123
vn -0.22583 -0.94387 -0.24105
vn 0.46352 -0.80952 -0.36032
vn -0.05792 -0.96253 0.26491
vn -0.22117 -0.95261 0.20887
vn -0.9249 -0.27188 0.2658
vn -0.81478 -0.5437 0.20133
vn -0.66431 -0.65633 0.35766
vn -0.87343 0.01984 0.48654
vn 0.96797 -0.2006 -0.15097
vn 0.94365 0.30684 0.12396
vn 0.79001 0.57179 0.22122
vn 0.89726 0.36559 0.24754
vn -0.3493 0.34209 -0.87233
vn -0.30367 0.18102 -0.93542
vn 0.52975 0.73285 -0.42696
vn 0.80479 0.48728 -0.33894
vn 0.71784 0.52529 -0.45692
vn -0.35339 -0.22803 -0.90726
vn -0.28954 -0.45946 -0.83968
vn -0.17813 -0.28181 -0.94279
vn -0.56383 0.55071 -0.61548
vn -0.5487 0.48361 -0.68195
vn -0.91336 0.40382 0.05194
vn -0.79903 0.32424 0.50638
vn -0.76664 0.42927 0.47748
vn -0.92054 -0.26299 0.28887
vn 0.26122 -0.29204 -0.92004
vn 0.3979 -0.32492 -0.85797
vn 0.56592 -0.4643 -0.68129
vn 0.15745 -0.65592 -0.73823
vn 0.76758 -0.25273 -0.58903
vn 0.50757 0.54806 0.66484
vn -0.07393 0.20002 0.977
vn -0.06947 0.17875 0.98144
vn -0.70439 0.52989 0.47229
vn -0.1499 0.48613 0.86094
vn 0.24482 0.57655 0.77952
vn -0.32292 0.81676 0.47815
vn -0.57033 0.64656 0.50664
vn -0.53583 -0.79365 -0.28809
vn -0.36657 -0.92915 0.04797
vn -0.12526 -0.93656 0.32735
vn -0.22625 -0.93444 0.27501
vn 0.94997 0.27744 0.14345
vn 0.69843 0.71065 0.08471
vn 0.6214 0.77911 -0.08281
vn -0.24965 0.33882 -0.90712
vn -0.3729 -0.12315 -0.91966
vn -0.40198 0.52341 -0.75131
vn -0.25474 0.319 -0.91288
vn -0.01761 -0.00642 -0.99982
vn 0.53758 0.04639 -0.84193
vn 0.51438 0.33495 -0.78945
vn 0.23744 -0.7004 0.6731
vn 0.92422 -0.28163 0.25789
vn -0.54345 -0.12537 -0.83003
vn -0.61372 -0.41762 -0.67003
vn 0.39275 0.55091 -0.73637
vn 0.50802 0.74625 -0.43015
vn -0.47361 0.48086 -0.73788
vn -0.12459 0.54128 -0.83156
vn -0.03963 0.54355 -0.83844
vn -0.25804 0.41398 -0.87295
vn 0.68034 0.20981 -0.70222
vn 0.16355 -0.37302 -0.91329
vn 0.44125 -0.30632 -0.84348
vn 0.2748 -0.66268 -0.69666
vn 0.54561 -0.47952 -0.68729
vn 0.95494 -0.09282 0.28192
vn 0.9857 0.12452 -0.11356
vn 0.78473 0.56871 0.24653
vn 0.6835 0.6644 0.30231
vn 0.94322 0.24554 0.2237
vn -0.46825 0.09401 -0.87858
vn -0.54039 -0.16273 -0.82553
vn 0.52703 0.66009 0.53527
vn 0.39214 0.79835 0.45702
vn 0.74979 0.56113 0.35064
vn 0.50759 0.68197 0.52657
vn -0.61446 0.06174 -0.78653
vn -0.57503 -0.42036 -0.70188
vn -0.177 0.58358 0.79253
vn -0.59547 0.40269 0.69517
vn -0.41876 0.03006 0.9076
vn 0.86125 0.31183 -0.40126
vn 0.8272 -0.46356 -0.31757
vn 0.33256 -0.68329 0.65001
vn 0.09344 0.87395 0.47695
vn 0.42855 0.6872 0.58661
vn -0.45644 -0.88159 0.12022
vn -0.57614 -0.50256 -0.6446
vn 0.90933 -0.41509 0.02848
vn 0.52414 0.76564 0.37293
vn 0.84709 0.46356 0.25992
vn 0.47516 0.69106 0.54466
vn -0.06394 -0.89861 0.43407
vn 0.45283 -0.6571 0.60263
vn 0.2148 -0.8742 0.43547
vn -0.57731 0.55527 -0.59866
vn -0.71506 0.34007 -0.61077
vn -0.53187 0.71046 -0.46083
vn -0.71494 0.69912 -0.01016
vn 0.92857 -0.34263 -0.14268
vn 0.96523 0.25659 -0.04991
vn 0.62061 0.35701 -0.69813
vn -0.17413 0.25723 -0.95053
vn 0.78221 0.35161 -0.51431
vn -0.60483 0.39785 0.68985
vn -0.2668 0.56036 0.7841
vn 0.60972 0.5979 -0.52034
vn -0.83095 0.14987 -0.53578
vn 0.1093 -0.18778 -0.97611
vn 0.16389 -0.111 -0.98021
vn 0.33975 0.16745 0.92549
vn 0.31889 -0.00913 0.94775
vn 0.94009 -0.03789 -0.33881
vn 0.93655 0.34388 -0.06799
vn 0.09456 0.40118 0.9111
vn 0.40478 0.87586 -0.26272
vn 0.4345 0.77521 -0.45854
vn 0.31599 0.803 0.50532
vn -0.18036 0.58956 -0.78733
vn -0.61846 -0.59868 -0.50902
vn -0.60391 -0.74677 -0.2786
vn 0.56219 -0.77346 -0.29274
vn -0.42478 -0.86581 0.26445
vn -0.09779 -0.91381 0.39419
vn 0.27327 0.82562 0.49363
vn 0.15189 -0.17914 -0.97203
vn 0.59103 0.6195 0.51663
vt 0.38148 0.34124
vt 0.49252 0.33648
vt 0.48747 0.45241
vt 0.21295 0.40687
vt 0.49872 0.32883
vt 0.45198 0.25927
vt 0.48745 0.09407
vt 0.58825 0.12279
vt 0.46475 0.67343
vt 0.54441 0.66761
vt 0.584 0.78987
vt 0.48598 0.80349
vt 0.24512 0.48325
vt 0.15211 0.47366
vt 0.19377 0.35637
vt 0.2602 0.37304
vt 0.53252 0.19418
vt 0.47046 0.2041
vt 0.41896 0.11179
vt 0.59452 0.12289
vt 0.62009 0.9331
vt 0.47476 0.9995
vt 0.50353 0.7955
vt 0.62198 0.82567
vt 0.46521 0.49345
vt 0.57125 0.35366
vt 0.59259 0.48613
vt 0.26107 0.35946
vt 0.25319 0.27763
vt 0.3913 0.4406
vt 0.27852 0.50183
vt 0.91013 0.44918
vt 0.75087 0.4176
vt 0.82567 0.34846
vt 0.38261 0.53221
vt 0.2647 0.47068
vt 0.44413 0.42429
vt 0.61923 0.9995
vt 0.52169 1.00941
vt 0.48338 0.95339
vt 0.65957 0.86895
vt 0.26478 0.86814
vt 0.21813 0.95947
vt 0.63001 0.65636
vt 0.416 0.70457
vt 0.36664 0.52808
vt 0.68207 0.21988
vt 0.72781 0.21135
vt 0.74982 0.33478
vt 0.69561 0.34552
vt 0.66781 0.64479
vt 0.62635 0.75787
vt 0.5379 0.73891
vt 0.25191 0.66082
vt 0.17967 0.63824
vt 0.02759 0.48009
vt 0.19549 0.52549
vt 0.80257 0.18552
vt 0.69695 0.18567
vt 0.61032 0.0719
vt 0.74901 0.02759
vt 0.87114 0.20367
vt 0.93256 0.28729
vt 0.84787 0.42875
vt 0.72874 0.3015
vt 0.38415 0.59493
vt 0.49674 0.47988
vt 0.51117 0.58869
vt 0.49424 0.33174
vt 0.75041 0.33799
vt 0.61869 0.4885
vt 0.49326 0.47804
vt 0.69043 0.60971
vt 0.79374 0.59602
vt 0.78822 0.81584
vt 0.5864 0.87698
vt 0.45357 0.35571
vt 0.46559 0.19305
vt 0.64415 0.58492
vt 0.64508 0.47487
vt 0.53598 0.65905
vt 0.62981 0.65276
vt 0.45322 0.70886
vt 0.82745 0.24643
vt 0.79001 0.25494
vt 0.73973 0.09101
vt 0.57721 0.43827
vt 0.68803 0.46184
vt 0.62915 0.5927
vt 0.7474 0.26759
vt 0.74302 0.1571
vt 0.87535 0.34562
vt 0.80205 0.36204
vt 0.33608 0.49177
vt 0.46796 0.7528
vt 0.35419 0.62456
vt 0.58582 0.75869
vt 0.38365 0.25773
vt 0.3256 0.27665
vt 0.20803 0.17292
vt 0.37696 0.08713
vt 0.35448 0.15584
vt 0.90737 0.5379
vt 0.74067 0.64067
vt 0.34686 0.40787
vt 0.4762 0.40103
vt 0.17266 0.58989
vt 0.2665 0.77905
vt 0.42971 0.89717
vt 0.29759 0.94722
vt 0.22582 0.89011
vt 0.20228 0.45424
vt 0.37332 0.46876
vt 0.40378 0.68986
vt 0.30404 0.68236
vt 0.72546 0.45331
vt 0.65552 0.34503
vt 0.20844 0.32563
vt 0.45578 0.7614
vt 0.69694 0.60473
vt 0.64302 0.76671
vt 0.5682 0.73789
vt 0.30656 0.60181
vt 0.18436 0.5944
vt 0.24437 0.65699
vt 0.60692 0.80286
vt 0.67563 0.69944
vt 0.82567 0.78537
vt 0.3335 0.63307
vt 0.64797 0.28809
vt 0.68994 0.24936
vt 0.76886 0.05642
vt 0.83505 0.16109
vt 0.56177 0.86156
vt 0.47171 0.90308
vt 0.37926 0.81854
vt 0.53675 0.81099
vt 0.14416 0.59177
vt 0.16512 0.41896
vt 0.28315 0.33151
vt 0.16405 0.36327
vt 0.16124 0.31106
vt 0.12871 0.27456
vt 0.45879 0.67594
vt 0.0005 0.43249
vt 0.06792 0.41812
vt 0.09192 0.4937
vt 0.00928 0.51955
vt 0.56999 0.36343
vt 0.74107 0.37254
vt 0.3058 0.63212
vt 0.30779 0.57018
vt 0.55018 0.68738
vt 0.25933 0.83212
vt 0.17758 0.75787
vt 0.17027 0.61606
vt 0.31038 0.6713
vt 0.37821 0.12872
vt 0.55747 0.24967
vt 0.80795 0.89046
vt 0.7148 0.93725
vt 0.36992 0.85198
vt 0.47651 0.82675
vt 0.59926 0.98494
vt 0.1387 0.34552
vt 0.0987 0.34279
vt 0.05654 0.24661
vt 0.15799 0.21988
vt 0.02496 0.33799
vt 0.11573 0.35278
vt 0.69442 0.22628
vt 0.80619 0.21461
vt 0.59682 0.5716
vt 0.61923 0.33571
vt 0.47725 0.55112
vt 0.12886 0.46127
vt 0.20502 0.57521
vt 0.13268 0.59602
vt 0.73714 0.20412
vt 0.79772 0.14548
vt 0.53426 0.43249
vt 0.53591 0.51955
vt 0.45576 0.52431
vt 0.17655 0.57768
vt 0.18128 0.46183
vt 0.26238 0.58869
vt 0.4975 0.60393
vt 0.60603 0.74414
vt 0.50476 0.69668
vt 0.67215 0.78755
vt 0.76424 0.87583
vt 0.72416 0.973
vt 0.72416 0.34085
vt 0.7964 0.36774
vt 0.80307 0.46695
vt 0.70241 0.57173
vt 0.18984 0.43989
vt 0.26306 0.43162
vt 0.25001 0.70706
vt 0.38132 0.73244
vt 0.69192 0.1506
vt 0.16499 0.82734
vt 0.37002 0.81283
vt 0.2829 0.77871
vt 0.47024 0.83432
vt 0.11323 0.12289
vt 0.13627 0.20896
vt 0.64233 0.20896
vt 0.59177 0.07883
vt 0.51255 0.20651
vt 0.62304 0.20968
vt 0.24959 0.02496
vt 0.21994 0.2852
vt 0.47476 0.26215
vt 0.25002 0.34562
vt 0.34959 0.34025
vt 0.3078 0.1571
vt 0.23501 0.26759
vt 0.23329 0.13336
vt 0.36444 0.05806
vt 0.33793 0.3756
vt 0.38584 0.31825
vt 0.12936 0.28101
vt 0.62541 0.5358
vt 0.61984 0.40773
vt 0.62009 0.2898
vt 0.53017 0.35064
vt 0.10532 0.34503
vt 0.02245 0.32948
vt 0.37255 0.80503
vt 0.52275 0.90899
vt 0.42457 0.97366
vt 0.44982 0.81417
vt 0.38283 0.24687
vt 0.48338 0.21629
vt 0.37597 0.87176
vt 0.38528 0.79762
vt 0.36999 0.90871
vt 0.38029 0.77655
vt 0.30871 0.76886
vt 0.37597 0.14288
vt 0.29735 0.16109
vt 0.30871 0.05642
vt 0.37136 0.08643
vt 0.84025 0.34793
vt 0.78656 0.3607
vt 0.75064 0.26375
vt 0.87721 0.21281
vt 0.38165 0.33176
vt 0.63193 0.75842
vt 0.17292 0.25983
vt 0.21252 0.29485
vt 0.44918 0.75265
vt 0.34846 0.78537
vt 0.17914 0.81584
vt 0.22392 0.67788
vt 0.40165 0.78787
vt 0.78883 0.63212
vt 0.74355 0.58869
vt 0.77995 0.46183
vt 0.81449 0.59093
vt 0.8527 0.32563
vt 0.84051 0.40687
vt 0.3828 0.71507
vt 0.37463 0.80998
vt 0.23392 0.70908
vt 0.27934 0.63008
vt 0.18884 0.62998
vt 0.16758 0.52976
vt 0.18968 0.40074
vt 0.21457 0.41785
vt 0.14366 0.20494
vt 0.09771 0.25319
vt 0.12657 0.34819
vt 0.61032 0.61183
vt 0.60603 0.2008
vt 0.50651 0.14343
vt 0.4975 0.07484
vt 0.41175 0.21281
vt 0.93291 0.33176
vt 0.71271 0.47534
vt 0.79633 0.46127
vt 0.65699 0.03628
vt 0.70706 0.05181
vt 0.5944 0.04423
vt 0.51402 0.71743
vt 0.25568 0.34366
vt 0.32533 0.34793
vt 0.7851 0.44253
vt 0.77247 0.62179
vt 0.13011 0.47487
vt 0.08151 0.49768
vt 0.04836 0.41983
vt 0.74901 0.48009
vt 0.82345 0.7631
vt 0.73762 0.74355
vt 0.82973 0.7223
vt 0.7223 0.61606
vt 0.7631 0.57768
vt 0.21461 0.70688
vt 0.22461 0.48246
vt 0.17184 0.47468
vt 0.47171 0.12614
vt 0.2223 0.24643
vt 0.08925 0.46559
vt 0.13507 0.35448
vt 0.09467 0.53204
vt 0.08863 0.64581
vt 0.20494 0.27254
vt 0.07019 0.65905
vt 0.40318 0.95991
vt 0.60593 0.24661
vt 0.61305 0.32948
vt 0.5647 0.16227
vt 0.65957 0.26448
vt 0.20773 0.69192
vt 0.28149 0.61972
vt 0.62537 0.73253
vt 0.74302 0.6922
vt 0.08324 0.46695
vt 0.10989 0.56965
vt 0.77418 0.56965
vt 0.81833 0.48246
vt 0.82242 0.62635
vt 0.36327 0.11071
vt 0.62746 0.26793
vt 0.0983 0.43162
vt 0.10458 0.35946
vt 0.11197 0.50183
vt 0.70106 0.18011
vt 0.60692 0.25493
vt 0.50353 0.15435
vt 0.14416 0.07883
vt 0.18552 0.63362
vt 0.80619 0.70688
vt 0.69442 0.71051
vt 0.69695 0.64831
vt 0.80257 0.63362
vt 0.59659 0.4937
vt 0.40401 0.36967
vt 0.46742 0.84996
vt 0.59601 0.25833
vt 0.74432 0.19728
vt 0.69221 0.80878
vt 0.12417 0.35507
vt 0.7474 0.76499
vt 0.80582 0.80623
vt 0.21245 0.19932
vt 0.30387 0.68852
vt 0.6068 0.41983
vt 0.31423 0.61965
vt 0.31106 0.16373

f 570/570/387 571/571/388 572/572/389
f 572/572/389 573/573/390 570/570/387
f 574/574/391 575/575/392 576/576/393
f 576/576/393 577/577/394 574/574/391
f 578/578/395 579/579/396 580/580/397
f 580/580/397 581/581/398 578/578/395
f 582/582/399 583/583/400 584/584/401
f 584/584/401 585/585/402 582/582/399
f 586/586/403 587/587/404 588/588/405
f 588/588/405 589/589/406 586/586/403
f 590/590/407 591/591/408 592/592/409
f 592/592/409 593/593/410 590/590/407
f 594/594/411 595/595/412 596/596/413
f 597/597/414 598/598/415 599/599/416
f 599/599/416 600/600/417 597/597/414
f 601/601/418 602/602/419 603/603/420
f 604/604/421 605/605/422 606/606/423
f 607/607/424 608/608/388 609/609/425
f 609/609/425 610/610/426 607/607/424
f 611/611/427 592/592/409 591/591/408
f 591/591/408 612/612/428 611/611/427
f 613/613/429 614/614/397 615/615/430
f 616/616/431 617/617/432 618/618/433
f 618/618/433 619/619/434 616/616/431
f 620/620/435 621/621/436 622/622/437
f 623/623/438 624/624/439 625/625/440
f 625/625/440 626/626/441 623/623/438
f 627/627/439 628/628/442 629/629/443
f 629/629/443 630/630/440 627/627/439
f 631/631/444 632/632/445 633/633/412
f 633/633/412 634/634/446 631/631/444
f 635/635/447 604/604/421 636/636/448
f 636/636/448 637/637/449 635/635/447
f 638/638/450 639/639/451 640/640/452
f 640/640/452 641/641/453 638/638/450
f 642/642/454 643/643/455 644/644/456
f 644/644/456 645/645/457 642/642/454
f 646/646/458 598/598/415 647/647/404
f 648/648/459 649/649/460 620/620/435
f 620/620/435 650/650/461 648/648/459
f 637/637/449 651/651/462 652/652/463
f 652/652/463 635/635/447 637/637/449
f 653/653/464 654/654/465 655/655/466
f 656/656/467 657/657/468 658/658/469
f 659/659/470 660/660/471 661/661/402
f 661/661/402 662/662/401 659/659/470
f 663/663/472 594/594/411 664/664/473
f 664/664/473 665/665/474 663/663/472
f 666/666/475 642/642/454 645/645/457
f 667/667/476 668/668/477 669/669/478
f 669/669/478 670/670/479 667/667/476
f 647/647/404 598/598/415 671/671/480
f 602/602/419 601/601/418 672/672/437
f 672/672/437 673/673/481 602/602/419
f 613/613/429 615/615/430 674/674/482
f 674/674/482 675/675/483 613/613/429
f 665/665/474 676/676/484 583/583/400
f 583/583/400 582/582/399 665/665/474
f 677/677/485 678/678/486 679/679/487
f 679/679/487 680/680/488 677/677/485
f 681/681/489 682/682/490 683/683/491
f 683/683/491 684/684/492 681/681/489
f 685/685/493 686/686/494 619/619/434
f 619/619/434 618/618/433 685/685/493
f 687/687/495 570/570/387 573/573/390
f 688/688/496 652/652/463 651/651/462
f 689/689/497 690/690/498 691/691/499
f 691/691/499 651/651/462 689/689/497
f 604/604/421 692/692/500 693/693/501
f 693/693/501 605/605/422 604/604/421
f 692/692/500 694/694/502 693/693/501
f 695/695/410 696/696/503 697/697/420
f 697/697/420 590/590/407 695/695/410
f 626/626/441 600/600/417 698/698/504
f 698/698/504 623/623/438 626/626/441
f 699/699/505 574/574/391 577/577/394
f 577/577/394 700/700/506 699/699/505
f 655/655/466 701/701/507 702/702/508
f 702/702/508 653/653/464 655/655/466
f 703/703/509 704/704/510 705/705/511
f 705/705/511 706/706/512 703/703/509
f 605/605/422 693/693/501 707/707/513
f 707/707/513 708/708/405 605/605/422
f 709/709/514 710/710/515 711/711/516
f 711/711/516 712/712/517 709/709/514
f 600/600/417 599/599/416 713/713/518
f 714/714/519 715/715/520 716/716/521
f 716/716/521 717/717/522 714/714/519
f 656/656/467 718/718/523 699/699/505
f 699/699/505 719/719/524 656/656/467
f 604/604/421 606/606/423 636/636/448
f 578/578/395 720/720/525 721/721/526
f 721/721/526 722/722/396 578/578/395
f 723/723/481 724/724/436 725/725/527
f 725/725/527 726/726/528 723/723/481
f 657/657/468 689/689/497 658/658/469
f 727/727/529 728/728/530 595/595/412
f 595/595/412 594/594/411 727/727/529
f 644/644/456 729/729/427 730/730/428
f 730/730/428 645/645/457 644/644/456
f 731/731/531 732/732/532 645/645/457
f 645/645/457 733/733/533 731/731/531
f 734/734/434 735/735/494 736/736/534
f 736/736/534 737/737/431 734/734/434
f 738/738/451 739/739/535 626/626/441
f 626/626/441 625/625/440 738/738/451
f 740/740/503 741/741/536 603/603/420
f 742/742/537 572/572/389 571/571/388
f 571/571/388 743/743/424 742/742/537
f 742/742/537 744/744/538 572/572/389
f 745/745/444 681/681/489 746/746/539
f 746/746/539 747/747/455 745/745/444
f 634/634/446 748/748/540 749/749/489
f 749/749/489 631/631/444 634/634/446
f 650/650/461 620/620/435 622/622/437
f 599/599/416 750/750/519 751/751/522
f 751/751/522 752/752/541 599/599/416
f 685/685/493 620/620/435 649/649/460
f 753/753/542 754/754/543 755/755/544
f 682/682/490 641/641/453 756/756/545
f 756/756/545 683/683/491 682/682/490
f 757/757/546 592/592/409 758/758/547
f 610/610/426 759/759/548 760/760/549
f 760/760/549 761/761/550 610/610/426
f 762/762/550 763/763/549 764/764/551
f 764/764/551 765/765/487 762/762/550
f 766/766/552 626/626/441 739/739/535
f 739/739/535 767/767/553 766/766/552
f 600/600/417 626/626/441 766/766/552
f 766/766/552 767/767/553 600/600/417
f 768/768/554 692/692/500 635/635/447
f 635/635/447 769/769/555 768/768/554
f 655/655/466 617/617/432 770/770/556
f 771/771/484 677/677/485 680/680/488
f 772/772/557 773/773/558 676/676/484
f 676/676/484 774/774/532 772/772/557
f 574/574/391 699/699/505 718/718/523
f 775/775/406 776/776/559 736/736/534
f 770/770/556 777/777/559 778/778/513
f 779/779/393 780/780/479 639/639/451
f 639/639/451 638/638/450 779/779/393
f 670/670/479 669/669/478 781/781/451
f 782/782/428 783/783/408 675/675/483
f 675/675/483 674/674/482 782/782/428
f 645/645/457 730/730/428 733/733/533
f 663/663/472 582/582/399 784/784/402
f 784/784/402 785/785/560 663/663/472
f 786/786/471 787/787/470 788/788/498
f 788/788/498 789/789/497 786/786/471
f 790/790/561 709/709/514 791/791/562
f 791/791/562 606/606/423 790/790/561
f 792/792/517 668/668/477 709/709/514
f 793/793/563 613/613/429 675/675/483
f 675/675/483 794/794/564 793/793/563
f 602/602/419 794/794/564 795/795/407
f 795/795/407 603/603/420 602/602/419
f 647/647/404 586/586/403 796/796/565
f 796/796/565 646/646/458 647/647/404
f 797/797/494 798/798/566 736/736/534
f 677/677/485 799/799/567 678/678/486
f 800/800/538 801/801/537 678/678/486
f 678/678/486 802/802/396 800/800/538
f 571/571/388 570/570/387 803/803/568
f 803/803/568 804/804/425 571/571/388
f 704/704/510 805/805/569 705/705/511
f 794/794/564 602/602/419 673/673/481
f 673/673/481 793/793/563 794/794/564
f 726/726/528 806/806/570 807/807/429
f 807/807/429 723/723/481 726/726/528
f 769/769/555 808/808/571 809/809/507
f 809/809/507 768/768/554 769/769/555
f 810/810/569 811/811/508 812/812/507
f 812/812/507 813/813/511 810/810/569
f 814/814/572 815/815/540 816/816/506
f 816/816/506 817/817/394 814/814/572
f 818/818/573 638/638/450 641/641/453
f 641/641/453 682/682/490 818/818/573
f 706/706/512 819/819/498 759/759/548
f 759/759/548 703/703/509 706/706/512
f 820/820/478 821/821/574 767/767/553
f 767/767/553 739/739/535 820/820/478
f 650/650/461 622/622/437 822/822/418
f 822/822/418 713/713/518 650/650/461
f 823/823/420 698/698/504 713/713/518
f 713/713/518 822/822/418 823/823/420
f 785/785/560 727/727/529 594/594/411
f 594/594/411 663/663/472 785/785/560
f 611/611/427 824/824/456 825/825/575
f 825/825/575 826/826/576 611/611/427
f 825/825/575 824/824/456 747/747/455
f 747/747/455 746/746/539 825/825/575
f 827/827/525 828/828/544 829/829/543
f 829/829/543 830/830/526 827/827/525
f 618/618/433 831/831/495 832/832/390
f 832/832/390 829/829/543 618/618/433
f 726/726/528 833/833/577 834/834/570
f 698/698/504 823/823/420 623/623/438
f 799/799/567 677/677/485 835/835/558
f 835/835/558 614/614/397 799/799/567
f 836/836/531 837/837/557 838/838/532
f 617/617/432 616/616/431 770/770/556
f 743/743/424 762/762/550 765/765/487
f 765/765/487 742/742/537 743/743/424
f 839/839/533 674/674/482 615/615/430
f 615/615/430 836/836/531 839/839/533
f 674/674/482 839/839/533 782/782/428
f 790/790/561 605/605/422 840/840/578
f 605/605/422 790/790/561 606/606/423
f 841/841/574 669/669/478 668/668/477
f 668/668/477 792/792/517 841/841/574
f 842/842/415 841/841/574 792/792/517
f 792/792/517 843/843/480 842/842/415
f 844/844/443 756/756/545 641/641/453
f 641/641/453 640/640/452 844/844/443
f 845/845/546 846/846/547 847/847/545
f 847/847/545 629/629/443 845/845/546
f 638/638/450 818/818/573 848/848/394
f 848/848/394 779/779/393 638/638/450
f 849/849/573 814/814/572 817/817/394
f 850/850/445 851/851/444 643/643/455
f 643/643/455 642/642/454 850/850/445
f 850/850/445 596/596/413 595/595/412
f 598/598/415 646/646/458 599/599/416
f 852/852/502 853/853/554 770/770/556
f 770/770/556 854/854/501 852/852/502
f 853/853/554 655/655/466 770/770/556
f 614/614/397 613/613/429 855/855/398
f 606/606/423 791/791/562 574/574/391
f 574/574/391 636/636/448 606/606/423
f 856/856/540 857/857/572 681/681/489
f 719/719/524 699/699/505 634/634/446
f 634/634/446 633/633/412 719/719/524
f 858/858/530 859/859/529 689/689/497
f 689/689/497 657/657/468 858/858/530
f 628/628/442 845/845/546 629/629/443
f 769/769/555 635/635/447 652/652/463
f 808/808/571 769/769/555 652/652/463
f 652/652/463 688/688/496 808/808/571
f 685/685/493 649/649/460 686/686/494
f 860/860/460 861/861/521 862/862/520
f 862/862/520 797/797/494 860/860/460
f 688/688/496 691/691/499 706/706/512
f 706/706/512 705/705/511 688/688/496
f 654/654/465 653/653/464 831/831/495
f 831/831/495 618/618/433 654/654/465
f 640/640/452 863/863/440 844/844/443
f 863/863/440 640/640/452 639/639/451
f 785/785/560 784/784/402 786/786/471
f 786/786/471 727/727/529 785/785/560
f 864/864/542 865/865/544 866/866/527
f 867/867/527 620/620/435 685/685/493
f 685/685/493 868/868/542 867/867/527
f 869/869/536 623/623/438 823/823/420
f 574/574/391 791/791/562 575/575/392
f 718/718/523 656/656/467 636/636/448
f 636/636/448 574/574/391 718/718/523
f 656/656/467 637/637/449 636/636/448
f 744/744/538 870/870/579 573/573/390
f 573/573/390 572/572/389 744/744/538
f 870/870/579 744/744/538 721/721/526
f 721/721/526 871/871/543 870/870/579
f 810/810/569 872/872/510 804/804/425
f 804/804/425 803/803/568 810/810/569
f 570/570/387 687/687/495 873/873/464
f 873/873/464 811/811/508 570/570/387
f 874/874/404 875/875/480 708/708/405
f 709/709/514 840/840/578 710/710/515
f 876/876/473 838/838/532 877/877/474
f 597/597/414 767/767/553 878/878/574
f 878/878/574 598/598/415 597/597/414
f 835/835/558 677/677/485 771/771/484
f 651/651/462 658/658/469 689/689/497
f 703/703/509 759/759/548 610/610/426
f 716/716/521 879/879/461 717/717/522
f 650/650/461 713/713/518 752/752/541
f 752/752/541 751/751/522 650/650/461
f 880/880/537 679/679/487 678/678/486
f 783/783/408 795/795/407 794/794/564
f 794/794/564 675/675/483 783/783/408
f 774/774/532 676/676/484 665/665/474
f 586/586/403 881/881/534 882/882/566
f 882/882/566 796/796/565 586/586/403
f 797/797/494 862/862/520 798/798/566
f 826/826/576 825/825/575 684/684/492
f 684/684/492 683/683/491 826/826/576
f 592/592/409 826/826/576 683/683/491
f 683/683/491 758/758/547 592/592/409
f 872/872/510 883/883/509 884/884/426
f 884/884/426 804/804/425 872/872/510
f 885/885/556 707/707/513 693/693/501
f 614/614/397 835/835/558 837/837/557
f 837/837/557 886/886/531 614/614/397
f 836/836/531 615/615/430 614/614/397
f 600/600/417 713/713/518 698/698/504
f 604/604/421 635/635/447 692/692/500
f 690/690/498 706/706/512 691/691/499
f 582/582/399 663/663/472 665/665/474
f 596/596/413 850/850/445 642/642/454
f 642/642/454 666/666/475 596/596/413
f 761/761/550 607/607/424 610/610/426
f 581/581/398 833/833/577 578/578/395
f 700/700/506 634/634/446 699/699/505
f 752/752/541 713/713/518 599/599/416
f 829/829/543 685/685/493 618/618/433
f 685/685/493 829/829/543 868/868/542
f 581/581/398 834/834/570 833/833/577
f 887/887/570 855/855/398 613/613/429
f 594/594/411 596/596/413 666/666/475
f 666/666/475 664/664/473 594/594/411
f 859/859/529 888/888/471 689/689/497
f 620/620/435 867/867/527 621/621/436
f 889/889/551 583/583/400 676/676/484
f 676/676/484 890/890/488 889/889/551
f 765/765/487 764/764/551 891/891/488
f 829/829/543 832/832/390 892/892/579
f 673/673/481 672/672/437 893/893/436
f 875/875/480 792/792/517 711/711/516
f 588/588/405 671/671/480 894/894/515
f 728/728/530 895/895/524 595/595/412
f 896/896/553 897/897/414 898/898/417
f 845/845/546 899/899/442 740/740/503
f 740/740/503 900/900/410 845/845/546
f 901/901/409 845/845/546 900/900/410
f 656/656/467 658/658/469 637/637/449
f 651/651/462 637/637/449 658/658/469
f 588/588/405 778/778/513 589/589/406
f 776/776/559 775/775/406 902/902/513
f 623/623/438 869/869/536 903/903/439
f 904/904/536 905/905/503 906/906/442
f 906/906/442 907/907/439 904/904/536
f 709/709/514 790/790/561 840/840/578
f 746/746/539 681/681/489 684/684/492
f 684/684/492 825/825/575 746/746/539
f 908/908/521 649/649/460 648/648/459
f 648/648/459 650/650/461 908/908/521
f 808/808/571 688/688/496 705/705/511
f 809/809/507 808/808/571 705/705/511
f 670/670/479 576/576/393 575/575/392
f 575/575/392 667/667/476 670/670/479
f 667/667/476 575/575/392 791/791/562
f 682/682/490 681/681/489 857/857/572
f 857/857/572 909/909/573 682/682/490
f 708/708/405 710/710/515 840/840/578
f 840/840/578 605/605/422 708/708/405
f 673/673/481 613/613/429 793/793/563
f 739/739/535 738/738/451 820/820/478
f 586/586/403 589/589/406 881/881/534
f 664/664/473 666/666/475 645/645/457
f 645/645/457 910/910/532 664/664/473
f 811/811/508 803/803/568 570/570/387
f 853/853/554 701/701/507 655/655/466
f 683/683/491 756/756/545 758/758/547
f 750/750/519 599/599/416 646/646/458
f 646/646/458 796/796/565 750/750/519
f 777/777/559 770/770/556 616/616/431
f 616/616/431 911/911/534 777/777/559
f 719/719/524 657/657/468 656/656/467
f 719/719/524 858/858/530 657/657/468
f 691/691/499 688/688/496 651/651/462
f 634/634/446 700/700/506 912/912/540
f 802/802/396 913/913/526 800/800/538
f 617/617/432 654/654/465 618/618/433
f 617/617/432 655/655/466 654/654/465
f 692/692/500 768/768/554 694/694/502
f 583/583/400 889/889/551 914/914/549
f 914/914/549 584/584/401 583/583/400
f 759/759/548 915/915/470 916/916/401
f 916/916/401 760/760/549 759/759/548
f 917/917/548 788/788/498 787/787/470
f 833/833/577 918/918/528 720/720/525
f 720/720/525 578/578/395 833/833/577
f 919/919/520 750/750/519 796/796/565
f 796/796/565 882/882/566 919/919/520
f 592/592/409 611/611/427 826/826/576
f 726/726/528 725/725/527 755/755/544
f 755/755/544 920/920/525 726/726/528
f 668/668/477 667/667/476 791/791/562
f 791/791/562 709/709/514 668/668/477
f 671/671/480 921/921/516 894/894/515
f 811/811/508 810/810/569 803/803/568
f 799/799/567 614/614/397 802/802/396
f 799/799/567 802/802/396 678/678/486
# Vertices: 352, normals: 193, texture coordinates: 352, faces: 382

o obj3
v -29.9009025 -19.421851 79.52786769
v -4.7759325 -50.320181 84.44240088
v 25.7201715 33.267579 75.42659932
v 24.3499145 -87.432681 6.00638101
v -17.1546725 -79.871551 6.31685342
v 0.4334275 -36.181151 -4.09688534
v 22.6070665 -38.425781 -4.93332532
v -59.3526625 88.483479 31.55549683
v -39.5801825 94.941509 41.96100201
v -43.8520725 100.407249 19.03298518
v -51.7261725 79.804619 20.44492261
v 72.8401875 30.874689 32.34216116
v 84.6123275 7.741535 50.6325169
v 98.3011675 7.376625 28.13311394
v -73.5520625 53.118029 19.50600084
v -53.3417125 25.936749 -2.03346
v -97.9388725 7.490623 34.18672255
v -92.9278725 34.871349 34.01990589
v -62.8478825 -61.002281 66.2038198
v 0.8751275 -73.178281 64.18346704
v -4.7759325 -50.320181 84.44240088
v -54.8326525 -45.433411 78.25988774
v -14.9851025 -12.976411 2.16186019
v -38.5045225 22.320689 -6.13201182
v 22.9383005 20.240789 -11.65348467
v -7.0377825 66.054559 -3.4044193
v 5.7391775 85.582749 -2.2897879
v 23.8986685 67.656309 -5.2051571
v -0.3096125 -90.038861 45.15841364
v -24.7025125 -94.413071 31.73551224
v 72.9888975 -46.321951 6.25655388
v 79.2050675 -52.221701 12.75489903
v 57.5339575 -69.242211 10.98721516
v -60.9411225 27.672889 65.90440669
v -9.6765425 66.729749 53.44594685
v -13.6256025 84.329699 49.49234432
v 23.4625105 89.100219 19.0709796
v 57.4531875 74.899889 17.52172248
v 39.9881375 71.156069 1.18070187
v 49.4602675 -17.360331 75.80659833
v 80.7446975 -10.664071 59.92821321
v 84.6123275 7.741535 50.6325169
v 21.8526355 -90.661381 45.9436407
v 49.0961075 -100.057671 32.86007233
v 60.3272375 -60.401171 55.38237836
v 38.8695875 -66.538501 49.56583164
v 70.0802475 19.571839 -6.98836184
v 46.4024375 -6.103731 -7.65271553
v 11.1554805 -15.939851 -5.52901642
v 38.1789975 21.701279 -14.76701894
v 67.3641475 38.718329 7.0197885
v 37.7573975 57.121459 -9.21367379
v 57.4531875 74.899889 17.52172248
v -57.7631325 -74.286701 42.30634195
v -58.3015625 -75.060731 30.29303007
v -55.8227625 -12.073941 9.97748313
v 79.0905775 -50.127661 28.0466473
v 89.1575875 -9.733161 20.50874401
v 80.7446975 -10.664071 59.92821321
v 76.6703875 -64.455011 37.36871369
v 49.3713475 -100.613871 18.7484001
v -73.6064125 -18.207831 72.27497189
v -77.1580025 54.156709 33.17403369
v -53.6783225 82.830639 41.75407343
v 25.7201715 33.267579 75.42659932
v 66.7548675 35.694529 49.21706858
v 2.6422275 101.005579 30.11125922
v -13.6256025 84.329699 49.49234432
v 38.3297475 61.355649 47.958003
v 79.2050675 -52.221701 12.75489903
v 79.1054275 7.00927 4.46730218
v 93.9894375 24.084129 17.90402002
v 67.3641475 38.718329 7.0197885
v 71.1543075 41.590699 19.49689995
v 21.0095913 -63.328871 59.08258239
v 38.8695875 -66.538501 49.56583164
v 64.1540375 -32.020331 63.17721299
v 23.7718715 -44.458421 77.84840043
v -37.1298925 -53.032531 11.37604626
v -23.0667525 -91.682021 18.12998421
v -24.7025125 -94.413071 31.73551224
v -58.3015625 -75.060731 30.29303007
v -43.1644725 27.694219 69.79222392
v -16.3186125 43.488819 63.62413834
v -60.9411225 27.672889 65.90440669
v 25.7201715 33.267579 75.42659932
v 66.7548675 35.694529 49.21706858
v 63.7186875 55.899869 42.55153375
v 46.8579975 51.754199 43.64520897
v 64.1540375 -32.020331 63.17721299
v 72.4891375 -52.493071 50.80809432
v -62.8478825 -61.002281 66.2038198
v -71.9734025 -62.171721 44.37293972
v -55.8227625 -12.073941 9.97748313
v -59.3526625 88.483479 31.55549683
v -59.8925225 65.044809 20.57361319
v -25.3185525 32.503309 -7.53326846
v -27.9126625 56.666529 -1.57270447
v 69.8934575 53.085189 18.43017081
v 71.1543075 41.590699 19.49689995
v 62.7902275 59.472559 31.04704312
v 23.4967205 -105.801371 33.695357
v -23.0667525 -91.682021 18.12998421
v 49.3713475 -100.613871 18.7484001
v 49.0961075 -100.057671 32.86007233
v 72.9888975 -46.321951 6.25655388
v 65.9631775 -17.071011 -3.71506177
v -28.8860125 -44.819861 5.06098933
v -37.1298925 -53.032531 11.37604626
v -71.9734025 -62.171721 44.37293972
v 23.2044175 55.481809 56.19558831
v -16.3186125 43.488819 63.62413834
v 38.3297475 61.355649 47.958003
v 23.4950835 49.400319 -13.13549179
v 49.2874075 44.018319 -9.67182851
v -43.8520725 100.407249 19.03298518
v 1.6509475 101.874249 18.59831503
v -51.7261725 79.804619 20.44492261
v -18.8387325 97.631669 41.94791297
v 1.6509475 101.874249 18.59831503
v 62.7902275 59.472559 31.04704312
v 88.8992475 22.757579 26.87608906
v 98.3011675 7.376625 28.13311394
v 88.8992475 22.757579 26.87608906
v 72.8401875 30.874689 32.34216116
v -54.8326525 -45.433411 78.25988774
v -73.6064125 -18.207831 72.27497189
v -60.7774025 -20.934551 82.99662725
v 21.8526355 -90.661381 45.9436407
v 5.7391775 85.582749 -2.2897879
v 23.7718715 -44.458421 77.84840043
v -59.8925225 65.044809 20.57361319
v -53.3417125 25.936749 -2.03346
v -73.5520625 53.118029 19.50600084
v 42.7782875 -35.613321 -1.65589886
v 65.9631775 -17.071011 -3.71506177
v 57.5930575 40.807419 0.13954249
v 70.0802475 19.571839 -6.98836184
v 49.2874075 44.018319 -9.67182851
v 93.9894375 24.084129 17.90402002
v 39.9881375 71.156069 1.18070187
v -58.3015625 -75.060731 30.29303007
v -84.7898725 -44.991201 32.38887246
v -44.7508025 -41.976941 11.16249636
v -84.7898725 -44.991201 32.38887246
v -17.1546725 -79.871551 6.31685342
v 24.3499145 -87.432681 6.00638101
v -17.1546725 -79.871551 6.31685342
v 64.1540375 -32.020331 63.17721299
v 60.3272375 -60.401171 55.38237836
v -53.6783225 82.830639 41.75407343
v -39.5801825 94.941509 41.96100201
v -53.6783225 82.830639 41.75407343
v 57.5339575 -69.242211 10.98721516
v 38.3297475 61.355649 47.958003
v 46.8579975 51.754199 43.64520897
v -54.8326525 -45.433411 78.25988774
v 90.3378675 -9.267001 37.2518559
v 37.7573975 57.121459 -9.21367379
v 90.3378675 -9.267001 37.2518559
v 80.7446975 -10.664071 59.92821321
v 89.1575875 -9.733161 20.50874401
v 37.7573975 57.121459 -9.21367379
v 23.8986685 67.656309 -5.2051571
v 39.9881375 71.156069 1.18070187
v 93.9894375 24.084129 17.90402002
v 88.8992475 22.757579 26.87608906
v 79.1054275 7.00927 4.46730218
v 88.8992475 22.757579 26.87608906
v 63.7186875 55.899869 42.55153375
v 23.2044175 55.481809 56.19558831
v 46.8579975 51.754199 43.64520897
v 49.3713475 -100.613871 18.7484001
v 21.0095913 -63.328871 59.08258239
v 49.0961075 -100.057671 32.86007233
v -60.7774025 -20.934551 82.99662725
v -51.7261725 79.804619 20.44492261
v -27.9126625 56.666529 -1.57270447
v -60.9411225 27.672889 65.90440669
v -43.1644725 27.694219 69.79222392
v 72.8401875 30.874689 32.34216116
v -18.8387325 97.631669 41.94791297
vn -0.02719 0.21567 0.97609
vn 0.06004 -0.42219 0.90451
vn 0.20329 0.54916 0.81062
vn 0.08168 -0.67639 -0.732
vn -0.41341 -0.56482 -0.71419
vn -0.29372 -0.12258 -0.948
vn 0.14345 -0.19828 -0.96959
vn -0.77584 0.63082 0.01182
vn -0.31421 0.81795 0.4819
vn -0.51326 0.75347 -0.4109
vn -0.72793 0.34743 -0.59111
vn 0.80963 0.54843 0.20911
vn 0.85716 0.33244 0.3934
vn 0.97064 0.17933 -0.1603
vn -0.72296 0.52802 -0.44556
vn -0.63412 0.05887 -0.77099
vn -0.99148 -0.03244 -0.12615
vn -0.91168 0.40694 0.05695
vn -0.5964 -0.69227 0.40628
vn 0.17762 -0.88205 0.43639
vn -0.41721 -0.45969 0.78397
vn -0.3859 -0.20434 -0.89962
vn -0.34011 -0.12361 -0.93223
vn -0.22657 -0.09857 -0.969
vn -0.28995 0.19532 -0.9369
vn -0.00763 0.67414 -0.73856
vn 0.08775 0.58284 -0.80784
vn -0.143 -0.88359 0.44589
vn -0.28077 -0.95936 0.0284
vn 0.49839 -0.57117 -0.65221
vn 0.78624 -0.52625 -0.32386
vn 0.60841 -0.45663 -0.6491
vn -0.57283 0.46614 0.67422
vn 0.1172 0.51101 0.85155
vn 0.16017 0.6347 0.75598
vn 0.41478 0.88624 -0.20625
vn 0.66408 0.74297 -0.08363
vn 0.51127 0.71813 -0.47211
vn 0.54613 -0.04916 0.83626
vn 0.82675 0.0491 0.56042
vn 0.10468 -0.72437 0.68142
vn 0.49304 -0.82713 0.26974
vn 0.26771 -0.55205 0.78966
vn 0.01244 -0.38809 0.92154
vn 0.67645 0.12578 -0.72567
vn 0.01073 -0.09302 -0.99561
vn -0.22276 -0.11074 -0.96856
vn 0.02042 -0.01287 -0.99971
vn 0.72842 0.56577 -0.38639
vn 0.41186 0.56501 -0.71493
vn -0.34381 -0.93278 0.10826
vn -0.55754 -0.77051 -0.30896
vn -0.58369 -0.32054 -0.74603
vn 0.9441 -0.32936 -0.01417
vn 0.9681 -0.13878 -0.2086
vn 0.91107 -0.38788 0.13965
vn 0.46343 -0.80468 -0.37111
vn -0.87614 0.03166 0.48102
vn -0.8176 0.56071 0.1309
vn -0.6635 0.56528 0.49013
vn 0.79076 0.4656 0.39738
vn 0.29717 0.9187 0.26017
vn 0.58736 0.51301 0.62596
vn 0.89997 -0.13599 -0.4142
vn 0.99666 0.08162 0.00072
vn 0.87516 0.48288 0.03045
vn 0.46878 -0.73249 0.49366
vn 0.59332 -0.47959 0.6465
vn 0.48156 -0.56722 0.6681
vn -0.64194 -0.4318 -0.63361
vn -0.56632 -0.77708 -0.27463
vn -0.13509 0.5687 0.81138
vn -0.11326 0.62112 0.77549
vn 0.57557 0.78066 0.24351
vn 0.37108 0.7572 0.53754
vn 0.82786 -0.4025 0.3907
vn -0.80705 -0.57469 0.13565
vn -0.69148 0.51522 -0.50636
vn -0.54582 0.57255 -0.61177
vn -0.3953 0.46919 -0.78968
vn 0.94595 0.31716 -0.06771
vn 0.76619 0.59112 0.25205
vn -0.04092 -0.98081 0.19062
vn 0.52253 -0.27635 -0.80659
vn -0.56046 -0.11304 -0.82043
vn 0.28713 0.76904 0.57108
vn -0.05111 0.29049 -0.95551
vn 0.55402 0.45816 -0.69509
vn 0.21827 0.96238 -0.16179
vn 0.08577 0.88742 0.45291
vn 0.83775 0.48059 0.25925
vn -0.40947 0.04056 0.91142
vn 0.22145 -0.32122 -0.92075
vn 0.74454 0.52435 -0.41317
vn -0.88801 -0.38798 -0.24681
vn -0.61145 -0.28414 -0.73851
vn 0.71258 -0.68738 0.14052
vt 0.34686 0.41602
vt 0.47476 0.26739
vt 0.63001 0.66948
vt 0.37696 0.08886
vt 0.58825 0.12523
vt 0.49872 0.3354
vt 0.38584 0.3246
vt 0.80307 0.46695
vt 0.70241 0.57173
vt 0.72416 0.34085
vt 0.76424 0.35507
vt 0.65796 0.47487
vt 0.54669 0.65905
vt 0.54493 0.43249
vt 0.23504 0.34562
vt 0.36579 0.12872
vt 0.45452 0.49345
vt 0.32281 0.49177
vt 0.17914 0.81584
vt 0.50353 0.7955
vt 0.47476 0.9995
vt 0.21994 0.93725
vt 0.57721 0.44702
vt 0.69694 0.61682
vt 0.38415 0.60681
vt 0.53675 0.82719
vt 0.47171 0.92113
vt 0.37926 0.8349
vt 0.4975 0.60393
vt 0.37332 0.46876
vt 0.12936 0.28662
vt 0.09771 0.25824
vt 0.20803 0.17636
vt 0.18884 0.64256
vt 0.44982 0.83044
vt 0.42971 0.9151
vt 0.38148 0.34124
vt 0.20844 0.32563
vt 0.29735 0.16109
vt 0.75087 0.42594
vt 0.91013 0.45815
vt 0.92981 0.54669
vt 0.61032 0.07333
vt 0.74901 0.02813
vt 0.80619 0.21889
vt 0.69695 0.18937
vt 0.14416 0.60359
vt 0.2647 0.48008
vt 0.44413 0.43277
vt 0.30656 0.61384
vt 0.6957 0.21988
vt 0.78422 0.05642
vt 0.86974 0.32563
vt 0.20502 0.57521
vt 0.20228 0.45424
vt 0.7851 0.45137
vt 0.26831 0.43162
vt 0.46263 0.35571
vt 0.45815 0.75265
vt 0.19939 0.52549
vt 0.02545 0.33799
vt 0.57814 0.87698
vt 0.23004 0.48325
vt 0.77418 0.56965
vt 0.66948 0.90871
vt 0.68115 0.64479
vt 0.48747 0.45241
vt 0.57029 0.64757
vt 0.3058 0.63212
vt 0.25824 0.27763
vt 0.54316 0.19418
vt 0.02245 0.32948
vt 0.15799 0.21988
vt 0.1387 0.34552
vt 0.60603 0.74414
vt 0.69695 0.64831
vt 0.82567 0.78537
vt 0.62009 0.9331
vt 0.74566 0.26375
vt 0.93158 0.33176
vt 0.94472 0.46876
vt 0.85163 0.45424
vt 0.27934 0.64267
vt 0.416 0.71864
vt 0.35744 0.81283
vt 0.36999 0.90871
vt 0.16109 0.64479
vt 0.17655 0.57768
vt 0.26238 0.58869
vt 0.82567 0.35542
vt 0.25693 0.66082
vt 0.784 0.81584
vt 0.78962 0.59602
vt 0.54863 0.24967
vt 0.06491 0.46695
vt 0.17766 0.35637
vt 0.62981 0.6658
vt 0.64302 0.78203
vt 0.76481 0.33478
vt 0.70951 0.34552
vt 0.18128 0.46183
vt 0.61869 0.4885
vt 0.38165 0.33176
vt 0.75041 0.33799
vt 0.02813 0.48009
vt 0.28662 0.2122
vt 0.42733 0.11179
vt 0.64797 0.29384
vt 0.68994 0.25434
vt 0.13268 0.59602
vt 0.3828 0.71507
vt 0.584 0.78987
vt 0.6942 0.80459
vt 0.38132 0.74708
vt 0.25001 0.72119
vt 0.72416 0.99244
vt 0.49252 0.9995
vt 0.76424 0.89334
vt 0.59682 0.5716
vt 0.49252 0.33648
vt 0.79553 0.46183
vt 0.61892 0.41983
vt 0.9995 0.54493
vt 0.95164 0.61892
vt 0.86989 0.65796
vt 0.70911 0.93725
vt 0.12437 0.42186
vt 0.18968 0.40874
vt 0.61032 0.61183
vt 0.47171 0.12614
vt 0.62009 0.29558
vt 0.80582 0.82234
vt 0.77247 0.63421
vt 0.87535 0.76496
vt 0.28315 0.33813
vt 0.16512 0.42733
vt 0.70575 0.1506
vt 0.60359 0.07883
vt 0.72119 0.05181
vt 0.6253 0.32948
vt 0.85173 0.16109
vt 0.79772 0.14837
vt 0.93256 0.29302
vt 0.72874 0.30752
vt 0.70698 0.47534
vt 0.41175 0.21281
vt 0.62304 0.20968
vt 0.87477 0.21281
vt 0.35542 0.78537
vt 0.21889 0.70688
vt 0.09211 0.56965
vt 0.29759 0.96615
vt 0.22582 0.90789
vt 0.17636 0.25983
vt 0.80459 0.63212
vt 0.7584 0.58869
vt 0.21994 0.29089
vt 0.46487 0.52431
vt 0.30871 0.78422
vt 0.95896 0.52431
vt 0.91013 0.75265
vt 0.95295 0.35571
vt 0.30871 0.05642
vt 0.37926 0.09678
vt 0.29735 0.85173
vt 0.97755 0.32948
vt 0.95164 0.41983
vt 0.90178 0.19418
vt 0.04836 0.41983
vt 0.77835 0.57768
vt 0.6172 0.77633
vt 0.73762 0.7584
vt 0.24959 0.02545
vt 0.60603 0.20481
vt 0.74901 0.48009
vt 0.59126 0.98494
vt 0.10666 0.35507
vt 0.21797 0.13336
vt 0.81116 0.81283
vt 0.72066 0.85198
vt 0.13011 0.47487
vt 0.40318 0.97909

f 922/922/580 923/923/581 924/924/582
f 925/925/583 926/926/584 927/927/585
f 927/927/585 928/928/586 925/925/583
f 929/929/587 930/930/588 931/931/589
f 931/931/589 932/932/590 929/929/587
f 933/933/591 934/934/592 935/935/593
f 936/936/594 937/937/595 938/938/596
f 938/938/596 939/939/597 936/936/594
f 940/940/598 941/941/599 942/942/581
f 942/942/581 943/943/600 940/940/598
f 944/944/601 945/945/602 946/946/603
f 947/947/604 948/948/605 949/949/606
f 950/950/607 941/941/599 951/951/608
f 928/928/586 952/952/609 953/953/610
f 953/953/610 954/954/611 928/928/586
f 955/955/612 956/956/613 957/957/614
f 958/958/615 959/959/616 960/960/617
f 961/961/618 962/962/619 963/963/592
f 963/963/592 924/924/582 961/961/618
f 964/964/620 965/965/621 966/966/622
f 966/966/622 967/967/623 964/964/620
f 968/968/624 969/969/625 970/970/626
f 970/970/626 971/971/627 968/968/624
f 972/972/628 973/973/629 974/974/616
f 941/941/599 975/975/630 976/976/631
f 976/976/631 951/951/608 941/941/599
f 944/944/601 977/977/632 945/945/602
f 978/978/633 979/979/634 980/980/619
f 978/978/633 981/981/635 982/982/636
f 983/983/637 984/984/638 939/939/597
f 939/939/597 938/938/596 983/983/637
f 930/930/588 929/929/587 985/985/639
f 986/986/582 934/934/592 987/987/640
f 959/959/616 988/988/641 989/989/614
f 989/989/614 990/990/642 959/959/616
f 979/979/634 991/991/610 992/992/643
f 993/993/644 994/994/628 995/995/645
f 996/996/646 997/997/623 998/998/647
f 998/998/647 999/999/648 996/996/646
f 1000/1000/649 1001/1001/650 1002/1002/608
f 1002/1002/608 1003/1003/631 1000/1000/649
f 1004/1004/651 922/922/580 1005/1005/652
f 983/983/637 1006/1006/612 984/984/638
f 924/924/582 1005/1005/652 922/922/580
f 1007/1007/582 1008/1008/640 1009/1009/653
f 1009/1009/653 1010/1010/654 1007/1007/582
f 962/962/619 961/961/618 1011/1011/647
f 978/978/633 980/980/619 1012/1012/655
f 1013/1013/598 983/983/637 1014/1014/656
f 1015/1015/632 938/938/596 937/937/595
f 984/984/638 1016/1016/587 1017/1017/657
f 1017/1017/657 936/936/594 984/984/638
f 949/949/606 1018/1018/658 945/945/602
f 945/945/602 1019/1019/659 949/949/606
f 1020/1020/660 1021/1021/645 972/972/628
f 1009/1009/653 1022/1022/661 1010/1010/654
f 1023/1023/662 950/950/607 1024/1024/650
f 1024/1024/650 1025/1025/636 1023/1023/662
f 981/981/635 1026/1026/621 982/982/636
f 992/992/643 1027/1027/609 1028/1028/663
f 946/946/603 970/970/626 944/944/601
f 1029/1029/664 927/927/585 926/926/584
f 926/926/584 1030/1030/649 1029/1029/664
f 975/975/630 1031/1031/656 976/976/631
f 1032/1032/665 1033/1033/652 1007/1007/582
f 956/956/613 1034/1034/642 957/957/614
f 946/946/603 1018/1018/658 1035/1035/666
f 971/971/627 1036/1036/667 968/968/624
f 1037/1037/589 1038/1038/668 948/948/605
f 948/948/605 1039/1039/590 1037/1037/589
f 1040/1040/669 988/988/641 1041/1041/668
f 1041/1041/668 931/931/589 1040/1040/669
f 987/987/640 934/934/592 933/933/591
f 1042/1042/661 987/987/640 933/933/591
f 1043/1043/670 979/979/634 992/992/643
f 1044/1044/593 1045/1045/670 1046/1046/591
f 1047/1047/600 983/983/637 1013/1013/598
f 1004/1004/651 955/955/612 1048/1048/637
f 1048/1048/637 1049/1049/671 1004/1004/651
f 999/999/648 942/942/581 941/941/599
f 941/941/599 996/996/646 999/999/648
f 950/950/607 1050/1050/620 996/996/646
f 996/996/646 941/941/599 950/950/607
f 1051/1051/605 958/958/615 960/960/617
f 1052/1052/648 1011/1011/647 961/961/618
f 923/923/581 961/961/618 924/924/582
f 1053/1053/657 1054/1054/595 1055/1055/594
f 969/969/625 1056/1056/672 970/970/626
f 1056/1056/672 1057/1057/663 952/952/609
f 1058/1058/673 1059/1059/624 1060/1060/667
f 1058/1058/673 1061/1061/644 1059/1059/624
f 949/949/606 1035/1035/666 1018/1018/658
f 1062/1062/617 974/974/616 973/973/629
f 1063/1063/631 1064/1064/674 977/977/632
f 977/977/632 1065/1065/675 1063/1063/631
f 938/938/596 1066/1066/674 1014/1014/656
f 1014/1014/656 983/983/637 938/938/596
f 1066/1066/674 938/938/596 1015/1015/632
f 1019/1019/659 945/945/602 1054/1054/595
f 1054/1054/595 1053/1053/657 1019/1019/659
f 948/948/605 947/947/604 1039/1039/590
f 1067/1067/584 1068/1068/583 1025/1025/636
f 1025/1025/636 1024/1024/650 1067/1067/584
f 1001/1001/650 1000/1000/649 1069/1069/584
f 972/972/628 974/974/616 1020/1020/660
f 1022/1022/661 959/959/616 990/990/642
f 1070/1070/647 1012/1012/655 980/980/619
f 1026/1026/621 981/981/635 1012/1012/655
f 1012/1012/655 1071/1071/622 1026/1026/621
f 1006/1006/612 1072/1072/639 984/984/638
f 955/955/612 957/957/614 1073/1073/588
f 1073/1073/588 1074/1074/639 955/955/612
f 1075/1075/611 991/991/610 978/978/633
f 978/978/633 982/982/636 1075/1075/611
f 984/984/638 1072/1072/639 1016/1016/587
f 1065/1065/675 977/977/632 944/944/601
f 944/944/601 927/927/585 1029/1029/664
f 1029/1029/664 1065/1065/675 944/944/601
f 1010/1010/654 1032/1032/665 1007/1007/582
f 1076/1076/642 1077/1077/654 1042/1042/661
f 979/979/634 978/978/633 991/991/610
f 923/923/581 922/922/580 1078/1078/600
f 922/922/580 1004/1004/651 1049/1049/671
f 1079/1079/676 935/935/593 934/934/592
f 934/934/592 980/980/619 1079/1079/676
f 975/975/630 941/941/599 940/940/598
f 975/975/630 940/940/598 1031/1031/656
f 1036/1036/667 971/971/627 946/946/603
f 946/946/603 1035/1035/666 1036/1036/667
f 1080/1080/629 1036/1036/667 1035/1035/666
f 1035/1035/666 949/949/606 1080/1080/629
f 1081/1081/676 1082/1082/619 1083/1083/634
f 935/935/593 1079/1079/676 979/979/634
f 979/979/634 1043/1043/670 935/935/593
f 1084/1084/629 1085/1085/606 960/960/617
f 948/948/605 1086/1086/617 949/949/606
f 1087/1087/644 1088/1088/670 1089/1089/643
f 995/995/645 1090/1090/670 993/993/644
f 1091/1091/653 987/987/640 1042/1042/661
f 1071/1071/622 1012/1012/655 1070/1070/647
f 967/967/623 966/966/622 1011/1011/647
f 970/970/626 928/928/586 927/927/585
f 927/927/585 944/944/601 970/970/626
f 950/950/607 951/951/608 1024/1024/650
f 977/977/632 1054/1054/595 945/945/602
f 1040/1040/669 989/989/614 988/988/641
f 1092/1092/665 1093/1093/654 1034/1034/642
f 1034/1034/642 956/956/613 1092/1092/665
f 925/925/583 954/954/611 1094/1094/636
f 954/954/611 925/925/583 928/928/586
f 967/967/623 1095/1095/646 964/964/620
f 958/958/615 1051/1051/605 1041/1041/668
f 955/955/612 1005/1005/652 956/956/613
f 1005/1005/652 1092/1092/665 956/956/613
f 1096/1096/621 1023/1023/662 1025/1025/636
f 1023/1023/662 1096/1096/621 1050/1050/620
f 1066/1066/674 1003/1003/631 1014/1014/656
f 992/992/643 1059/1059/624 1061/1061/644
f 1028/1028/663 1059/1059/624 992/992/643
f 981/981/635 978/978/633 1012/1012/655
f 922/922/580 1049/1049/671 1078/1078/600
f 983/983/637 1047/1047/600 1097/1097/671
f 1017/1017/657 1098/1098/590 1099/1099/659
f 1098/1098/590 1017/1017/657 1016/1016/587
f 923/923/581 1052/1052/648 961/961/618
f 939/939/597 984/984/638 936/936/594
f 1021/1021/645 1020/1020/660 1042/1042/661
f 974/974/616 1042/1042/661 1020/1020/660
f 1100/1100/612 1101/1101/651 1033/1033/652
f 1090/1090/670 995/995/645 1102/1102/591
f 1042/1042/661 933/933/591 1021/1021/645
f 950/950/607 1023/1023/662 1050/1050/620
f 1065/1065/675 1030/1030/649 1063/1063/631
f 1030/1030/649 1065/1065/675 1029/1029/664
f 1018/1018/658 946/946/603 945/945/602
f 952/952/609 928/928/586 1056/1056/672
f 928/928/586 970/970/626 1056/1056/672
f 947/947/604 1019/1019/659 1039/1039/590
f 1019/1019/659 947/947/604 949/949/606
f 992/992/643 991/991/610 1027/1027/609
f 1060/1060/667 973/973/629 1058/1058/673
f 970/970/626 946/946/603 971/971/627
f 1056/1056/672 969/969/625 1057/1057/663
f 968/968/624 1057/1057/663 969/969/625
f 958/958/615 1041/1041/668 988/988/641
f 988/988/641 959/959/616 958/958/615
f 1103/1103/669 1073/1073/588 957/957/614
f 930/930/588 1040/1040/669 931/931/589
f 973/973/629 972/972/628 1058/1058/673
f 1061/1061/644 1058/1058/673 972/972/628
# Vertices: 182, normals: 97, texture coordinates: 182, faces: 190

o obj4
v -29.9009025 -19.421851 79.52786769
v -4.7759325 -50.320181 84.44240088
v 25.7201715 33.267579 75.42659932
v 24.3499145 -87.432681 6.00638101
v -17.1546725 -79.871551 6.31685342
v 0.4334275 -36.181151 -4.09688534
v 22.6070665 -38.425781 -4.93332532
v -59.3526625 88.483479 31.55549683
v -39.5801825 94.941509 41.96100201
v -43.8520725 100.407249 19.03298518
v -51.7261725 79.804619 20.44492261
v 72.8401875 30.874689 32.34216116
v 84.6123275 7.741535 50.6325169
v 98.3011675 7.376625 28.13311394
v -73.5520625 53.118029 19.50600084
v -53.3417125 25.936749 -2.03346
v -97.9388725 7.490623 34.18672255
v -92.9278725 34.871349 34.01990589
v -62.8478825 -61.002281 66.2038198
v 0.8751275 -73.178281 64.18346704
v -4.7759325 -50.320181 84.44240088
v -54.8326525 -45.433411 78.25988774
v -14.9851025 -12.976411 2.16186019
v -38.5045225 22.320689 -6.13201182
v 22.9383005 20.240789 -11.65348467
v -7.0377825 66.054559 -3.4044193
v 5.7391775 85.582749 -2.2897879
v 23.8986685 67.656309 -5.2051571
v -0.3096125 -90.038861 45.15841364
v -24.7025125 -94.413071 31.73551224
v 72.9888975 -46.321951 6.25655388
v 79.2050675 -52.221701 12.75489903
v 57.5339575 -69.242211 10.98721516
v -60.9411225 27.672889 65.90440669
v -9.6765425 66.729749 53.44594685
v -13.6256025 84.329699 49.49234432
v 23.4625105 89.100219 19.0709796
v 57.4531875 74.899889 17.52172248
v 39.9881375 71.156069 1.18070187
v 49.4602675 -17.360331 75.80659833
v 80.7446975 -10.664071 59.92821321
v 84.6123275 7.741535 50.6325169
v 21.8526355 -90.661381 45.9436407
v 49.0961075 -100.057671 32.86007233
v 60.3272375 -60.401171 55.38237836
v 38.8695875 -66.538501 49.56583164
v 70.0802475 19.571839 -6.98836184
v 46.4024375 -6.103731 -7.65271553
v 11.1554805 -15.939851 -5.52901642
v 38.1789975 21.701279 -14.76701894
v 67.3641475 38.718329 7.0197885
v 37.7573975 57.121459 -9.21367379
v 57.4531875 74.899889 17.52172248
v -57.7631325 -74.286701 42.30634195
v -58.3015625 -75.060731 30.29303007
v -55.8227625 -12.073941 9.97748313
v 79.0905775 -50.127661 28.0466473
v 89.1575875 -9.733161 20.50874401
v 80.7446975 -10.664071 59.92821321
v 76.6703875 -64.455011 37.36871369
v 49.3713475 -100.613871 18.7484001
v -73.6064125 -18.207831 72.27497189
v -77.1580025 54.156709 33.17403369
v -53.6783225 82.830639 41.75407343
v 25.7201715 33.267579 75.42659932
v 66.7548675 35.694529 49.21706858
v 2.6422275 101.005579 30.11125922
v -13.6256025 84.329699 49.49234432
v 38.3297475 61.355649 47.958003
v 79.2050675 -52.221701 12.75489903
v 79.1054275 7.00927 4.46730218
v 93.9894375 24.084129 17.90402002
v 67.3641475 38.718329 7.0197885
v 71.1543075 41.590699 19.49689995
v 21.0095913 -63.328871 59.08258239
v 38.8695875 -66.538501 49.56583164
v 64.1540375 -32.020331 63.17721299
v 23.7718715 -44.458421 77.84840043
v -37.1298925 -53.032531 11.37604626
v -23.0667525 -91.682021 18.12998421
v -24.7025125 -94.413071 31.73551224
v -58.3015625 -75.060731 30.29303007
v -43.1644725 27.694219 69.79222392
v -16.3186125 43.488819 63.62413834
v -60.9411225 27.672889 65.90440669
v 25.7201715 33.267579 75.42659932
v 66.7548675 35.694529 49.21706858
v 63.7186875 55.899869 42.55153375
v 46.8579975 51.754199 43.64520897
v 64.1540375 -32.020331 63.17721299
v 72.4891375 -52.493071 50.80809432
v -62.8478825 -61.002281 66.2038198
v -71.9734025 -62.171721 44.37293972
v -55.8227625 -12.073941 9.97748313
v -59.3526625 88.483479 31.55549683
v -59.8925225 65.044809 20.57361319
v -25.3185525 32.503309 -7.53326846
v -27.9126625 56.666529 -1.57270447
v 69.8934575 53.085189 18.43017081
v 71.1543075 41.590699 19.49689995
v 62.7902275 59.472559 31.04704312
v 23.4967205 -105.801371 33.695357
v -23.0667525 -91.682021 18.12998421
v 49.3713475 -100.613871 18.7484001
v 49.0961075 -100.057671 32.86007233
v 72.9888975 -46.321951 6.25655388
v 65.9631775 -17.071011 -3.71506177
v -28.8860125 -44.819861 5.06098933
v -37.1298925 -53.032531 11.37604626
v -71.9734025 -62.171721 44.37293972
v 23.2044175 55.481809 56.19558831
v -16.3186125 43.488819 63.62413834
v 38.3297475 61.355649 47.958003
v 23.4950835 49.400319 -13.13549179
v 49.2874075 44.018319 -9.67182851
v -43.8520725 100.407249 19.03298518
v 1.6509475 101.874249 18.59831503
v -51.7261725 79.804619 20.44492261
v -18.8387325 97.631669 41.94791297
v 1.6509475 101.874249 18.59831503
v 62.7902275 59.472559 31.04704312
v 88.8992475 22.757579 26.87608906
v 98.3011675 7.376625 28.13311394
v 88.8992475 22.757579 26.87608906
v 72.8401875 30.874689 32.34216116
v -54.8326525 -45.433411 78.25988774
v -73.6064125 -18.207831 72.27497189
v -60.7774025 -20.934551 82.99662725
v 21.8526355 -90.661381 45.9436407
v 5.7391775 85.582749 -2.2897879
v 23.7718715 -44.458421 77.84840043
v -59.8925225 65.044809 20.57361319
v -53.3417125 25.936749 -2.03346
v -73.5520625 53.118029 19.50600084
v 42.7782875 -35.613321 -1.65589886
v 65.9631775 -17.071011 -3.71506177
v 57.5930575 40.807419 0.13954249
v 70.0802475 19.571839 -6.98836184
v 49.2874075 44.018319 -9.67182851
v 93.9894375 24.084129 17.90402002
v 39.9881375 71.156069 1.18070187
v -58.3015625 -75.060731 30.29303007
v -84.7898725 -44.991201 32.38887246
v -44.7508025 -41.976941 11.16249636
v -84.7898725 -44.991201 32.38887246
v -17.1546725 -79.871551 6.31685342
v 24.3499145 -87.432681 6.00638101
v -17.1546725 -79.871551 6.31685342
v 64.1540375 -32.020331 63.17721299
v 60.3272375 -60.401171 55.38237836
v -53.6783225 82.830639 41.75407343
v -39.5801825 94.941509 41.96100201
v -53.6783225 82.830639 41.75407343
v 57.5339575 -69.242211 10.98721516
v 38.3297475 61.355649 47.958003
v 46.8579975 51.754199 43.64520897
v -54.8326525 -45.433411 78.25988774
v 90.3378675 -9.267001 37.2518559
v 37.7573975 57.121459 -9.21367379
v 90.3378675 -9.267001 37.2518559
v 80.7446975 -10.664071 59.92821321
v 89.1575875 -9.733161 20.50874401
v 37.7573975 57.121459 -9.21367379
v 23.8986685 67.656309 -5.2051571
v 39.9881375 71.156069 1.18070187
v 93.9894375 24.084129 17.90402002
v 88.8992475 22.757579 26.87608906
v 79.1054275 7.00927 4.46730218
v 88.8992475 22.757579 26.87608906
v 63.7186875 55.899869 42.55153375
v 23.2044175 55.481809 56.19558831
v 46.8579975 51.754199 43.64520897
v 49.3713475 -100.613871 18.7484001
v 21.0095913 -63.328871 59.08258239
v 49.0961075 -100.057671 32.86007233
v -60.7774025 -20.934551 82.99662725
v -51.7261725 79.804619 20.44492261
v -27.9126625 56.666529 -1.57270447
v -60.9411225 27.672889 65.90440669
v -43.1644725 27.694219 69.79222392
v 72.8401875 30.874689 32.34216116
v -18.8387325 97.631669 41.94791297
vn -0.02719 0.21567 0.97609
vn 0.06004 -0.42219 0.90451
vn 0.20329 0.54916 0.81062
vn 0.08168 -0.67639 -0.732
vn -0.41341 -0.56482 -0.71419
vn -0.29372 -0.12258 -0.948
vn 0.14345 -0.19828 -0.96959
vn -0.77584 0.63082 0.01182
vn -0.31421 0.81795 0.4819
vn -0.51326 0.75347 -0.4109
vn -0.72793 0.34743 -0.59111
vn 0.80963 0.54843 0.20911
vn 0.85716 0.33244 0.3934
vn 0.97064 0.17933 -0.1603
vn -0.72296 0.52802 -0.44556
vn -0.63412 0.05887 -0.77099
vn -0.99148 -0.03244 -0.12615
vn -0.91168 0.40694 0.05695
vn -0.5964 -0.69227 0.40628
vn 0.17762 -0.88205 0.43639
vn -0.41721 -0.45969 0.78397
vn -0.3859 -0.20434 -0.89962
vn -0.34011 -0.12361 -0.93223
vn -0.22657 -0.09857 -0.969
vn -0.28995 0.19532 -0.9369
vn -0.00763 0.67414 -0.73856
vn 0.08775 0.58284 -0.80784
vn -0.143 -0.88359 0.44589
vn -0.28077 -0.95936 0.0284
vn 0.49839 -0.57117 -0.65221
vn 0.78624 -0.52625 -0.32386
vn 0.60841 -0.45663 -0.6491
vn -0.57283 0.46614 0.67422
vn 0.1172 0.51101 0.85155
vn 0.16017 0.6347 0.75598
vn 0.41478 0.88624 -0.20625
vn 0.66408 0.74297 -0.08363
vn 0.51127 0.71813 -0.47211
vn 0.54613 -0.04916 0.83626
vn 0.82675 0.0491 0.56042
vn 0.10468 -0.72437 0.68142
vn 0.49304 -0.82713 0.26974
vn 0.26771 -0.55205 0.78966
vn 0.01244 -0.38809 0.92154
vn 0.67645 0.12578 -0.72567
vn 0.01073 -0.09302 -0.99561
vn -0.22276 -0.11074 -0.96856
vn 0.02042 -0.01287 -0.99971
vn 0.72842 0.56577 -0.38639
vn 0.41186 0.56501 -0.71493
vn -0.34381 -0.93278 0.10826
vn -0.55754 -0.77051 -0.30896
vn -0.58369 -0.32054 -0.74603
vn 0.9441 -0.32936 -0.01417
vn 0.9681 -0.13878 -0.2086
vn 0.91107 -0.38788 0.13965
vn 0.46343 -0.80468 -0.37111
vn -0.87614 0.03166 0.48102
vn -0.8176 0.56071 0.1309
vn -0.6635 0.56528 0.49013
vn 0.79076 0.4656 0.39738
vn 0.29717 0.9187 0.26017
vn 0.58736 0.51301 0.62596
vn 0.89997 -0.13599 -0.4142
vn 0.99666 0.08162 0.00072
vn 0.87516 0.48288 0.03045
vn 0.46878 -0.73249 0.49366
vn 0.59332 -0.47959 0.6465
vn 0.48156 -0.56722 0.6681
vn -0.64194 -0.4318 -0.63361
vn -0.56632 -0.77708 -0.27463
vn -0.13509 0.5687 0.81138
vn -0.11326 0.62112 0.77549
vn 0.57557 0.78066 0.24351
vn 0.37108 0.7572 0.53754
vn 0.82786 -0.4025 0.3907
vn -0.80705 -0.57469 0.13565
vn -0.69148 0.51522 -0.50636
vn -0.54582 0.57255 -0.61177
vn -0.3953 0.46919 -0.78968
vn 0.94595 0.31716 -0.06771
vn 0.76619 0.59112 0.25205
vn -0.04092 -0.98081 0.19062
vn 0.52253 -0.27635 -0.80659
vn -0.56046 -0.11304 -0.82043
vn 0.28713 0.76904 0.57108
vn -0.05111 0.29049 -0.95551
vn 0.55402 0.45816 -0.69509
vn 0.21827 0.96238 -0.16179
vn 0.08577 0.88742 0.45291
vn 0.83775 0.48059 0.25925
vn -0.40947 0.04056 0.91142
vn 0.22145 -0.32122 -0.92075
vn 0.74454 0.52435 -0.41317
vn -0.88801 -0.38798 -0.24681
vn -0.61145 -0.28414 -0.73851
vn 0.71258 -0.68738 0.14052
vt 0.34686 0.41602
vt 0.47476 0.26739
vt 0.63001 0.66948
vt 0.37696 0.08886
vt 0.58825 0.12523
vt 0.49872 0.3354
vt 0.38584 0.3246
vt 0.80307 0.46695
vt 0.70241 0.57173
vt 0.72416 0.34085
vt 0.76424 0.35507
vt 0.65796 0.47487
vt 0.54669 0.65905
vt 0.54493 0.43249
vt 0.23504 0.34562
vt 0.36579 0.12872
vt 0.45452 0.49345
vt 0.32281 0.49177
vt 0.17914 0.81584
vt 0.50353 0.7955
vt 0.47476 0.9995
vt 0.21994 0.93725
vt 0.57721 0.44702
vt 0.69694 0.61682
vt 0.38415 0.60681
vt 0.53675 0.82719
vt 0.47171 0.92113
vt 0.37926 0.8349
vt 0.4975 0.60393
vt 0.37332 0.46876
vt 0.12936 0.28662
vt 0.09771 0.25824
vt 0.20803 0.17636
vt 0.18884 0.64256
vt 0.44982 0.83044
vt 0.42971 0.9151
vt 0.38148 0.34124
vt 0.20844 0.32563
vt 0.29735 0.16109
vt 0.75087 0.42594
vt 0.91013 0.45815
vt 0.92981 0.54669
vt 0.61032 0.07333
vt 0.74901 0.02813
vt 0.80619 0.21889
vt 0.69695 0.18937
vt 0.14416 0.60359
vt 0.2647 0.48008
vt 0.44413 0.43277
vt 0.30656 0.61384
vt 0.6957 0.21988
vt 0.78422 0.05642
vt 0.86974 0.32563
vt 0.20502 0.57521
vt 0.20228 0.45424
vt 0.7851 0.45137
vt 0.26831 0.43162
vt 0.46263 0.35571
vt 0.45815 0.75265
vt 0.19939 0.52549
vt 0.02545 0.33799
vt 0.57814 0.87698
vt 0.23004 0.48325
vt 0.77418 0.56965
vt 0.66948 0.90871
vt 0.68115 0.64479
vt 0.48747 0.45241
vt 0.57029 0.64757
vt 0.3058 0.63212
vt 0.25824 0.27763
vt 0.54316 0.19418
vt 0.02245 0.32948
vt 0.15799 0.21988
vt 0.1387 0.34552
vt 0.60603 0.74414
vt 0.69695 0.64831
vt 0.82567 0.78537
vt 0.62009 0.9331
vt 0.74566 0.26375
vt 0.93158 0.33176
vt 0.94472 0.46876
vt 0.85163 0.45424
vt 0.27934 0.64267
vt 0.416 0.71864
vt 0.35744 0.81283
vt 0.36999 0.90871
vt 0.16109 0.64479
vt 0.17655 0.57768
vt 0.26238 0.58869
vt 0.82567 0.35542
vt 0.25693 0.66082
vt 0.784 0.81584
vt 0.78962 0.59602
vt 0.54863 0.24967
vt 0.06491 0.46695
vt 0.17766 0.35637
vt 0.62981 0.6658
vt 0.64302 0.78203
vt 0.76481 0.33478
vt 0.70951 0.34552
vt 0.18128 0.46183
vt 0.61869 0.4885
vt 0.38165 0.33176
vt 0.75041 0.33799
vt 0.02813 0.48009
vt 0.28662 0.2122
vt 0.42733 0.11179
vt 0.64797 0.29384
vt 0.68994 0.25434
vt 0.13268 0.59602
vt 0.3828 0.71507
vt 0.584 0.78987
vt 0.6942 0.80459
vt 0.38132 0.74708
vt 0.25001 0.72119
vt 0.72416 0.99244
vt 0.49252 0.9995
vt 0.76424 0.89334
vt 0.59682 0.5716
vt 0.49252 0.33648
vt 0.79553 0.46183
vt 0.61892 0.41983
vt 0.9995 0.54493
vt 0.95164 0.61892
vt 0.86989 0.65796
vt 0.70911 0.93725
vt 0.12437 0.42186
vt 0.18968 0.40874
vt 0.61032 0.61183
vt 0.47171 0.12614
vt 0.62009 0.29558
vt 0.80582 0.82234
vt 0.77247 0.63421
vt 0.87535 0.76496
vt 0.28315 0.33813
vt 0.16512 0.42733
vt 0.70575 0.1506
vt 0.60359 0.07883
vt 0.72119 0.05181
vt 0.6253 0.32948
vt 0.85173 0.16109
vt 0.79772 0.14837
vt 0.93256 0.29302
vt 0.72874 0.30752
vt 0.70698 0.47534
vt 0.41175 0.21281
vt 0.62304 0.20968
vt 0.87477 0.21281
vt 0.35542 0.78537
vt 0.21889 0.70688
vt 0.09211 0.56965
vt 0.29759 0.96615
vt 0.22582 0.90789
vt 0.17636 0.25983
vt 0.80459 0.63212
vt 0.7584 0.58869
vt 0.21994 0.29089
vt 0.46487 0.52431
vt 0.30871 0.78422
vt 0.95896 0.52431
vt 0.91013 0.75265
vt 0.95295 0.35571
vt 0.30871 0.05642
vt 0.37926 0.09678
vt 0.29735 0.85173
vt 0.97755 0.32948
vt 0.95164 0.41983
vt 0.90178 0.19418
vt 0.04836 0.41983
vt 0.77835 0.57768
vt 0.6172 0.77633
vt 0.73762 0.7584
vt 0.24959 0.02545
vt 0.60603 0.20481
vt 0.74901 0.48009
vt 0.59126 0.98494
vt 0.10666 0.35507
vt 0.21797 0.13336
vt 0.81116 0.81283
vt 0.72066 0.85198
vt 0.13011 0.47487
vt 0.40318 0.97909

f 1104/1104/677 1105/1105/678 1106/1106/679
f 1107/1107/680 1108/1108/681 1109/1109/682
f 1109/1109/682 1110/1110/683 1107/1107/680
f 1111/1111/684 1112/1112/685 1113/1113/686
f 1113/1113/686 1114/1114/687 1111/1111/684
f 1115/1115/688 1116/1116/689 1117/1117/690
f 1118/1118/691 1119/1119/692 1120/1120/693
f 1120/1120/693 1121/1121/694 1118/1118/691
f 1122/1122/695 1123/1123/696 1124/1124/678
f 1124/1124/678 1125/1125/697 1122/1122/695
f 1126/1126/698 1127/1127/699 1128/1128/700
f 1129/1129/701 1130/1130/702 1131/1131/703
f 1132/1132/704 1123/1123/696 1133/1133/705
f 1110/1110/683 1134/1134/706 1135/1135/707
f 1135/1135/707 1136/1136/708 1110/1110/683
f 1137/1137/709 1138/1138/710 1139/1139/711
f 1140/1140/712 1141/1141/713 1142/1142/714
f 1143/1143/715 1144/1144/716 1145/1145/689
f 1145/1145/689 1106/1106/679 1143/1143/715
f 1146/1146/717 1147/1147/718 1148/1148/719
f 1148/1148/719 1149/1149/720 1146/1146/717
f 1150/1150/721 1151/1151/722 1152/1152/723
f 1152/1152/723 1153/1153/724 1150/1150/721
f 1154/1154/725 1155/1155/726 1156/1156/713
f 1123/1123/696 1157/1157/727 1158/1158/728
f 1158/1158/728 1133/1133/705 1123/1123/696
f 1126/1126/698 1159/1159/729 1127/1127/699
f 1160/1160/730 1161/1161/731 1162/1162/716
f 1160/1160/730 1163/1163/732 1164/1164/733
f 1165/1165/734 1166/1166/735 1121/1121/694
f 1121/1121/694 1120/1120/693 1165/1165/734
f 1112/1112/685 1111/1111/684 1167/1167/736
f 1168/1168/679 1116/1116/689 1169/1169/737
f 1141/1141/713 1170/1170/738 1171/1171/711
f 1171/1171/711 1172/1172/739 1141/1141/713
f 1161/1161/731 1173/1173/707 1174/1174/740
f 1175/1175/741 1176/1176/725 1177/1177/742
f 1178/1178/743 1179/1179/720 1180/1180/744
f 1180/1180/744 1181/1181/745 1178/1178/743
f 1182/1182/746 1183/1183/747 1184/1184/705
f 1184/1184/705 1185/1185/728 1182/1182/746
f 1186/1186/748 1104/1104/677 1187/1187/749
f 1165/1165/734 1188/1188/709 1166/1166/735
f 1106/1106/679 1187/1187/749 1104/1104/677
f 1189/1189/679 1190/1190/737 1191/1191/750
f 1191/1191/750 1192/1192/751 1189/1189/679
f 1144/1144/716 1143/1143/715 1193/1193/744
f 1160/1160/730 1162/1162/716 1194/1194/752
f 1195/1195/695 1165/1165/734 1196/1196/753
f 1197/1197/729 1120/1120/693 1119/1119/692
f 1166/1166/735 1198/1198/684 1199/1199/754
f 1199/1199/754 1118/1118/691 1166/1166/735
f 1131/1131/703 1200/1200/755 1127/1127/699
f 1127/1127/699 1201/1201/756 1131/1131/703
f 1202/1202/757 1203/1203/742 1154/1154/725
f 1191/1191/750 1204/1204/758 1192/1192/751
f 1205/1205/759 1132/1132/704 1206/1206/747
f 1206/1206/747 1207/1207/733 1205/1205/759
f 1163/1163/732 1208/1208/718 1164/1164/733
f 1174/1174/740 1209/1209/706 1210/1210/760
f 1128/1128/700 1152/1152/723 1126/1126/698
f 1211/1211/761 1109/1109/682 1108/1108/681
f 1108/1108/681 1212/1212/746 1211/1211/761
f 1157/1157/727 1213/1213/753 1158/1158/728
f 1214/1214/762 1215/1215/749 1189/1189/679
f 1138/1138/710 1216/1216/739 1139/1139/711
f 1128/1128/700 1200/1200/755 1217/1217/763
f 1153/1153/724 1218/1218/764 1150/1150/721
f 1219/1219/686 1220/1220/765 1130/1130/702
f 1130/1130/702 1221/1221/687 1219/1219/686
f 1222/1222/766 1170/1170/738 1223/1223/765
f 1223/1223/765 1113/1113/686 1222/1222/766
f 1169/1169/737 1116/1116/689 1115/1115/688
f 1224/1224/758 1169/1169/737 1115/1115/688
f 1225/1225/767 1161/1161/731 1174/1174/740
f 1226/1226/690 1227/1227/767 1228/1228/688
f 1229/1229/697 1165/1165/734 1195/1195/695
f 1186/1186/748 1137/1137/709 1230/1230/734
f 1230/1230/734 1231/1231/768 1186/1186/748
f 1181/1181/745 1124/1124/678 1123/1123/696
f 1123/1123/696 1178/1178/743 1181/1181/745
f 1132/1132/704 1232/1232/717 1178/1178/743
f 1178/1178/743 1123/1123/696 1132/1132/704
f 1233/1233/702 1140/1140/712 1142/1142/714
f 1234/1234/745 1193/1193/744 1143/1143/715
f 1105/1105/678 1143/1143/715 1106/1106/679
f 1235/1235/754 1236/1236/692 1237/1237/691
f 1151/1151/722 1238/1238/769 1152/1152/723
f 1238/1238/769 1239/1239/760 1134/1134/706
f 1240/1240/770 1241/1241/721 1242/1242/764
f 1240/1240/770 1243/1243/741 1241/1241/721
f 1131/1131/703 1217/1217/763 1200/1200/755
f 1244/1244/714 1156/1156/713 1155/1155/726
f 1245/1245/728 1246/1246/771 1159/1159/729
f 1159/1159/729 1247/1247/772 1245/1245/728
f 1120/1120/693 1248/1248/771 1196/1196/753
f 1196/1196/753 1165/1165/734 1120/1120/693
f 1248/1248/771 1120/1120/693 1197/1197/729
f 1201/1201/756 1127/1127/699 1236/1236/692
f 1236/1236/692 1235/1235/754 1201/1201/756
f 1130/1130/702 1129/1129/701 1221/1221/687
f 1249/1249/681 1250/1250/680 1207/1207/733
f 1207/1207/733 1206/1206/747 1249/1249/681
f 1183/1183/747 1182/1182/746 1251/1251/681
f 1154/1154/725 1156/1156/713 1202/1202/757
f 1204/1204/758 1141/1141/713 1172/1172/739
f 1252/1252/744 1194/1194/752 1162/1162/716
f 1208/1208/718 1163/1163/732 1194/1194/752
f 1194/1194/752 1253/1253/719 1208/1208/718
f 1188/1188/709 1254/1254/736 1166/1166/735
f 1137/1137/709 1139/1139/711 1255/1255/685
f 1255/1255/685 1256/1256/736 1137/1137/709
f 1257/1257/708 1173/1173/707 1160/1160/730
f 1160/1160/730 1164/1164/733 1257/1257/708
f 1166/1166/735 1254/1254/736 1198/1198/684
f 1247/1247/772 1159/1159/729 1126/1126/698
f 1126/1126/698 1109/1109/682 1211/1211/761
f 1211/1211/761 1247/1247/772 1126/1126/698
f 1192/1192/751 1214/1214/762 1189/1189/679
f 1258/1258/739 1259/1259/751 1224/1224/758
f 1161/1161/731 1160/1160/730 1173/1173/707
f 1105/1105/678 1104/1104/677 1260/1260/697
f 1104/1104/677 1186/1186/748 1231/1231/768
f 1261/1261/773 1117/1117/690 1116/1116/689
f 1116/1116/689 1162/1162/716 1261/1261/773
f 1157/1157/727 1123/1123/696 1122/1122/695
f 1157/1157/727 1122/1122/695 1213/1213/753
f 1218/1218/764 1153/1153/724 1128/1128/700
f 1128/1128/700 1217/1217/763 1218/1218/764
f 1262/1262/726 1218/1218/764 1217/1217/763
f 1217/1217/763 1131/1131/703 1262/1262/726
f 1263/1263/773 1264/1264/716 1265/1265/731
f 1117/1117/690 1261/1261/773 1161/1161/731
f 1161/1161/731 1225/1225/767 1117/1117/690
f 1266/1266/726 1267/1267/703 1142/1142/714
f 1130/1130/702 1268/1268/714 1131/1131/703
f 1269/1269/741 1270/1270/767 1271/1271/740
f 1177/1177/742 1272/1272/767 1175/1175/741
f 1273/1273/750 1169/1169/737 1224/1224/758
f 1253/1253/719 1194/1194/752 1252/1252/744
f 1149/1149/720 1148/1148/719 1193/1193/744
f 1152/1152/723 1110/1110/683 1109/1109/682
f 1109/1109/682 1126/1126/698 1152/1152/723
f 1132/1132/704 1133/1133/705 1206/1206/747
f 1159/1159/729 1236/1236/692 1127/1127/699
f 1222/1222/766 1171/1171/711 1170/1170/738
f 1274/1274/762 1275/1275/751 1216/1216/739
f 1216/1216/739 1138/1138/710 1274/1274/762
f 1107/1107/680 1136/1136/708 1276/1276/733
f 1136/1136/708 1107/1107/680 1110/1110/683
f 1149/1149/720 1277/1277/743 1146/1146/717
f 1140/1140/712 1233/1233/702 1223/1223/765
f 1137/1137/709 1187/1187/749 1138/1138/710
f 1187/1187/749 1274/1274/762 1138/1138/710
f 1278/1278/718 1205/1205/759 1207/1207/733
f 1205/1205/759 1278/1278/718 1232/1232/717
f 1248/1248/771 1185/1185/728 1196/1196/753
f 1174/1174/740 1241/1241/721 1243/1243/741
f 1210/1210/760 1241/1241/721 1174/1174/740
f 1163/1163/732 1160/1160/730 1194/1194/752
f 1104/1104/677 1231/1231/768 1260/1260/697
f 1165/1165/734 1229/1229/697 1279/1279/768
f 1199/1199/754 1280/1280/687 1281/1281/756
f 1280/1280/687 1199/1199/754 1198/1198/684
f 1105/1105/678 1234/1234/745 1143/1143/715
f 1121/1121/694 1166/1166/735 1118/1118/691
f 1203/1203/742 1202/1202/757 1224/1224/758
f 1156/1156/713 1224/1224/758 1202/1202/757
f 1282/1282/709 1283/1283/748 1215/1215/749
f 1272/1272/767 1177/1177/742 1284/1284/688
f 1224/1224/758 1115/1115/688 1203/1203/742
f 1132/1132/704 1205/1205/759 1232/1232/717
f 1247/1247/772 1212/1212/746 1245/1245/728
f 1212/1212/746 1247/1247/772 1211/1211/761
f 1200/1200/755 1128/1128/700 1127/1127/699
f 1134/1134/706 1110/1110/683 1238/1238/769
f 1110/1110/683 1152/1152/723 1238/1238/769
f 1129/1129/701 1201/1201/756 1221/1221/687
f 1201/1201/756 1129/1129/701 1131/1131/703
f 1174/1174/740 1173/1173/707 1209/1209/706
f 1242/1242/764 1155/1155/726 1240/1240/770
f 1152/1152/723 1128/1128/700 1153/1153/724
f 1238/1238/769 1151/1151/722 1239/1239/760
f 1150/1150/721 1239/1239/760 1151/1151/722
f 1140/1140/712 1223/1223/765 1170/1170/738
f 1170/1170/738 1141/1141/713 1140/1140/712
f 1285/1285/766 1255/1255/685 1139/1139/711
f 1112/1112/685 1222/1222/766 1113/1113/686
f 1155/1155/726 1154/1154/725 1240/1240/770
f 1243/1243/741 1240/1240/770 1154/1154/725
# Vertices: 182, normals: 97, texture coordinates: 182, faces: 190

